2026-02-10 19:19:58,628 - Factify - INFO - Application shutting down...
2026-02-10 19:20:04,365 - Factify - INFO - Loading model from c:\Users\emon1\Desktop\zzz\Factify\models\saved_models\fake_news_detector.h5
2026-02-10 19:20:04,501 - Factify - INFO - Model loaded successfully
2026-02-10 19:20:04,502 - Factify - INFO - Loading tokenizer from c:\Users\emon1\Desktop\zzz\Factify\models\saved_models\tokenizer.pickle
2026-02-10 19:20:04,750 - Factify - INFO - Tokenizer loaded successfully
2026-02-10 19:20:04,754 - Factify - INFO - Application starting up...
2026-02-10 19:20:52,609 - Factify - INFO - Application shutting down...
2026-02-10 19:20:53,948 - Factify - INFO - Loading model from c:\Users\emon1\Desktop\zzz\Factify\models\saved_models\fake_news_detector.h5
2026-02-10 19:20:54,074 - Factify - INFO - Model loaded successfully
2026-02-10 19:20:54,074 - Factify - INFO - Loading tokenizer from c:\Users\emon1\Desktop\zzz\Factify\models\saved_models\tokenizer.pickle
2026-02-10 19:20:54,298 - Factify - INFO - Tokenizer loaded successfully
2026-02-10 19:20:54,303 - Factify - INFO - Application starting up...
2026-02-10 19:20:58,380 - Factify - INFO - Loading model from C:\Users\emon1\Desktop\zzz\Factify\models\saved_models\fake_news_detector.h5
2026-02-10 19:20:58,484 - Factify - INFO - Model loaded successfully
2026-02-10 19:20:58,485 - Factify - INFO - Loading tokenizer from C:\Users\emon1\Desktop\zzz\Factify\models\saved_models\tokenizer.pickle
2026-02-10 19:20:58,664 - Factify - INFO - Tokenizer loaded successfully
2026-02-10 19:20:58,668 - Factify - INFO - Application starting up...
2026-02-10 19:21:39,751 - Factify - INFO - Received prediction request for text length: 147
2026-02-10 19:21:39,751 - Factify - INFO - Making prediction for text: NASA confirmed the successful launch of a weather-...
2026-02-10 19:21:40,078 - Factify - INFO - Text preprocessing and padding successful
2026-02-10 19:21:40,078 - Factify - INFO - Calling model.predict on shape (1, 100) with dtype int32...
2026-02-10 19:21:40,396 - Factify - INFO - Raw prediction result: [[0.9949547]]
2026-02-10 19:21:40,397 - Factify - INFO - Prediction: REAL (probability: 0.9950)
2026-02-10 19:22:07,230 - Factify - INFO - Received prediction request for text length: 5310
2026-02-10 19:22:07,230 - Factify - INFO - Making prediction for text: Trump wants Postal Service to charge 'much more' f...
2026-02-10 19:22:07,233 - Factify - INFO - Text preprocessing and padding successful
2026-02-10 19:22:07,233 - Factify - INFO - Calling model.predict on shape (1, 100) with dtype int32...
2026-02-10 19:22:07,311 - Factify - INFO - Raw prediction result: [[0.87610894]]
2026-02-10 19:22:07,311 - Factify - INFO - Prediction: REAL (probability: 0.8761)
2026-02-10 19:22:21,598 - Factify - INFO - Received prediction request for text length: 145
2026-02-10 19:22:21,598 - Factify - INFO - Making prediction for text: The U.S. government secretly approved a law allowi...
2026-02-10 19:22:21,599 - Factify - INFO - Text preprocessing and padding successful
2026-02-10 19:22:21,599 - Factify - INFO - Calling model.predict on shape (1, 100) with dtype int32...
2026-02-10 19:22:21,676 - Factify - INFO - Raw prediction result: [[0.9612902]]
2026-02-10 19:22:21,676 - Factify - INFO - Prediction: REAL (probability: 0.9613)
2026-02-10 19:22:37,677 - Factify - INFO - Received prediction request for text length: 3714
2026-02-10 19:22:37,677 - Factify - INFO - Making prediction for text: Sheriff David Clarke Becomes An Internet Joke For ...
2026-02-10 19:22:37,681 - Factify - INFO - Text preprocessing and padding successful
2026-02-10 19:22:37,682 - Factify - INFO - Calling model.predict on shape (1, 100) with dtype int32...
2026-02-10 19:22:37,757 - Factify - INFO - Raw prediction result: [[0.00060136]]
2026-02-10 19:22:37,757 - Factify - INFO - Prediction: FAKE (probability: 0.0006)
2026-02-10 19:23:17,327 - Factify - INFO - Received prediction request for text length: 3714
2026-02-10 19:23:17,327 - Factify - INFO - Making prediction for text: Sheriff David Clarke Becomes An Internet Joke For ...
2026-02-10 19:23:17,329 - Factify - INFO - Text preprocessing and padding successful
2026-02-10 19:23:17,330 - Factify - INFO - Calling model.predict on shape (1, 100) with dtype int32...
2026-02-10 19:23:17,402 - Factify - INFO - Raw prediction result: [[0.00060136]]
2026-02-10 19:23:17,403 - Factify - INFO - Prediction: FAKE (probability: 0.0006)
2026-02-10 19:23:19,161 - Factify - INFO - Received prediction request for text length: 3714
2026-02-10 19:23:19,162 - Factify - INFO - Making prediction for text: Sheriff David Clarke Becomes An Internet Joke For ...
2026-02-10 19:23:19,164 - Factify - INFO - Text preprocessing and padding successful
2026-02-10 19:23:19,164 - Factify - INFO - Calling model.predict on shape (1, 100) with dtype int32...
2026-02-10 19:23:19,236 - Factify - INFO - Raw prediction result: [[0.00060136]]
2026-02-10 19:23:19,237 - Factify - INFO - Prediction: FAKE (probability: 0.0006)
2026-02-10 19:23:46,726 - Factify - INFO - Received prediction request for text length: 2132
2026-02-10 19:23:46,727 - Factify - INFO - Making prediction for text: Accused Child Molesting Senate Candidate Roy Moore...
2026-02-10 19:23:46,728 - Factify - INFO - Text preprocessing and padding successful
2026-02-10 19:23:46,728 - Factify - INFO - Calling model.predict on shape (1, 100) with dtype int32...
2026-02-10 19:23:46,801 - Factify - INFO - Raw prediction result: [[5.7942223e-05]]
2026-02-10 19:23:46,802 - Factify - INFO - Prediction: FAKE (probability: 0.0001)
2026-02-10 19:24:01,981 - Factify - INFO - Received prediction request for text length: 3075
2026-02-10 19:24:01,982 - Factify - INFO - Making prediction for text: DOJ CONTINUES OBSESSION WITH DISCREDITING FERGUSON...
2026-02-10 19:24:01,984 - Factify - INFO - Text preprocessing and padding successful
2026-02-10 19:24:01,984 - Factify - INFO - Calling model.predict on shape (1, 100) with dtype int32...
2026-02-10 19:24:02,062 - Factify - INFO - Raw prediction result: [[0.00120486]]
2026-02-10 19:24:02,062 - Factify - INFO - Prediction: FAKE (probability: 0.0012)
2026-02-10 19:24:26,264 - Factify - INFO - Received prediction request for text length: 2919
2026-02-10 19:24:26,265 - Factify - INFO - Making prediction for text: U.S. seeks meeting soon to revive Asia-Pacific 'Qu...
2026-02-10 19:24:26,267 - Factify - INFO - Text preprocessing and padding successful
2026-02-10 19:24:26,268 - Factify - INFO - Calling model.predict on shape (1, 100) with dtype int32...
2026-02-10 19:24:26,341 - Factify - INFO - Raw prediction result: [[0.99596614]]
2026-02-10 19:24:26,342 - Factify - INFO - Prediction: REAL (probability: 0.9960)
2026-02-10 19:24:36,838 - Factify - INFO - Received prediction request for text length: 2919
2026-02-10 19:24:36,838 - Factify - INFO - Making prediction for text: U.S. seeks meeting soon to revive Asia-Pacific 'Qu...
2026-02-10 19:24:36,840 - Factify - INFO - Text preprocessing and padding successful
2026-02-10 19:24:36,840 - Factify - INFO - Calling model.predict on shape (1, 100) with dtype int32...
2026-02-10 19:24:36,915 - Factify - INFO - Raw prediction result: [[0.99596614]]
2026-02-10 19:24:36,915 - Factify - INFO - Prediction: REAL (probability: 0.9960)
2026-02-10 19:25:07,646 - Factify - INFO - Received prediction request for text length: 2722
2026-02-10 19:25:07,647 - Factify - INFO - Making prediction for text: CROOKED HARRY REID Threatens FBI Director James Co...
2026-02-10 19:25:07,649 - Factify - INFO - Text preprocessing and padding successful
2026-02-10 19:25:07,649 - Factify - INFO - Calling model.predict on shape (1, 100) with dtype int32...
2026-02-10 19:25:07,723 - Factify - INFO - Raw prediction result: [[0.00593944]]
2026-02-10 19:25:07,723 - Factify - INFO - Prediction: FAKE (probability: 0.0059)
2026-02-10 19:26:07,539 - Factify - INFO - Received prediction request for text length: 2290
2026-02-10 19:26:07,539 - Factify - INFO - Making prediction for text: Norway says sunken Russian helicopter wreckage may...
2026-02-10 19:26:07,541 - Factify - INFO - Text preprocessing and padding successful
2026-02-10 19:26:07,541 - Factify - INFO - Calling model.predict on shape (1, 100) with dtype int32...
2026-02-10 19:26:07,620 - Factify - INFO - Raw prediction result: [[0.98960495]]
2026-02-10 19:26:07,621 - Factify - INFO - Prediction: REAL (probability: 0.9896)
2026-02-10 19:34:13,744 - Factify - INFO - Received prediction request for text length: 342
2026-02-10 19:34:13,744 - Factify - INFO - Making prediction for text: **Md Emon Hasan**  
**Email:** emon.mlengineer@gma...
2026-02-10 19:34:13,745 - Factify - INFO - Text preprocessing and padding successful
2026-02-10 19:34:13,745 - Factify - INFO - Calling model.predict on shape (1, 100) with dtype int32...
2026-02-10 19:34:13,830 - Factify - INFO - Raw prediction result: [[0.00170056]]
2026-02-10 19:34:13,831 - Factify - INFO - Prediction: FAKE (probability: 0.0017)
2026-02-10 19:37:52,070 - Factify - INFO - Received prediction request for text length: 342
2026-02-10 19:37:52,070 - Factify - INFO - Making prediction for text: **Md Emon Hasan**  
**Email:** emon.mlengineer@gma...
2026-02-10 19:37:52,071 - Factify - INFO - Text preprocessing and padding successful
2026-02-10 19:37:52,071 - Factify - INFO - Calling model.predict on shape (1, 100) with dtype int32...
2026-02-10 19:37:52,161 - Factify - INFO - Raw prediction result: [[0.00170056]]
2026-02-10 19:37:52,162 - Factify - INFO - Prediction: FAKE (probability: 0.0017)
2026-02-10 19:38:14,346 - Factify - INFO - Loading model from c:\Users\emon1\Desktop\zzz\Factify\models\saved_models\fake_news_detector.h5
2026-02-10 19:38:14,464 - Factify - INFO - Model loaded successfully
2026-02-10 19:38:14,466 - Factify - INFO - Loading tokenizer from c:\Users\emon1\Desktop\zzz\Factify\models\saved_models\tokenizer.pickle
2026-02-10 19:38:14,678 - Factify - INFO - Tokenizer loaded successfully
2026-02-10 19:38:14,683 - Factify - INFO - Application starting up...
2026-02-10 19:38:30,213 - Factify - INFO - Received prediction request for text length: 342
2026-02-10 19:38:30,213 - Factify - INFO - Making prediction for text: **Md Emon Hasan**  
**Email:** emon.mlengineer@gma...
2026-02-10 19:38:30,214 - Factify - INFO - Text preprocessing and padding successful
2026-02-10 19:38:30,215 - Factify - INFO - Calling model.predict on shape (1, 100) with dtype int32...
2026-02-10 19:38:30,331 - Factify - INFO - Raw prediction result: [[0.00170056]]
2026-02-10 19:38:30,331 - Factify - INFO - Prediction: FAKE (probability: 0.0017)
2026-02-10 20:53:13,892 - Factify - INFO - Loading model from C:\Users\emon1\Desktop\zzz\Factify\models\saved_models\fake_news_detector.h5
2026-02-10 20:53:14,665 - Factify - INFO - Model loaded successfully
2026-02-10 20:53:14,666 - Factify - INFO - Loading tokenizer from C:\Users\emon1\Desktop\zzz\Factify\models\saved_models\tokenizer.pickle
2026-02-10 20:53:14,855 - Factify - INFO - Tokenizer loaded successfully
2026-02-10 20:53:14,861 - Factify - INFO - Application starting up...
2026-02-10 20:54:57,509 - Factify - INFO - Received prediction request for text length: 2101
2026-02-10 20:54:57,509 - Factify - INFO - Making prediction for text: Barca's Valverde skirts independence debate as Ini...
2026-02-10 20:54:58,739 - Factify - INFO - Text preprocessing and padding successful
2026-02-10 20:54:58,740 - Factify - INFO - Calling model.predict on shape (1, 100) with dtype int32...
2026-02-10 20:54:59,975 - Factify - INFO - Raw prediction result: [[0.9268524]]
2026-02-10 20:54:59,976 - Factify - INFO - Prediction: REAL (probability: 0.9269)
2026-02-10 20:55:27,203 - Factify - INFO - Received prediction request for text length: 1757
2026-02-10 20:55:27,205 - Factify - INFO - Making prediction for text: WOW! Governor Kasich Just Revealed How He Did His ...
2026-02-10 20:55:27,208 - Factify - INFO - Text preprocessing and padding successful
2026-02-10 20:55:27,209 - Factify - INFO - Calling model.predict on shape (1, 100) with dtype int32...
2026-02-10 20:55:27,308 - Factify - INFO - Raw prediction result: [[0.00201357]]
2026-02-10 20:55:27,308 - Factify - INFO - Prediction: FAKE (probability: 0.0020)
2026-02-10 21:08:49,346 - Factify - INFO - Application shutting down...
2026-02-10 21:08:55,013 - Factify - INFO - Loading model from C:\Users\emon1\Desktop\zzz\Factify\models\saved_models\fake_news_detector.h5
2026-02-10 21:08:55,122 - Factify - INFO - Model loaded successfully
2026-02-10 21:08:55,124 - Factify - INFO - Loading tokenizer from C:\Users\emon1\Desktop\zzz\Factify\models\saved_models\tokenizer.pickle
2026-02-10 21:08:55,309 - Factify - INFO - Tokenizer loaded successfully
2026-02-10 21:08:55,313 - Factify - INFO - Application starting up...
2026-02-10 21:09:31,838 - Factify - INFO - Application shutting down...
2026-02-10 21:09:37,642 - Factify - INFO - Loading model from C:\Users\emon1\Desktop\zzz\Factify\models\saved_models\fake_news_detector.h5
2026-02-10 21:09:37,772 - Factify - INFO - Model loaded successfully
2026-02-10 21:09:37,773 - Factify - INFO - Loading tokenizer from C:\Users\emon1\Desktop\zzz\Factify\models\saved_models\tokenizer.pickle
2026-02-10 21:09:37,979 - Factify - INFO - Tokenizer loaded successfully
2026-02-10 21:09:37,983 - Factify - INFO - Application starting up...
2026-02-10 21:09:38,751 - Factify - INFO - Loading model from C:\Users\emon1\Desktop\zzz\Factify\models\saved_models\fake_news_detector.h5
2026-02-10 21:09:39,066 - Factify - INFO - Model loaded successfully
2026-02-10 21:09:39,067 - Factify - INFO - Loading tokenizer from C:\Users\emon1\Desktop\zzz\Factify\models\saved_models\tokenizer.pickle
2026-02-10 21:09:39,245 - Factify - INFO - Tokenizer loaded successfully
2026-02-10 21:09:39,949 - Factify - INFO - Received prediction request for text length: 9
2026-02-10 21:09:39,957 - Factify - INFO - Received prediction request for text length: 10
2026-02-10 21:09:39,957 - Factify - ERROR - Prediction error: Prediction failed
2026-02-10 21:09:39,966 - Factify - INFO - Application starting up...
2026-02-10 21:09:39,968 - Factify - INFO - Application shutting down...
2026-02-10 21:09:39,993 - Factify - INFO - Loading data from files...
2026-02-10 21:09:40,056 - Factify - INFO - Removing 1 duplicate entries
2026-02-10 21:09:40,084 - Factify - INFO - Data loaded successfully: 2 rows and 4 columns
2026-02-10 21:09:40,087 - Factify - INFO - Loading data from files...
2026-02-10 21:09:40,087 - Factify - ERROR - Error loading data: [Errno 2] No such file or directory: 'non_existent.csv'
2026-02-10 21:09:40,142 - Factify - INFO - Cleaning text data...
2026-02-10 21:09:40,144 - Factify - INFO - Text data cleaned successfully
2026-02-10 21:09:40,146 - Factify - INFO - Cleaning text data...
2026-02-10 21:09:40,147 - Factify - ERROR - Error cleaning dataframe: 'NoneType' object is not subscriptable
2026-02-10 21:09:40,995 - Factify - WARNING - Model file not found at path
2026-02-10 21:09:40,995 - Factify - WARNING - Tokenizer file not found at path
2026-02-10 21:09:40,997 - Factify - WARNING - Model file not found at bad_path
2026-02-10 21:09:40,997 - Factify - WARNING - Tokenizer file not found at bad_path
2026-02-10 21:09:40,998 - Factify - INFO - Making prediction for text: test...
2026-02-10 21:09:40,998 - Factify - ERROR - Error preprocessing text for prediction: Tokenizer not loaded
2026-02-10 21:09:40,999 - Factify - ERROR - Preprocessing failed: Tokenizer not loaded
2026-02-10 21:09:40,999 - Factify - ERROR - Error making prediction: Tokenizer not loaded
2026-02-10 21:09:41,033 - Factify - WARNING - Model file not found at p
2026-02-10 21:09:41,033 - Factify - WARNING - Tokenizer file not found at t
2026-02-10 21:09:41,033 - Factify - ERROR - Error preprocessing text for prediction: Tokenizer not loaded
2026-02-10 21:09:41,042 - Factify - INFO - Loading model from C:\Users\emon1\Desktop\zzz\Factify\models\saved_models\fake_news_detector.h5
2026-02-10 21:09:41,136 - Factify - INFO - Model loaded successfully
2026-02-10 21:09:41,137 - Factify - INFO - Loading tokenizer from C:\Users\emon1\Desktop\zzz\Factify\models\saved_models\tokenizer.pickle
2026-02-10 21:09:41,341 - Factify - INFO - Tokenizer loaded successfully
2026-02-10 21:09:41,344 - Factify - INFO - Tokenizing texts with vocab_size=100, max_length=100...
2026-02-10 21:09:41,345 - Factify - INFO - Tokenization and padding completed successfully
2026-02-10 21:09:41,347 - Factify - INFO - Tokenizing texts with vocab_size=10000, max_length=100...
2026-02-10 21:09:41,348 - Factify - ERROR - Error in tokenization process: 'NoneType' object is not iterable
2026-02-10 21:09:41,351 - Factify - INFO - Preparing data for model training...
2026-02-10 21:09:41,351 - Factify - INFO - Tokenizing texts with vocab_size=10000, max_length=100...
2026-02-10 21:09:41,352 - Factify - INFO - Tokenization and padding completed successfully
2026-02-10 21:09:41,355 - Factify - INFO - Data prepared: X_train shape=(1, 100), X_test shape=(1, 100)
2026-02-10 21:09:41,358 - Factify - INFO - Preparing data for model training...
2026-02-10 21:09:41,358 - Factify - ERROR - Error preparing data: DataFrame must contain 'clean_text' column
2026-02-10 21:09:41,360 - Factify - INFO - Building LSTM-GRU model with vocab_size=100, embedding_dim=100...
2026-02-10 21:09:41,383 - Factify - INFO - LSTM-GRU model built successfully
2026-02-10 21:09:41,386 - Factify - INFO - Building LSTM-GRU model with vocab_size=100, embedding_dim=100...
2026-02-10 21:09:41,407 - Factify - ERROR - Error building model: Build error
2026-02-10 21:09:41,413 - Factify - INFO - Training model for 1 epochs with batch_size=64...
2026-02-10 21:09:41,415 - Factify - INFO - Model training completed successfully
2026-02-10 21:09:41,420 - Factify - INFO - Training model for 5 epochs with batch_size=64...
2026-02-10 21:09:41,421 - Factify - ERROR - Error training model: 'NoneType' object has no attribute 'fit'
2026-02-10 21:09:41,460 - Factify - INFO - Model saved to model_path.h5
2026-02-10 21:09:41,463 - Factify - ERROR - Error saving model: expected str, bytes or os.PathLike object, not NoneType
2026-02-10 21:10:15,491 - Factify - INFO - Application shutting down...
2026-02-10 21:10:20,910 - Factify - INFO - Loading model from C:\Users\emon1\Desktop\zzz\Factify\models\saved_models\fake_news_detector.h5
2026-02-10 21:10:21,019 - Factify - INFO - Model loaded successfully
2026-02-10 21:10:21,020 - Factify - INFO - Loading tokenizer from C:\Users\emon1\Desktop\zzz\Factify\models\saved_models\tokenizer.pickle
2026-02-10 21:10:21,210 - Factify - INFO - Tokenizer loaded successfully
2026-02-10 21:10:21,214 - Factify - INFO - Application starting up...
2026-02-10 21:10:50,462 - Factify - INFO - Application shutting down...
2026-02-10 21:10:56,353 - Factify - INFO - Loading model from C:\Users\emon1\Desktop\zzz\Factify\models\saved_models\fake_news_detector.h5
2026-02-10 21:10:56,468 - Factify - INFO - Model loaded successfully
2026-02-10 21:10:56,468 - Factify - INFO - Loading tokenizer from C:\Users\emon1\Desktop\zzz\Factify\models\saved_models\tokenizer.pickle
2026-02-10 21:10:56,686 - Factify - INFO - Tokenizer loaded successfully
2026-02-10 21:10:56,691 - Factify - INFO - Application starting up...
2026-02-10 21:11:03,506 - Factify - INFO - Loading model from C:\Users\emon1\Desktop\zzz\Factify\models\saved_models\fake_news_detector.h5
2026-02-10 21:11:03,659 - Factify - INFO - Model loaded successfully
2026-02-10 21:11:03,659 - Factify - INFO - Loading tokenizer from C:\Users\emon1\Desktop\zzz\Factify\models\saved_models\tokenizer.pickle
2026-02-10 21:11:03,878 - Factify - INFO - Tokenizer loaded successfully
2026-02-10 21:11:04,587 - Factify - INFO - Received prediction request for text length: 9
2026-02-10 21:11:04,594 - Factify - INFO - Received prediction request for text length: 10
2026-02-10 21:11:04,596 - Factify - ERROR - Prediction error: Prediction failed
2026-02-10 21:11:04,603 - Factify - INFO - Application starting up...
2026-02-10 21:11:04,605 - Factify - INFO - Application shutting down...
2026-02-10 21:11:04,620 - Factify - INFO - Loading data from files...
2026-02-10 21:11:04,628 - Factify - INFO - Removing 1 duplicate entries
2026-02-10 21:11:04,631 - Factify - INFO - Data loaded successfully: 2 rows and 4 columns
2026-02-10 21:11:04,635 - Factify - INFO - Loading data from files...
2026-02-10 21:11:04,636 - Factify - ERROR - Error loading data: [Errno 2] No such file or directory: 'non_existent.csv'
2026-02-10 21:11:04,695 - Factify - INFO - Cleaning text data...
2026-02-10 21:11:04,698 - Factify - INFO - Text data cleaned successfully
2026-02-10 21:11:04,700 - Factify - INFO - Cleaning text data...
2026-02-10 21:11:04,701 - Factify - ERROR - Error cleaning dataframe: 'NoneType' object is not subscriptable
2026-02-10 21:11:05,561 - Factify - WARNING - Model file not found at path
2026-02-10 21:11:05,561 - Factify - WARNING - Tokenizer file not found at path
2026-02-10 21:11:05,563 - Factify - WARNING - Model file not found at bad_path
2026-02-10 21:11:05,564 - Factify - WARNING - Tokenizer file not found at bad_path
2026-02-10 21:11:05,565 - Factify - INFO - Making prediction for text: test...
2026-02-10 21:11:05,565 - Factify - INFO - Text preprocessing and padding successful
2026-02-10 21:11:05,565 - Factify - INFO - Calling model.predict on shape (1, 100) with dtype int32...
2026-02-10 21:11:05,566 - Factify - ERROR - Model prediction failed: 'NoneType' object has no attribute 'predict'
2026-02-10 21:11:05,574 - Factify - WARNING - Model file not found at p
2026-02-10 21:11:05,574 - Factify - WARNING - Tokenizer file not found at t
2026-02-10 21:11:05,575 - Factify - ERROR - Error preprocessing text for prediction: Tokenizer not loaded
2026-02-10 21:11:05,582 - Factify - WARNING - Model file not found at C:\Users\emon1\Desktop\zzz\Factify\models\saved_models\fake_news_detector.h5
2026-02-10 21:11:05,583 - Factify - WARNING - Tokenizer file not found at C:\Users\emon1\Desktop\zzz\Factify\models\saved_models\tokenizer.pickle
2026-02-10 21:11:05,584 - Factify - WARNING - Model file not found at dummy
2026-02-10 21:11:05,585 - Factify - WARNING - Tokenizer file not found at dummy
2026-02-10 21:11:05,587 - Factify - INFO - Making prediction for text: test...
2026-02-10 21:11:05,588 - Factify - INFO - Text preprocessing and padding successful
2026-02-10 21:11:05,588 - Factify - INFO - Calling model.predict on shape (1, 100) with dtype int32...
2026-02-10 21:11:05,589 - Factify - INFO - Raw prediction result: [[0.9]]
2026-02-10 21:11:05,590 - Factify - INFO - Prediction: REAL (probability: 0.9000)
2026-02-10 21:11:05,593 - Factify - INFO - Tokenizing texts with vocab_size=100, max_length=100...
2026-02-10 21:11:05,593 - Factify - INFO - Tokenization and padding completed successfully
2026-02-10 21:11:05,596 - Factify - INFO - Tokenizing texts with vocab_size=10000, max_length=100...
2026-02-10 21:11:05,596 - Factify - ERROR - Error in tokenization process: 'NoneType' object is not iterable
2026-02-10 21:11:05,600 - Factify - INFO - Preparing data for model training...
2026-02-10 21:11:05,600 - Factify - INFO - Tokenizing texts with vocab_size=10000, max_length=100...
2026-02-10 21:11:05,601 - Factify - INFO - Tokenization and padding completed successfully
2026-02-10 21:11:05,603 - Factify - INFO - Data prepared: X_train shape=(1, 100), X_test shape=(1, 100)
2026-02-10 21:11:05,606 - Factify - INFO - Preparing data for model training...
2026-02-10 21:11:05,606 - Factify - ERROR - Error preparing data: DataFrame must contain 'clean_text' column
2026-02-10 21:11:05,608 - Factify - INFO - Building LSTM-GRU model with vocab_size=100, embedding_dim=100...
2026-02-10 21:11:05,630 - Factify - INFO - LSTM-GRU model built successfully
2026-02-10 21:11:05,633 - Factify - INFO - Building LSTM-GRU model with vocab_size=100, embedding_dim=100...
2026-02-10 21:11:05,651 - Factify - ERROR - Error building model: Build error
2026-02-10 21:11:05,659 - Factify - INFO - Training model for 1 epochs with batch_size=64...
2026-02-10 21:11:05,660 - Factify - INFO - Model training completed successfully
2026-02-10 21:11:05,664 - Factify - INFO - Training model for 5 epochs with batch_size=64...
2026-02-10 21:11:05,665 - Factify - ERROR - Error training model: 'NoneType' object has no attribute 'fit'
2026-02-10 21:11:05,671 - Factify - INFO - Model saved to model_path.h5
2026-02-10 21:11:05,676 - Factify - ERROR - Error saving model: expected str, bytes or os.PathLike object, not NoneType
2026-02-10 21:12:04,460 - Factify - INFO - Application shutting down...
2026-02-10 21:12:09,849 - Factify - INFO - Loading model from C:\Users\emon1\Desktop\zzz\Factify\models\saved_models\fake_news_detector.h5
2026-02-10 21:12:09,957 - Factify - INFO - Model loaded successfully
2026-02-10 21:12:09,957 - Factify - INFO - Loading tokenizer from C:\Users\emon1\Desktop\zzz\Factify\models\saved_models\tokenizer.pickle
2026-02-10 21:12:10,131 - Factify - INFO - Tokenizer loaded successfully
2026-02-10 21:12:10,131 - Factify - INFO - Application starting up...
2026-02-10 21:13:55,010 - Factify - INFO - Loading model from C:\Users\emon1\Desktop\zzz\Factify\models\saved_models\fake_news_detector.h5
2026-02-10 21:13:55,173 - Factify - INFO - Model loaded successfully
2026-02-10 21:13:55,174 - Factify - INFO - Loading tokenizer from C:\Users\emon1\Desktop\zzz\Factify\models\saved_models\tokenizer.pickle
2026-02-10 21:13:55,369 - Factify - INFO - Tokenizer loaded successfully
2026-02-10 21:13:56,172 - Factify - INFO - Received prediction request for text length: 9
2026-02-10 21:13:56,179 - Factify - INFO - Received prediction request for text length: 10
2026-02-10 21:13:56,180 - Factify - ERROR - Prediction error: Prediction failed
2026-02-10 21:13:56,189 - Factify - INFO - Application starting up...
2026-02-10 21:13:56,190 - Factify - INFO - Application shutting down...
2026-02-10 21:13:56,205 - Factify - INFO - Loading data from files...
2026-02-10 21:13:56,214 - Factify - INFO - Removing 1 duplicate entries
2026-02-10 21:13:56,217 - Factify - INFO - Data loaded successfully: 2 rows and 4 columns
2026-02-10 21:13:56,221 - Factify - INFO - Loading data from files...
2026-02-10 21:13:56,222 - Factify - ERROR - Error loading data: [Errno 2] No such file or directory: 'non_existent.csv'
2026-02-10 21:13:56,281 - Factify - INFO - Cleaning text data...
2026-02-10 21:13:56,283 - Factify - INFO - Text data cleaned successfully
2026-02-10 21:13:56,286 - Factify - INFO - Cleaning text data...
2026-02-10 21:13:56,287 - Factify - ERROR - Error cleaning dataframe: 'NoneType' object is not subscriptable
2026-02-10 21:13:57,145 - Factify - WARNING - Model file not found at path
2026-02-10 21:13:57,145 - Factify - WARNING - Tokenizer file not found at path
2026-02-10 21:13:57,148 - Factify - WARNING - Model file not found at bad_path
2026-02-10 21:13:57,149 - Factify - WARNING - Tokenizer file not found at bad_path
2026-02-10 21:13:57,150 - Factify - INFO - Making prediction for text: test...
2026-02-10 21:13:57,150 - Factify - INFO - Text preprocessing and padding successful
2026-02-10 21:13:57,150 - Factify - INFO - Calling model.predict on shape (1, 100) with dtype int32...
2026-02-10 21:13:57,151 - Factify - ERROR - Model prediction failed: 'NoneType' object has no attribute 'predict'
2026-02-10 21:13:57,161 - Factify - WARNING - Model file not found at p
2026-02-10 21:13:57,161 - Factify - WARNING - Tokenizer file not found at t
2026-02-10 21:13:57,162 - Factify - ERROR - Error preprocessing text for prediction: Tokenizer not loaded
2026-02-10 21:13:57,171 - Factify - WARNING - Model file not found at C:\Users\emon1\Desktop\zzz\Factify\models\saved_models\fake_news_detector.h5
2026-02-10 21:13:57,171 - Factify - WARNING - Tokenizer file not found at C:\Users\emon1\Desktop\zzz\Factify\models\saved_models\tokenizer.pickle
2026-02-10 21:13:57,174 - Factify - WARNING - Model file not found at dummy
2026-02-10 21:13:57,175 - Factify - WARNING - Tokenizer file not found at dummy
2026-02-10 21:13:57,178 - Factify - INFO - Making prediction for text: test...
2026-02-10 21:13:57,178 - Factify - INFO - Text preprocessing and padding successful
2026-02-10 21:13:57,179 - Factify - INFO - Calling model.predict on shape (1, 100) with dtype int32...
2026-02-10 21:13:57,180 - Factify - INFO - Raw prediction result: [[0.9]]
2026-02-10 21:13:57,180 - Factify - INFO - Prediction: REAL (probability: 0.9000)
2026-02-10 21:13:57,185 - Factify - WARNING - Model file not found at p
2026-02-10 21:13:57,185 - Factify - WARNING - Tokenizer file not found at t
2026-02-10 21:13:57,485 - Factify - INFO - Tokenizing texts with vocab_size=100, max_length=100...
2026-02-10 21:13:57,486 - Factify - INFO - Tokenization and padding completed successfully
2026-02-10 21:13:57,488 - Factify - INFO - Tokenizing texts with vocab_size=10000, max_length=100...
2026-02-10 21:13:57,489 - Factify - ERROR - Error in tokenization process: 'NoneType' object is not iterable
2026-02-10 21:13:57,491 - Factify - INFO - Preparing data for model training...
2026-02-10 21:13:57,491 - Factify - INFO - Tokenizing texts with vocab_size=10000, max_length=100...
2026-02-10 21:13:57,492 - Factify - INFO - Tokenization and padding completed successfully
2026-02-10 21:13:57,494 - Factify - INFO - Data prepared: X_train shape=(1, 100), X_test shape=(1, 100)
2026-02-10 21:13:57,496 - Factify - INFO - Preparing data for model training...
2026-02-10 21:13:57,497 - Factify - ERROR - Error preparing data: DataFrame must contain 'clean_text' column
2026-02-10 21:13:57,499 - Factify - INFO - Building LSTM-GRU model with vocab_size=100, embedding_dim=100...
2026-02-10 21:13:57,519 - Factify - INFO - LSTM-GRU model built successfully
2026-02-10 21:13:57,522 - Factify - INFO - Building LSTM-GRU model with vocab_size=100, embedding_dim=100...
2026-02-10 21:13:57,536 - Factify - ERROR - Error building model: Build error
2026-02-10 21:13:57,540 - Factify - INFO - Training model for 1 epochs with batch_size=64...
2026-02-10 21:13:57,542 - Factify - INFO - Model training completed successfully
2026-02-10 21:13:57,545 - Factify - INFO - Training model for 5 epochs with batch_size=64...
2026-02-10 21:13:57,545 - Factify - ERROR - Error training model: 'NoneType' object has no attribute 'fit'
2026-02-10 21:13:57,551 - Factify - INFO - Model saved to model_path.h5
2026-02-10 21:13:57,554 - Factify - ERROR - Error saving model: expected str, bytes or os.PathLike object, not NoneType
2026-02-10 21:14:49,046 - Factify - INFO - Application shutting down...
2026-02-10 21:14:55,371 - Factify - INFO - Loading model from C:\Users\emon1\Desktop\zzz\Factify\models\saved_models\fake_news_detector.h5
2026-02-10 21:14:55,518 - Factify - INFO - Model loaded successfully
2026-02-10 21:14:55,519 - Factify - INFO - Loading tokenizer from C:\Users\emon1\Desktop\zzz\Factify\models\saved_models\tokenizer.pickle
2026-02-10 21:14:55,733 - Factify - INFO - Tokenizer loaded successfully
2026-02-10 21:14:55,741 - Factify - INFO - Application starting up...
2026-02-10 21:15:02,445 - Factify - INFO - Loading model from C:\Users\emon1\Desktop\zzz\Factify\models\saved_models\fake_news_detector.h5
2026-02-10 21:15:02,730 - Factify - INFO - Model loaded successfully
2026-02-10 21:15:02,731 - Factify - INFO - Loading tokenizer from C:\Users\emon1\Desktop\zzz\Factify\models\saved_models\tokenizer.pickle
2026-02-10 21:15:02,913 - Factify - INFO - Tokenizer loaded successfully
2026-02-10 21:15:03,640 - Factify - INFO - Received prediction request for text length: 9
2026-02-10 21:15:03,649 - Factify - INFO - Received prediction request for text length: 10
2026-02-10 21:15:03,650 - Factify - ERROR - Prediction error: Prediction failed
2026-02-10 21:15:03,659 - Factify - INFO - Application starting up...
2026-02-10 21:15:03,660 - Factify - INFO - Application shutting down...
2026-02-10 21:15:03,674 - Factify - INFO - Loading data from files...
2026-02-10 21:15:03,681 - Factify - INFO - Removing 1 duplicate entries
2026-02-10 21:15:03,684 - Factify - INFO - Data loaded successfully: 2 rows and 4 columns
2026-02-10 21:15:03,687 - Factify - INFO - Loading data from files...
2026-02-10 21:15:03,688 - Factify - ERROR - Error loading data: [Errno 2] No such file or directory: 'non_existent.csv'
2026-02-10 21:15:03,744 - Factify - INFO - Cleaning text data...
2026-02-10 21:15:03,746 - Factify - INFO - Text data cleaned successfully
2026-02-10 21:15:03,749 - Factify - INFO - Cleaning text data...
2026-02-10 21:15:03,750 - Factify - ERROR - Error cleaning dataframe: 'NoneType' object is not subscriptable
2026-02-10 21:15:04,612 - Factify - WARNING - Model file not found at path
2026-02-10 21:15:04,613 - Factify - WARNING - Tokenizer file not found at path
2026-02-10 21:15:04,615 - Factify - WARNING - Model file not found at bad_path
2026-02-10 21:15:04,615 - Factify - WARNING - Tokenizer file not found at bad_path
2026-02-10 21:15:04,616 - Factify - INFO - Making prediction for text: test...
2026-02-10 21:15:04,616 - Factify - INFO - Text preprocessing and padding successful
2026-02-10 21:15:04,617 - Factify - INFO - Calling model.predict on shape (1, 100) with dtype int32...
2026-02-10 21:15:04,617 - Factify - ERROR - Model prediction failed: 'NoneType' object has no attribute 'predict'
2026-02-10 21:15:04,625 - Factify - WARNING - Model file not found at p
2026-02-10 21:15:04,626 - Factify - WARNING - Tokenizer file not found at t
2026-02-10 21:15:04,626 - Factify - ERROR - Error preprocessing text for prediction: Tokenizer not loaded
2026-02-10 21:15:04,632 - Factify - WARNING - Model file not found at C:\Users\emon1\Desktop\zzz\Factify\models\saved_models\fake_news_detector.h5
2026-02-10 21:15:04,633 - Factify - WARNING - Tokenizer file not found at C:\Users\emon1\Desktop\zzz\Factify\models\saved_models\tokenizer.pickle
2026-02-10 21:15:04,636 - Factify - WARNING - Model file not found at dummy
2026-02-10 21:15:04,637 - Factify - WARNING - Tokenizer file not found at dummy
2026-02-10 21:15:04,640 - Factify - INFO - Making prediction for text: test...
2026-02-10 21:15:04,641 - Factify - INFO - Text preprocessing and padding successful
2026-02-10 21:15:04,641 - Factify - INFO - Calling model.predict on shape (1, 100) with dtype int32...
2026-02-10 21:15:04,642 - Factify - INFO - Raw prediction result: [[0.9]]
2026-02-10 21:15:04,643 - Factify - INFO - Prediction: REAL (probability: 0.9000)
2026-02-10 21:15:04,646 - Factify - WARNING - Model file not found at p
2026-02-10 21:15:04,646 - Factify - WARNING - Tokenizer file not found at t
2026-02-10 21:15:04,650 - Factify - INFO - Tokenizing texts with vocab_size=100, max_length=100...
2026-02-10 21:15:04,651 - Factify - INFO - Tokenization and padding completed successfully
2026-02-10 21:15:04,655 - Factify - INFO - Tokenizing texts with vocab_size=10000, max_length=100...
2026-02-10 21:15:04,656 - Factify - ERROR - Error in tokenization process: 'NoneType' object is not iterable
2026-02-10 21:15:04,658 - Factify - INFO - Preparing data for model training...
2026-02-10 21:15:04,659 - Factify - INFO - Tokenizing texts with vocab_size=10000, max_length=100...
2026-02-10 21:15:04,660 - Factify - INFO - Tokenization and padding completed successfully
2026-02-10 21:15:04,662 - Factify - INFO - Data prepared: X_train shape=(1, 100), X_test shape=(1, 100)
2026-02-10 21:15:04,664 - Factify - INFO - Preparing data for model training...
2026-02-10 21:15:04,665 - Factify - ERROR - Error preparing data: DataFrame must contain 'clean_text' column
2026-02-10 21:15:04,667 - Factify - INFO - Building LSTM-GRU model with vocab_size=100, embedding_dim=100...
2026-02-10 21:15:04,687 - Factify - INFO - LSTM-GRU model built successfully
2026-02-10 21:15:04,691 - Factify - INFO - Building LSTM-GRU model with vocab_size=100, embedding_dim=100...
2026-02-10 21:15:04,707 - Factify - ERROR - Error building model: Build error
2026-02-10 21:15:04,711 - Factify - INFO - Training model for 1 epochs with batch_size=64...
2026-02-10 21:15:04,712 - Factify - INFO - Model training completed successfully
2026-02-10 21:15:04,715 - Factify - INFO - Training model for 5 epochs with batch_size=64...
2026-02-10 21:15:04,716 - Factify - ERROR - Error training model: 'NoneType' object has no attribute 'fit'
2026-02-10 21:15:04,719 - Factify - INFO - Model saved to model_path.h5
2026-02-10 21:15:04,723 - Factify - ERROR - Error saving model: expected str, bytes or os.PathLike object, not NoneType
2026-02-10 21:16:26,208 - Factify - INFO - Loading model from C:\Users\emon1\Desktop\zzz\Factify\models\saved_models\fake_news_detector.h5
2026-02-10 21:16:26,963 - Factify - INFO - Model loaded successfully
2026-02-10 21:16:26,964 - Factify - INFO - Loading tokenizer from C:\Users\emon1\Desktop\zzz\Factify\models\saved_models\tokenizer.pickle
2026-02-10 21:16:27,147 - Factify - INFO - Tokenizer loaded successfully
2026-02-10 21:16:27,835 - Factify - INFO - Received prediction request for text length: 9
2026-02-10 21:16:27,842 - Factify - INFO - Received prediction request for text length: 10
2026-02-10 21:16:27,843 - Factify - ERROR - Prediction error: Prediction failed
2026-02-10 21:16:27,851 - Factify - INFO - Application starting up...
2026-02-10 21:16:27,852 - Factify - INFO - Application shutting down...
2026-02-10 21:16:27,868 - Factify - INFO - Loading data from files...
2026-02-10 21:16:27,881 - Factify - INFO - Removing 1 duplicate entries
2026-02-10 21:16:27,889 - Factify - INFO - Data loaded successfully: 2 rows and 4 columns
2026-02-10 21:16:27,898 - Factify - INFO - Loading data from files...
2026-02-10 21:16:27,901 - Factify - ERROR - Error loading data: [Errno 2] No such file or directory: 'non_existent.csv'
2026-02-10 21:16:27,977 - Factify - INFO - Cleaning text data...
2026-02-10 21:16:27,979 - Factify - INFO - Text data cleaned successfully
2026-02-10 21:16:27,982 - Factify - INFO - Cleaning text data...
2026-02-10 21:16:27,982 - Factify - ERROR - Error cleaning dataframe: 'NoneType' object is not subscriptable
2026-02-10 21:16:28,848 - Factify - WARNING - Model file not found at path
2026-02-10 21:16:28,849 - Factify - WARNING - Tokenizer file not found at path
2026-02-10 21:16:28,851 - Factify - WARNING - Model file not found at bad_path
2026-02-10 21:16:28,852 - Factify - WARNING - Tokenizer file not found at bad_path
2026-02-10 21:16:28,852 - Factify - INFO - Making prediction for text: test...
2026-02-10 21:16:28,853 - Factify - INFO - Text preprocessing and padding successful
2026-02-10 21:16:28,854 - Factify - INFO - Calling model.predict on shape (1, 100) with dtype int32...
2026-02-10 21:16:28,855 - Factify - ERROR - Model prediction failed: 'NoneType' object has no attribute 'predict'
2026-02-10 21:16:28,863 - Factify - WARNING - Model file not found at p
2026-02-10 21:16:28,863 - Factify - WARNING - Tokenizer file not found at t
2026-02-10 21:16:28,864 - Factify - ERROR - Error preprocessing text for prediction: Tokenizer not loaded
2026-02-10 21:16:28,871 - Factify - WARNING - Model file not found at C:\Users\emon1\Desktop\zzz\Factify\models\saved_models\fake_news_detector.h5
2026-02-10 21:16:28,871 - Factify - WARNING - Tokenizer file not found at C:\Users\emon1\Desktop\zzz\Factify\models\saved_models\tokenizer.pickle
2026-02-10 21:16:28,874 - Factify - WARNING - Model file not found at dummy
2026-02-10 21:16:28,875 - Factify - WARNING - Tokenizer file not found at dummy
2026-02-10 21:16:28,877 - Factify - INFO - Making prediction for text: test...
2026-02-10 21:16:28,877 - Factify - INFO - Text preprocessing and padding successful
2026-02-10 21:16:28,877 - Factify - INFO - Calling model.predict on shape (1, 100) with dtype int32...
2026-02-10 21:16:28,878 - Factify - INFO - Raw prediction result: [[0.9]]
2026-02-10 21:16:28,879 - Factify - INFO - Prediction: REAL (probability: 0.9000)
2026-02-10 21:16:28,882 - Factify - WARNING - Model file not found at p
2026-02-10 21:16:28,883 - Factify - WARNING - Tokenizer file not found at t
2026-02-10 21:16:28,888 - Factify - INFO - Tokenizing texts with vocab_size=100, max_length=100...
2026-02-10 21:16:28,888 - Factify - INFO - Tokenization and padding completed successfully
2026-02-10 21:16:28,891 - Factify - INFO - Tokenizing texts with vocab_size=10000, max_length=100...
2026-02-10 21:16:28,892 - Factify - ERROR - Error in tokenization process: 'NoneType' object is not iterable
2026-02-10 21:16:28,895 - Factify - INFO - Preparing data for model training...
2026-02-10 21:16:28,896 - Factify - INFO - Tokenizing texts with vocab_size=10000, max_length=100...
2026-02-10 21:16:28,896 - Factify - INFO - Tokenization and padding completed successfully
2026-02-10 21:16:28,898 - Factify - INFO - Data prepared: X_train shape=(1, 100), X_test shape=(1, 100)
2026-02-10 21:16:28,901 - Factify - INFO - Preparing data for model training...
2026-02-10 21:16:28,902 - Factify - ERROR - Error preparing data: DataFrame must contain 'clean_text' column
2026-02-10 21:16:28,905 - Factify - INFO - Building LSTM-GRU model with vocab_size=100, embedding_dim=100...
2026-02-10 21:16:28,926 - Factify - INFO - LSTM-GRU model built successfully
2026-02-10 21:16:28,929 - Factify - INFO - Building LSTM-GRU model with vocab_size=100, embedding_dim=100...
2026-02-10 21:16:28,946 - Factify - ERROR - Error building model: Build error
2026-02-10 21:16:28,952 - Factify - INFO - Training model for 1 epochs with batch_size=64...
2026-02-10 21:16:28,953 - Factify - INFO - Model training completed successfully
2026-02-10 21:16:28,957 - Factify - INFO - Training model for 5 epochs with batch_size=64...
2026-02-10 21:16:28,958 - Factify - ERROR - Error training model: 'NoneType' object has no attribute 'fit'
2026-02-10 21:16:28,962 - Factify - INFO - Model saved to model_path.h5
2026-02-10 21:16:28,967 - Factify - ERROR - Error saving model: expected str, bytes or os.PathLike object, not NoneType
2026-02-10 21:17:23,637 - Factify - INFO - Application shutting down...
2026-02-10 21:17:29,491 - Factify - INFO - Loading model from C:\Users\emon1\Desktop\zzz\Factify\models\saved_models\fake_news_detector.h5
2026-02-10 21:17:29,612 - Factify - INFO - Model loaded successfully
2026-02-10 21:17:29,613 - Factify - INFO - Loading tokenizer from C:\Users\emon1\Desktop\zzz\Factify\models\saved_models\tokenizer.pickle
2026-02-10 21:17:29,842 - Factify - INFO - Tokenizer loaded successfully
2026-02-10 21:17:29,847 - Factify - INFO - Application starting up...
2026-02-10 21:17:38,353 - Factify - INFO - Loading model from C:\Users\emon1\Desktop\zzz\Factify\models\saved_models\fake_news_detector.h5
2026-02-10 21:17:38,506 - Factify - INFO - Model loaded successfully
2026-02-10 21:17:38,507 - Factify - INFO - Loading tokenizer from C:\Users\emon1\Desktop\zzz\Factify\models\saved_models\tokenizer.pickle
2026-02-10 21:17:38,693 - Factify - INFO - Tokenizer loaded successfully
2026-02-10 21:17:39,456 - Factify - INFO - Received prediction request for text length: 9
2026-02-10 21:17:39,464 - Factify - INFO - Received prediction request for text length: 10
2026-02-10 21:17:39,465 - Factify - ERROR - Prediction error: Prediction failed
2026-02-10 21:17:39,473 - Factify - INFO - Application starting up...
2026-02-10 21:17:39,474 - Factify - INFO - Application shutting down...
2026-02-10 21:17:39,489 - Factify - INFO - Loading data from files...
2026-02-10 21:17:39,496 - Factify - INFO - Removing 1 duplicate entries
2026-02-10 21:17:39,499 - Factify - INFO - Data loaded successfully: 2 rows and 4 columns
2026-02-10 21:17:39,504 - Factify - INFO - Loading data from files...
2026-02-10 21:17:39,504 - Factify - ERROR - Error loading data: [Errno 2] No such file or directory: 'non_existent.csv'
2026-02-10 21:17:39,605 - Factify - INFO - Cleaning text data...
2026-02-10 21:17:39,608 - Factify - INFO - Text data cleaned successfully
2026-02-10 21:17:39,611 - Factify - INFO - Cleaning text data...
2026-02-10 21:17:39,613 - Factify - ERROR - Error cleaning dataframe: 'NoneType' object is not subscriptable
2026-02-10 21:17:40,489 - Factify - WARNING - Model file not found at path
2026-02-10 21:17:40,489 - Factify - WARNING - Tokenizer file not found at path
2026-02-10 21:17:40,491 - Factify - WARNING - Model file not found at bad_path
2026-02-10 21:17:40,492 - Factify - WARNING - Tokenizer file not found at bad_path
2026-02-10 21:17:40,493 - Factify - INFO - Making prediction for text: test...
2026-02-10 21:17:40,493 - Factify - INFO - Text preprocessing and padding successful
2026-02-10 21:17:40,494 - Factify - INFO - Calling model.predict on shape (1, 100) with dtype int32...
2026-02-10 21:17:40,494 - Factify - ERROR - Model prediction failed: 'NoneType' object has no attribute 'predict'
2026-02-10 21:17:40,502 - Factify - WARNING - Model file not found at p
2026-02-10 21:17:40,503 - Factify - WARNING - Tokenizer file not found at t
2026-02-10 21:17:40,503 - Factify - ERROR - Error preprocessing text for prediction: Tokenizer not loaded
2026-02-10 21:17:40,510 - Factify - WARNING - Model file not found at C:\Users\emon1\Desktop\zzz\Factify\models\saved_models\fake_news_detector.h5
2026-02-10 21:17:40,511 - Factify - WARNING - Tokenizer file not found at C:\Users\emon1\Desktop\zzz\Factify\models\saved_models\tokenizer.pickle
2026-02-10 21:17:40,513 - Factify - WARNING - Model file not found at dummy
2026-02-10 21:17:40,513 - Factify - WARNING - Tokenizer file not found at dummy
2026-02-10 21:17:40,516 - Factify - INFO - Making prediction for text: test...
2026-02-10 21:17:40,517 - Factify - INFO - Text preprocessing and padding successful
2026-02-10 21:17:40,517 - Factify - INFO - Calling model.predict on shape (1, 100) with dtype int32...
2026-02-10 21:17:40,519 - Factify - INFO - Raw prediction result: [[0.9]]
2026-02-10 21:17:40,519 - Factify - INFO - Prediction: REAL (probability: 0.9000)
2026-02-10 21:17:40,522 - Factify - WARNING - Model file not found at p
2026-02-10 21:17:40,522 - Factify - WARNING - Tokenizer file not found at t
2026-02-10 21:17:40,526 - Factify - INFO - Tokenizing texts with vocab_size=100, max_length=100...
2026-02-10 21:17:40,526 - Factify - INFO - Tokenization and padding completed successfully
2026-02-10 21:17:40,529 - Factify - INFO - Tokenizing texts with vocab_size=10000, max_length=100...
2026-02-10 21:17:40,529 - Factify - ERROR - Error in tokenization process: 'NoneType' object is not iterable
2026-02-10 21:17:40,532 - Factify - INFO - Preparing data for model training...
2026-02-10 21:17:40,533 - Factify - INFO - Tokenizing texts with vocab_size=10000, max_length=100...
2026-02-10 21:17:40,534 - Factify - INFO - Tokenization and padding completed successfully
2026-02-10 21:17:40,535 - Factify - INFO - Data prepared: X_train shape=(1, 100), X_test shape=(1, 100)
2026-02-10 21:17:40,538 - Factify - INFO - Preparing data for model training...
2026-02-10 21:17:40,539 - Factify - ERROR - Error preparing data: DataFrame must contain 'clean_text' column
2026-02-10 21:17:40,541 - Factify - INFO - Building LSTM-GRU model with vocab_size=100, embedding_dim=100...
2026-02-10 21:17:40,564 - Factify - INFO - LSTM-GRU model built successfully
2026-02-10 21:17:40,568 - Factify - INFO - Building LSTM-GRU model with vocab_size=100, embedding_dim=100...
2026-02-10 21:17:40,584 - Factify - ERROR - Error building model: Build error
2026-02-10 21:17:40,590 - Factify - INFO - Training model for 1 epochs with batch_size=64...
2026-02-10 21:17:40,591 - Factify - INFO - Model training completed successfully
2026-02-10 21:17:40,596 - Factify - INFO - Training model for 5 epochs with batch_size=64...
2026-02-10 21:17:40,596 - Factify - ERROR - Error training model: 'NoneType' object has no attribute 'fit'
2026-02-10 21:17:40,602 - Factify - INFO - Model saved to model_path.h5
2026-02-10 21:17:40,605 - Factify - ERROR - Error saving model: expected str, bytes or os.PathLike object, not NoneType
2026-02-10 21:19:12,919 - Factify - INFO - Loading model from C:\Users\emon1\Desktop\zzz\Factify\models\saved_models\fake_news_detector.h5
2026-02-10 21:19:13,072 - Factify - INFO - Model loaded successfully
2026-02-10 21:19:13,073 - Factify - INFO - Loading tokenizer from C:\Users\emon1\Desktop\zzz\Factify\models\saved_models\tokenizer.pickle
2026-02-10 21:19:13,255 - Factify - INFO - Tokenizer loaded successfully
2026-02-10 21:19:13,945 - Factify - INFO - Received prediction request for text length: 9
2026-02-10 21:19:13,953 - Factify - INFO - Received prediction request for text length: 10
2026-02-10 21:19:13,954 - Factify - ERROR - Prediction error: Prediction failed
2026-02-10 21:19:13,963 - Factify - INFO - Application starting up...
2026-02-10 21:19:13,964 - Factify - INFO - Application shutting down...
2026-02-10 21:19:13,978 - Factify - INFO - Loading data from files...
2026-02-10 21:19:13,985 - Factify - INFO - Removing 1 duplicate entries
2026-02-10 21:19:13,988 - Factify - INFO - Data loaded successfully: 2 rows and 4 columns
2026-02-10 21:19:13,992 - Factify - INFO - Loading data from files...
2026-02-10 21:19:13,993 - Factify - ERROR - Error loading data: [Errno 2] No such file or directory: 'non_existent.csv'
2026-02-10 21:19:14,049 - Factify - INFO - Cleaning text data...
2026-02-10 21:19:14,051 - Factify - INFO - Text data cleaned successfully
2026-02-10 21:19:14,053 - Factify - INFO - Cleaning text data...
2026-02-10 21:19:14,054 - Factify - ERROR - Error cleaning dataframe: 'NoneType' object is not subscriptable
2026-02-10 21:19:14,893 - Factify - WARNING - Model file not found at path
2026-02-10 21:19:14,893 - Factify - WARNING - Tokenizer file not found at path
2026-02-10 21:19:14,896 - Factify - WARNING - Model file not found at bad_path
2026-02-10 21:19:14,896 - Factify - WARNING - Tokenizer file not found at bad_path
2026-02-10 21:19:14,897 - Factify - INFO - Making prediction for text: test...
2026-02-10 21:19:14,897 - Factify - INFO - Text preprocessing and padding successful
2026-02-10 21:19:14,898 - Factify - INFO - Calling model.predict on shape (1, 100) with dtype int32...
2026-02-10 21:19:14,898 - Factify - ERROR - Model prediction failed: 'NoneType' object has no attribute 'predict'
2026-02-10 21:19:14,906 - Factify - WARNING - Model file not found at p
2026-02-10 21:19:14,906 - Factify - WARNING - Tokenizer file not found at t
2026-02-10 21:19:14,907 - Factify - ERROR - Error preprocessing text for prediction: Tokenizer not loaded
2026-02-10 21:19:14,914 - Factify - WARNING - Model file not found at C:\Users\emon1\Desktop\zzz\Factify\models\saved_models\fake_news_detector.h5
2026-02-10 21:19:14,914 - Factify - WARNING - Tokenizer file not found at C:\Users\emon1\Desktop\zzz\Factify\models\saved_models\tokenizer.pickle
2026-02-10 21:19:14,917 - Factify - WARNING - Model file not found at dummy
2026-02-10 21:19:14,918 - Factify - WARNING - Tokenizer file not found at dummy
2026-02-10 21:19:14,920 - Factify - INFO - Making prediction for text: test...
2026-02-10 21:19:14,920 - Factify - INFO - Text preprocessing and padding successful
2026-02-10 21:19:14,921 - Factify - INFO - Calling model.predict on shape (1, 100) with dtype int32...
2026-02-10 21:19:14,922 - Factify - INFO - Raw prediction result: [[0.9]]
2026-02-10 21:19:14,923 - Factify - INFO - Prediction: REAL (probability: 0.9000)
2026-02-10 21:19:14,926 - Factify - WARNING - Model file not found at p
2026-02-10 21:19:14,926 - Factify - WARNING - Tokenizer file not found at t
2026-02-10 21:19:14,930 - Factify - INFO - Tokenizing texts with vocab_size=100, max_length=100...
2026-02-10 21:19:14,931 - Factify - INFO - Tokenization and padding completed successfully
2026-02-10 21:19:14,933 - Factify - INFO - Tokenizing texts with vocab_size=10000, max_length=100...
2026-02-10 21:19:14,933 - Factify - ERROR - Error in tokenization process: 'NoneType' object is not iterable
2026-02-10 21:19:14,935 - Factify - INFO - Preparing data for model training...
2026-02-10 21:19:14,936 - Factify - INFO - Tokenizing texts with vocab_size=10000, max_length=100...
2026-02-10 21:19:14,937 - Factify - INFO - Tokenization and padding completed successfully
2026-02-10 21:19:14,938 - Factify - INFO - Data prepared: X_train shape=(1, 100), X_test shape=(1, 100)
2026-02-10 21:19:14,941 - Factify - INFO - Preparing data for model training...
2026-02-10 21:19:14,942 - Factify - ERROR - Error preparing data: DataFrame must contain 'clean_text' column
2026-02-10 21:19:14,944 - Factify - INFO - Building LSTM-GRU model with vocab_size=100, embedding_dim=100...
2026-02-10 21:19:14,975 - Factify - INFO - LSTM-GRU model built successfully
2026-02-10 21:19:14,980 - Factify - INFO - Building LSTM-GRU model with vocab_size=100, embedding_dim=100...
2026-02-10 21:19:15,008 - Factify - ERROR - Error building model: Build error
2026-02-10 21:19:15,022 - Factify - INFO - Training model for 1 epochs with batch_size=64...
2026-02-10 21:19:15,023 - Factify - INFO - Model training completed successfully
2026-02-10 21:19:15,027 - Factify - INFO - Training model for 5 epochs with batch_size=64...
2026-02-10 21:19:15,028 - Factify - ERROR - Error training model: 'NoneType' object has no attribute 'fit'
2026-02-10 21:19:15,034 - Factify - INFO - Model saved to model_path.h5
2026-02-10 21:19:15,036 - Factify - ERROR - Error saving model: expected str, bytes or os.PathLike object, not NoneType
2026-02-10 21:19:34,797 - Factify - INFO - Application shutting down...
2026-02-10 21:19:40,673 - Factify - INFO - Loading model from C:\Users\emon1\Desktop\zzz\Factify\models\saved_models\fake_news_detector.h5
2026-02-10 21:19:40,796 - Factify - INFO - Model loaded successfully
2026-02-10 21:19:40,797 - Factify - INFO - Loading tokenizer from C:\Users\emon1\Desktop\zzz\Factify\models\saved_models\tokenizer.pickle
2026-02-10 21:19:40,997 - Factify - INFO - Tokenizer loaded successfully
2026-02-10 21:19:41,005 - Factify - INFO - Application starting up...
2026-02-10 21:19:48,891 - Factify - INFO - Loading model from C:\Users\emon1\Desktop\zzz\Factify\models\saved_models\fake_news_detector.h5
2026-02-10 21:19:49,042 - Factify - INFO - Model loaded successfully
2026-02-10 21:19:49,042 - Factify - INFO - Loading tokenizer from C:\Users\emon1\Desktop\zzz\Factify\models\saved_models\tokenizer.pickle
2026-02-10 21:19:49,227 - Factify - INFO - Tokenizer loaded successfully
2026-02-10 21:19:49,940 - Factify - INFO - Received prediction request for text length: 9
2026-02-10 21:19:49,948 - Factify - INFO - Received prediction request for text length: 10
2026-02-10 21:19:49,948 - Factify - ERROR - Prediction error: Prediction failed
2026-02-10 21:19:49,957 - Factify - INFO - Application starting up...
2026-02-10 21:19:49,958 - Factify - INFO - Application shutting down...
2026-02-10 21:19:49,973 - Factify - INFO - Loading data from files...
2026-02-10 21:19:49,982 - Factify - INFO - Removing 1 duplicate entries
2026-02-10 21:19:49,985 - Factify - INFO - Data loaded successfully: 2 rows and 4 columns
2026-02-10 21:19:49,988 - Factify - INFO - Loading data from files...
2026-02-10 21:19:49,989 - Factify - ERROR - Error loading data: [Errno 2] No such file or directory: 'non_existent.csv'
2026-02-10 21:19:50,049 - Factify - INFO - Cleaning text data...
2026-02-10 21:19:50,051 - Factify - INFO - Text data cleaned successfully
2026-02-10 21:19:50,056 - Factify - INFO - Cleaning text data...
2026-02-10 21:19:50,056 - Factify - ERROR - Error cleaning dataframe: 'NoneType' object is not subscriptable
2026-02-10 21:19:50,940 - Factify - WARNING - Model file not found at path
2026-02-10 21:19:50,940 - Factify - WARNING - Tokenizer file not found at path
2026-02-10 21:19:50,942 - Factify - WARNING - Model file not found at bad_path
2026-02-10 21:19:50,943 - Factify - WARNING - Tokenizer file not found at bad_path
2026-02-10 21:19:50,944 - Factify - INFO - Making prediction for text: test...
2026-02-10 21:19:50,944 - Factify - INFO - Text preprocessing and padding successful
2026-02-10 21:19:50,944 - Factify - INFO - Calling model.predict on shape (1, 100) with dtype int32...
2026-02-10 21:19:50,945 - Factify - ERROR - Model prediction failed: 'NoneType' object has no attribute 'predict'
2026-02-10 21:19:50,953 - Factify - WARNING - Model file not found at p
2026-02-10 21:19:50,953 - Factify - WARNING - Tokenizer file not found at t
2026-02-10 21:19:50,953 - Factify - ERROR - Error preprocessing text for prediction: Tokenizer not loaded
2026-02-10 21:19:50,961 - Factify - WARNING - Model file not found at C:\Users\emon1\Desktop\zzz\Factify\models\saved_models\fake_news_detector.h5
2026-02-10 21:19:50,961 - Factify - WARNING - Tokenizer file not found at C:\Users\emon1\Desktop\zzz\Factify\models\saved_models\tokenizer.pickle
2026-02-10 21:19:50,963 - Factify - WARNING - Model file not found at dummy
2026-02-10 21:19:50,964 - Factify - WARNING - Tokenizer file not found at dummy
2026-02-10 21:19:50,966 - Factify - INFO - Making prediction for text: test...
2026-02-10 21:19:50,967 - Factify - INFO - Text preprocessing and padding successful
2026-02-10 21:19:50,967 - Factify - INFO - Calling model.predict on shape (1, 100) with dtype int32...
2026-02-10 21:19:50,969 - Factify - INFO - Raw prediction result: [[0.9]]
2026-02-10 21:19:50,969 - Factify - INFO - Prediction: REAL (probability: 0.9000)
2026-02-10 21:19:50,972 - Factify - WARNING - Model file not found at p
2026-02-10 21:19:50,972 - Factify - WARNING - Tokenizer file not found at t
2026-02-10 21:19:50,976 - Factify - INFO - Tokenizing texts with vocab_size=100, max_length=100...
2026-02-10 21:19:50,977 - Factify - INFO - Tokenization and padding completed successfully
2026-02-10 21:19:50,979 - Factify - INFO - Tokenizing texts with vocab_size=10000, max_length=100...
2026-02-10 21:19:50,979 - Factify - ERROR - Error in tokenization process: 'NoneType' object is not iterable
2026-02-10 21:19:50,981 - Factify - INFO - Preparing data for model training...
2026-02-10 21:19:50,983 - Factify - INFO - Tokenizing texts with vocab_size=10000, max_length=100...
2026-02-10 21:19:50,983 - Factify - INFO - Tokenization and padding completed successfully
2026-02-10 21:19:50,985 - Factify - INFO - Data prepared: X_train shape=(1, 100), X_test shape=(1, 100)
2026-02-10 21:19:50,988 - Factify - INFO - Preparing data for model training...
2026-02-10 21:19:50,989 - Factify - ERROR - Error preparing data: DataFrame must contain 'clean_text' column
2026-02-10 21:19:50,991 - Factify - INFO - Building LSTM-GRU model with vocab_size=100, embedding_dim=100...
2026-02-10 21:19:51,012 - Factify - INFO - LSTM-GRU model built successfully
2026-02-10 21:19:51,016 - Factify - INFO - Building LSTM-GRU model with vocab_size=100, embedding_dim=100...
2026-02-10 21:19:51,032 - Factify - ERROR - Error building model: Build error
2026-02-10 21:19:51,038 - Factify - INFO - Training model for 1 epochs with batch_size=64...
2026-02-10 21:19:51,039 - Factify - INFO - Model training completed successfully
2026-02-10 21:19:51,043 - Factify - INFO - Training model for 5 epochs with batch_size=64...
2026-02-10 21:19:51,044 - Factify - ERROR - Error training model: 'NoneType' object has no attribute 'fit'
2026-02-10 21:19:51,049 - Factify - INFO - Model saved to model_path.h5
2026-02-10 21:19:51,051 - Factify - ERROR - Error saving model: expected str, bytes or os.PathLike object, not NoneType
2026-02-10 21:19:51,061 - Factify - INFO - Model saved to model.h5
2026-02-10 21:19:51,063 - Factify - INFO - Tokenizer saved to tok.pickle
2026-02-10 21:21:45,193 - Factify - INFO - Loading model from C:\Users\emon1\Desktop\zzz\Factify\models\saved_models\fake_news_detector.h5
2026-02-10 21:21:45,342 - Factify - INFO - Model loaded successfully
2026-02-10 21:21:45,344 - Factify - INFO - Loading tokenizer from C:\Users\emon1\Desktop\zzz\Factify\models\saved_models\tokenizer.pickle
2026-02-10 21:21:45,525 - Factify - INFO - Tokenizer loaded successfully
2026-02-10 21:21:46,266 - Factify - INFO - Received prediction request for text length: 9
2026-02-10 21:21:46,273 - Factify - INFO - Received prediction request for text length: 10
2026-02-10 21:21:46,274 - Factify - ERROR - Prediction error: Prediction failed
2026-02-10 21:21:46,283 - Factify - INFO - Application starting up...
2026-02-10 21:21:46,284 - Factify - INFO - Application shutting down...
2026-02-10 21:21:46,301 - Factify - INFO - Loading data from files...
2026-02-10 21:21:46,310 - Factify - INFO - Removing 1 duplicate entries
2026-02-10 21:21:46,313 - Factify - INFO - Data loaded successfully: 2 rows and 4 columns
2026-02-10 21:21:46,316 - Factify - INFO - Loading data from files...
2026-02-10 21:21:46,316 - Factify - ERROR - Error loading data: [Errno 2] No such file or directory: 'non_existent.csv'
2026-02-10 21:21:46,373 - Factify - INFO - Cleaning text data...
2026-02-10 21:21:46,375 - Factify - INFO - Text data cleaned successfully
2026-02-10 21:21:46,377 - Factify - INFO - Cleaning text data...
2026-02-10 21:21:46,377 - Factify - ERROR - Error cleaning dataframe: 'NoneType' object is not subscriptable
2026-02-10 21:21:47,235 - Factify - WARNING - Model file not found at path
2026-02-10 21:21:47,236 - Factify - WARNING - Tokenizer file not found at path
2026-02-10 21:21:47,238 - Factify - WARNING - Model file not found at bad_path
2026-02-10 21:21:47,238 - Factify - WARNING - Tokenizer file not found at bad_path
2026-02-10 21:21:47,239 - Factify - INFO - Making prediction for text: test...
2026-02-10 21:21:47,240 - Factify - INFO - Text preprocessing and padding successful
2026-02-10 21:21:47,240 - Factify - INFO - Calling model.predict on shape (1, 100) with dtype int32...
2026-02-10 21:21:47,240 - Factify - ERROR - Model prediction failed: 'NoneType' object has no attribute 'predict'
2026-02-10 21:21:47,248 - Factify - WARNING - Model file not found at p
2026-02-10 21:21:47,248 - Factify - WARNING - Tokenizer file not found at t
2026-02-10 21:21:47,249 - Factify - ERROR - Error preprocessing text for prediction: Tokenizer not loaded
2026-02-10 21:21:47,257 - Factify - WARNING - Model file not found at C:\Users\emon1\Desktop\zzz\Factify\models\saved_models\fake_news_detector.h5
2026-02-10 21:21:47,257 - Factify - WARNING - Tokenizer file not found at C:\Users\emon1\Desktop\zzz\Factify\models\saved_models\tokenizer.pickle
2026-02-10 21:21:47,259 - Factify - WARNING - Model file not found at dummy
2026-02-10 21:21:47,260 - Factify - WARNING - Tokenizer file not found at dummy
2026-02-10 21:21:47,262 - Factify - INFO - Making prediction for text: test...
2026-02-10 21:21:47,263 - Factify - INFO - Text preprocessing and padding successful
2026-02-10 21:21:47,263 - Factify - INFO - Calling model.predict on shape (1, 100) with dtype int32...
2026-02-10 21:21:47,264 - Factify - INFO - Raw prediction result: [[0.9]]
2026-02-10 21:21:47,264 - Factify - INFO - Prediction: REAL (probability: 0.9000)
2026-02-10 21:21:47,267 - Factify - WARNING - Model file not found at p
2026-02-10 21:21:47,267 - Factify - WARNING - Tokenizer file not found at t
2026-02-10 21:21:47,271 - Factify - INFO - Tokenizing texts with vocab_size=100, max_length=100...
2026-02-10 21:21:47,271 - Factify - INFO - Tokenization and padding completed successfully
2026-02-10 21:21:47,273 - Factify - INFO - Tokenizing texts with vocab_size=10000, max_length=100...
2026-02-10 21:21:47,274 - Factify - ERROR - Error in tokenization process: 'NoneType' object is not iterable
2026-02-10 21:21:47,276 - Factify - INFO - Preparing data for model training...
2026-02-10 21:21:47,277 - Factify - INFO - Tokenizing texts with vocab_size=10000, max_length=100...
2026-02-10 21:21:47,277 - Factify - INFO - Tokenization and padding completed successfully
2026-02-10 21:21:47,279 - Factify - INFO - Data prepared: X_train shape=(1, 100), X_test shape=(1, 100)
2026-02-10 21:21:47,281 - Factify - INFO - Preparing data for model training...
2026-02-10 21:21:47,281 - Factify - ERROR - Error preparing data: DataFrame must contain 'clean_text' column
2026-02-10 21:21:47,283 - Factify - INFO - Building LSTM-GRU model with vocab_size=100, embedding_dim=100...
2026-02-10 21:21:47,304 - Factify - INFO - LSTM-GRU model built successfully
2026-02-10 21:21:47,307 - Factify - INFO - Building LSTM-GRU model with vocab_size=100, embedding_dim=100...
2026-02-10 21:21:47,323 - Factify - ERROR - Error building model: Build error
2026-02-10 21:21:47,328 - Factify - INFO - Training model for 1 epochs with batch_size=64...
2026-02-10 21:21:47,329 - Factify - INFO - Model training completed successfully
2026-02-10 21:21:47,332 - Factify - INFO - Training model for 5 epochs with batch_size=64...
2026-02-10 21:21:47,333 - Factify - ERROR - Error training model: 'NoneType' object has no attribute 'fit'
2026-02-10 21:21:47,339 - Factify - INFO - Model saved to model_path.h5
2026-02-10 21:21:47,342 - Factify - ERROR - Error saving model: expected str, bytes or os.PathLike object, not NoneType
2026-02-10 21:21:47,351 - Factify - INFO - Model saved to model.h5
2026-02-10 21:21:47,353 - Factify - INFO - Tokenizer saved to tok.pickle
2026-02-10 21:22:08,366 - Factify - INFO - Loading model from C:\Users\emon1\Desktop\zzz\Factify\models\saved_models\fake_news_detector.h5
2026-02-10 21:22:08,568 - Factify - INFO - Model loaded successfully
2026-02-10 21:22:08,568 - Factify - INFO - Loading tokenizer from C:\Users\emon1\Desktop\zzz\Factify\models\saved_models\tokenizer.pickle
2026-02-10 21:22:08,752 - Factify - INFO - Tokenizer loaded successfully
2026-02-10 21:22:09,466 - Factify - INFO - Received prediction request for text length: 9
2026-02-10 21:22:09,474 - Factify - INFO - Received prediction request for text length: 10
2026-02-10 21:22:09,475 - Factify - ERROR - Prediction error: Prediction failed
2026-02-10 21:22:09,485 - Factify - INFO - Application starting up...
2026-02-10 21:22:09,486 - Factify - INFO - Application shutting down...
2026-02-10 21:22:09,503 - Factify - INFO - Loading data from files...
2026-02-10 21:22:09,509 - Factify - INFO - Removing 1 duplicate entries
2026-02-10 21:22:09,513 - Factify - INFO - Data loaded successfully: 2 rows and 4 columns
2026-02-10 21:22:09,516 - Factify - INFO - Loading data from files...
2026-02-10 21:22:09,517 - Factify - ERROR - Error loading data: [Errno 2] No such file or directory: 'non_existent.csv'
2026-02-10 21:22:09,576 - Factify - INFO - Cleaning text data...
2026-02-10 21:22:09,579 - Factify - INFO - Text data cleaned successfully
2026-02-10 21:22:09,581 - Factify - INFO - Cleaning text data...
2026-02-10 21:22:09,582 - Factify - ERROR - Error cleaning dataframe: 'NoneType' object is not subscriptable
2026-02-10 21:22:10,421 - Factify - WARNING - Model file not found at path
2026-02-10 21:22:10,421 - Factify - WARNING - Tokenizer file not found at path
2026-02-10 21:22:10,423 - Factify - WARNING - Model file not found at bad_path
2026-02-10 21:22:10,424 - Factify - WARNING - Tokenizer file not found at bad_path
2026-02-10 21:22:10,424 - Factify - INFO - Making prediction for text: test...
2026-02-10 21:22:10,425 - Factify - INFO - Text preprocessing and padding successful
2026-02-10 21:22:10,426 - Factify - INFO - Calling model.predict on shape (1, 100) with dtype int32...
2026-02-10 21:22:10,426 - Factify - ERROR - Model prediction failed: 'NoneType' object has no attribute 'predict'
2026-02-10 21:22:10,434 - Factify - WARNING - Model file not found at p
2026-02-10 21:22:10,434 - Factify - WARNING - Tokenizer file not found at t
2026-02-10 21:22:10,435 - Factify - ERROR - Error preprocessing text for prediction: Tokenizer not loaded
2026-02-10 21:22:10,443 - Factify - WARNING - Model file not found at C:\Users\emon1\Desktop\zzz\Factify\models\saved_models\fake_news_detector.h5
2026-02-10 21:22:10,443 - Factify - WARNING - Tokenizer file not found at C:\Users\emon1\Desktop\zzz\Factify\models\saved_models\tokenizer.pickle
2026-02-10 21:22:10,446 - Factify - WARNING - Model file not found at dummy
2026-02-10 21:22:10,447 - Factify - WARNING - Tokenizer file not found at dummy
2026-02-10 21:22:10,449 - Factify - INFO - Making prediction for text: test...
2026-02-10 21:22:10,450 - Factify - INFO - Text preprocessing and padding successful
2026-02-10 21:22:10,451 - Factify - INFO - Calling model.predict on shape (1, 100) with dtype int32...
2026-02-10 21:22:10,452 - Factify - INFO - Raw prediction result: [[0.9]]
2026-02-10 21:22:10,452 - Factify - INFO - Prediction: REAL (probability: 0.9000)
2026-02-10 21:22:10,455 - Factify - WARNING - Model file not found at p
2026-02-10 21:22:10,456 - Factify - WARNING - Tokenizer file not found at t
2026-02-10 21:22:10,461 - Factify - INFO - Tokenizing texts with vocab_size=100, max_length=100...
2026-02-10 21:22:10,462 - Factify - INFO - Tokenization and padding completed successfully
2026-02-10 21:22:10,466 - Factify - INFO - Tokenizing texts with vocab_size=10000, max_length=100...
2026-02-10 21:22:10,467 - Factify - ERROR - Error in tokenization process: 'NoneType' object is not iterable
2026-02-10 21:22:10,471 - Factify - INFO - Preparing data for model training...
2026-02-10 21:22:10,472 - Factify - INFO - Tokenizing texts with vocab_size=10000, max_length=100...
2026-02-10 21:22:10,472 - Factify - INFO - Tokenization and padding completed successfully
2026-02-10 21:22:10,474 - Factify - INFO - Data prepared: X_train shape=(1, 100), X_test shape=(1, 100)
2026-02-10 21:22:10,477 - Factify - INFO - Preparing data for model training...
2026-02-10 21:22:10,478 - Factify - ERROR - Error preparing data: DataFrame must contain 'clean_text' column
2026-02-10 21:22:10,480 - Factify - INFO - Building LSTM-GRU model with vocab_size=100, embedding_dim=100...
2026-02-10 21:22:10,501 - Factify - INFO - LSTM-GRU model built successfully
2026-02-10 21:22:10,505 - Factify - INFO - Building LSTM-GRU model with vocab_size=100, embedding_dim=100...
2026-02-10 21:22:10,562 - Factify - ERROR - Error building model: Build error
2026-02-10 21:22:10,570 - Factify - INFO - Training model for 1 epochs with batch_size=64...
2026-02-10 21:22:10,571 - Factify - INFO - Model training completed successfully
2026-02-10 21:22:10,574 - Factify - INFO - Training model for 5 epochs with batch_size=64...
2026-02-10 21:22:10,575 - Factify - ERROR - Error training model: 'NoneType' object has no attribute 'fit'
2026-02-10 21:22:10,583 - Factify - INFO - Model saved to model_path.h5
2026-02-10 21:22:10,586 - Factify - ERROR - Error saving model: expected str, bytes or os.PathLike object, not NoneType
2026-02-10 21:22:10,595 - Factify - INFO - Model saved to model.h5
2026-02-10 21:22:10,597 - Factify - INFO - Tokenizer saved to tok.pickle
2026-02-10 21:22:26,733 - Factify - INFO - Loading model from C:\Users\emon1\Desktop\zzz\Factify\models\saved_models\fake_news_detector.h5
2026-02-10 21:22:26,884 - Factify - INFO - Model loaded successfully
2026-02-10 21:22:26,885 - Factify - INFO - Loading tokenizer from C:\Users\emon1\Desktop\zzz\Factify\models\saved_models\tokenizer.pickle
2026-02-10 21:22:27,060 - Factify - INFO - Tokenizer loaded successfully
2026-02-10 21:22:27,813 - Factify - INFO - Received prediction request for text length: 9
2026-02-10 21:22:27,820 - Factify - INFO - Received prediction request for text length: 10
2026-02-10 21:22:27,821 - Factify - ERROR - Prediction error: Prediction failed
2026-02-10 21:22:27,830 - Factify - INFO - Application starting up...
2026-02-10 21:22:27,832 - Factify - INFO - Application shutting down...
2026-02-10 21:22:27,848 - Factify - INFO - Loading data from files...
2026-02-10 21:22:27,855 - Factify - INFO - Removing 1 duplicate entries
2026-02-10 21:22:27,858 - Factify - INFO - Data loaded successfully: 2 rows and 4 columns
2026-02-10 21:22:27,862 - Factify - INFO - Loading data from files...
2026-02-10 21:22:27,862 - Factify - ERROR - Error loading data: [Errno 2] No such file or directory: 'non_existent.csv'
2026-02-10 21:22:27,920 - Factify - INFO - Cleaning text data...
2026-02-10 21:22:27,922 - Factify - INFO - Text data cleaned successfully
2026-02-10 21:22:27,924 - Factify - INFO - Cleaning text data...
2026-02-10 21:22:27,925 - Factify - ERROR - Error cleaning dataframe: 'NoneType' object is not subscriptable
2026-02-10 21:22:28,906 - Factify - WARNING - Model file not found at path
2026-02-10 21:22:28,906 - Factify - WARNING - Tokenizer file not found at path
2026-02-10 21:22:28,908 - Factify - WARNING - Model file not found at bad_path
2026-02-10 21:22:28,909 - Factify - WARNING - Tokenizer file not found at bad_path
2026-02-10 21:22:28,909 - Factify - INFO - Making prediction for text: test...
2026-02-10 21:22:28,910 - Factify - INFO - Text preprocessing and padding successful
2026-02-10 21:22:28,911 - Factify - INFO - Calling model.predict on shape (1, 100) with dtype int32...
2026-02-10 21:22:28,911 - Factify - ERROR - Model prediction failed: 'NoneType' object has no attribute 'predict'
2026-02-10 21:22:28,919 - Factify - WARNING - Model file not found at p
2026-02-10 21:22:28,920 - Factify - WARNING - Tokenizer file not found at t
2026-02-10 21:22:28,920 - Factify - ERROR - Error preprocessing text for prediction: Tokenizer not loaded
2026-02-10 21:22:28,927 - Factify - WARNING - Model file not found at C:\Users\emon1\Desktop\zzz\Factify\models\saved_models\fake_news_detector.h5
2026-02-10 21:22:28,928 - Factify - WARNING - Tokenizer file not found at C:\Users\emon1\Desktop\zzz\Factify\models\saved_models\tokenizer.pickle
2026-02-10 21:22:28,930 - Factify - WARNING - Model file not found at dummy
2026-02-10 21:22:28,931 - Factify - WARNING - Tokenizer file not found at dummy
2026-02-10 21:22:28,934 - Factify - INFO - Making prediction for text: test...
2026-02-10 21:22:28,935 - Factify - INFO - Text preprocessing and padding successful
2026-02-10 21:22:28,935 - Factify - INFO - Calling model.predict on shape (1, 100) with dtype int32...
2026-02-10 21:22:28,936 - Factify - INFO - Raw prediction result: [[0.9]]
2026-02-10 21:22:28,937 - Factify - INFO - Prediction: REAL (probability: 0.9000)
2026-02-10 21:22:28,940 - Factify - WARNING - Model file not found at p
2026-02-10 21:22:28,941 - Factify - WARNING - Tokenizer file not found at t
2026-02-10 21:22:28,945 - Factify - INFO - Tokenizing texts with vocab_size=100, max_length=100...
2026-02-10 21:22:28,946 - Factify - INFO - Tokenization and padding completed successfully
2026-02-10 21:22:28,949 - Factify - INFO - Tokenizing texts with vocab_size=10000, max_length=100...
2026-02-10 21:22:28,949 - Factify - ERROR - Error in tokenization process: 'NoneType' object is not iterable
2026-02-10 21:22:28,952 - Factify - INFO - Preparing data for model training...
2026-02-10 21:22:28,953 - Factify - INFO - Tokenizing texts with vocab_size=10000, max_length=100...
2026-02-10 21:22:28,953 - Factify - INFO - Tokenization and padding completed successfully
2026-02-10 21:22:28,955 - Factify - INFO - Data prepared: X_train shape=(1, 100), X_test shape=(1, 100)
2026-02-10 21:22:28,958 - Factify - INFO - Preparing data for model training...
2026-02-10 21:22:28,959 - Factify - ERROR - Error preparing data: DataFrame must contain 'clean_text' column
2026-02-10 21:22:28,962 - Factify - INFO - Building LSTM-GRU model with vocab_size=100, embedding_dim=100...
2026-02-10 21:22:28,986 - Factify - INFO - LSTM-GRU model built successfully
2026-02-10 21:22:28,989 - Factify - INFO - Building LSTM-GRU model with vocab_size=100, embedding_dim=100...
2026-02-10 21:22:29,009 - Factify - ERROR - Error building model: Build error
2026-02-10 21:22:29,014 - Factify - INFO - Training model for 1 epochs with batch_size=64...
2026-02-10 21:22:29,016 - Factify - INFO - Model training completed successfully
2026-02-10 21:22:29,019 - Factify - INFO - Training model for 5 epochs with batch_size=64...
2026-02-10 21:22:29,020 - Factify - ERROR - Error training model: 'NoneType' object has no attribute 'fit'
2026-02-10 21:22:29,025 - Factify - INFO - Model saved to model_path.h5
2026-02-10 21:22:29,028 - Factify - ERROR - Error saving model: expected str, bytes or os.PathLike object, not NoneType
2026-02-10 21:22:29,036 - Factify - INFO - Model saved to model.h5
2026-02-10 21:22:29,038 - Factify - INFO - Tokenizer saved to tok.pickle
2026-02-10 21:22:46,500 - Factify - INFO - Loading model from C:\Users\emon1\Desktop\zzz\Factify\models\saved_models\fake_news_detector.h5
2026-02-10 21:22:46,666 - Factify - INFO - Model loaded successfully
2026-02-10 21:22:46,666 - Factify - INFO - Loading tokenizer from C:\Users\emon1\Desktop\zzz\Factify\models\saved_models\tokenizer.pickle
2026-02-10 21:22:46,848 - Factify - INFO - Tokenizer loaded successfully
2026-02-10 21:22:47,540 - Factify - INFO - Received prediction request for text length: 9
2026-02-10 21:22:47,550 - Factify - INFO - Received prediction request for text length: 10
2026-02-10 21:22:47,551 - Factify - ERROR - Prediction error: Prediction failed
2026-02-10 21:22:47,559 - Factify - INFO - Application starting up...
2026-02-10 21:22:47,561 - Factify - INFO - Application shutting down...
2026-02-10 21:22:47,577 - Factify - INFO - Loading data from files...
2026-02-10 21:22:47,589 - Factify - INFO - Removing 1 duplicate entries
2026-02-10 21:22:47,592 - Factify - INFO - Data loaded successfully: 2 rows and 4 columns
2026-02-10 21:22:47,596 - Factify - INFO - Loading data from files...
2026-02-10 21:22:47,597 - Factify - ERROR - Error loading data: [Errno 2] No such file or directory: 'non_existent.csv'
2026-02-10 21:22:47,707 - Factify - INFO - Cleaning text data...
2026-02-10 21:22:47,711 - Factify - INFO - Text data cleaned successfully
2026-02-10 21:22:47,714 - Factify - INFO - Cleaning text data...
2026-02-10 21:22:47,714 - Factify - ERROR - Error cleaning dataframe: 'NoneType' object is not subscriptable
2026-02-10 21:22:48,579 - Factify - WARNING - Model file not found at path
2026-02-10 21:22:48,579 - Factify - WARNING - Tokenizer file not found at path
2026-02-10 21:22:48,581 - Factify - WARNING - Model file not found at bad_path
2026-02-10 21:22:48,582 - Factify - WARNING - Tokenizer file not found at bad_path
2026-02-10 21:22:48,583 - Factify - INFO - Making prediction for text: test...
2026-02-10 21:22:48,583 - Factify - INFO - Text preprocessing and padding successful
2026-02-10 21:22:48,584 - Factify - INFO - Calling model.predict on shape (1, 100) with dtype int32...
2026-02-10 21:22:48,584 - Factify - ERROR - Model prediction failed: 'NoneType' object has no attribute 'predict'
2026-02-10 21:22:48,593 - Factify - WARNING - Model file not found at p
2026-02-10 21:22:48,593 - Factify - WARNING - Tokenizer file not found at t
2026-02-10 21:22:48,593 - Factify - ERROR - Error preprocessing text for prediction: Tokenizer not loaded
2026-02-10 21:22:48,601 - Factify - WARNING - Model file not found at C:\Users\emon1\Desktop\zzz\Factify\models\saved_models\fake_news_detector.h5
2026-02-10 21:22:48,602 - Factify - WARNING - Tokenizer file not found at C:\Users\emon1\Desktop\zzz\Factify\models\saved_models\tokenizer.pickle
2026-02-10 21:22:48,604 - Factify - WARNING - Model file not found at dummy
2026-02-10 21:22:48,604 - Factify - WARNING - Tokenizer file not found at dummy
2026-02-10 21:22:48,607 - Factify - INFO - Making prediction for text: test...
2026-02-10 21:22:48,607 - Factify - INFO - Text preprocessing and padding successful
2026-02-10 21:22:48,608 - Factify - INFO - Calling model.predict on shape (1, 100) with dtype int32...
2026-02-10 21:22:48,609 - Factify - INFO - Raw prediction result: [[0.9]]
2026-02-10 21:22:48,609 - Factify - INFO - Prediction: REAL (probability: 0.9000)
2026-02-10 21:22:48,612 - Factify - WARNING - Model file not found at p
2026-02-10 21:22:48,612 - Factify - WARNING - Tokenizer file not found at t
2026-02-10 21:22:48,616 - Factify - INFO - Tokenizing texts with vocab_size=100, max_length=100...
2026-02-10 21:22:48,617 - Factify - INFO - Tokenization and padding completed successfully
2026-02-10 21:22:48,619 - Factify - INFO - Tokenizing texts with vocab_size=10000, max_length=100...
2026-02-10 21:22:48,619 - Factify - ERROR - Error in tokenization process: 'NoneType' object is not iterable
2026-02-10 21:22:48,622 - Factify - INFO - Preparing data for model training...
2026-02-10 21:22:48,623 - Factify - INFO - Tokenizing texts with vocab_size=10000, max_length=100...
2026-02-10 21:22:48,623 - Factify - INFO - Tokenization and padding completed successfully
2026-02-10 21:22:48,625 - Factify - INFO - Data prepared: X_train shape=(1, 100), X_test shape=(1, 100)
2026-02-10 21:22:48,627 - Factify - INFO - Preparing data for model training...
2026-02-10 21:22:48,628 - Factify - ERROR - Error preparing data: DataFrame must contain 'clean_text' column
2026-02-10 21:22:48,630 - Factify - INFO - Building LSTM-GRU model with vocab_size=100, embedding_dim=100...
2026-02-10 21:22:48,650 - Factify - INFO - LSTM-GRU model built successfully
2026-02-10 21:22:48,652 - Factify - INFO - Building LSTM-GRU model with vocab_size=100, embedding_dim=100...
2026-02-10 21:22:48,668 - Factify - ERROR - Error building model: Build error
2026-02-10 21:22:48,673 - Factify - INFO - Training model for 1 epochs with batch_size=64...
2026-02-10 21:22:48,674 - Factify - INFO - Model training completed successfully
2026-02-10 21:22:48,678 - Factify - INFO - Training model for 5 epochs with batch_size=64...
2026-02-10 21:22:48,679 - Factify - ERROR - Error training model: 'NoneType' object has no attribute 'fit'
2026-02-10 21:22:48,688 - Factify - INFO - Model saved to model_path.h5
2026-02-10 21:22:48,693 - Factify - ERROR - Error saving model: expected str, bytes or os.PathLike object, not NoneType
2026-02-10 21:22:48,702 - Factify - INFO - Model saved to model.h5
2026-02-10 21:22:48,704 - Factify - INFO - Tokenizer saved to tok.pickle
2026-02-10 21:23:06,081 - Factify - INFO - Application shutting down...
2026-02-10 21:23:12,428 - Factify - INFO - Loading model from C:\Users\emon1\Desktop\zzz\Factify\models\saved_models\fake_news_detector.h5
2026-02-10 21:23:12,554 - Factify - INFO - Model loaded successfully
2026-02-10 21:23:12,555 - Factify - INFO - Loading tokenizer from C:\Users\emon1\Desktop\zzz\Factify\models\saved_models\tokenizer.pickle
2026-02-10 21:23:12,768 - Factify - INFO - Tokenizer loaded successfully
2026-02-10 21:23:12,772 - Factify - INFO - Application starting up...
2026-02-10 21:23:18,011 - Factify - INFO - Loading model from C:\Users\emon1\Desktop\zzz\Factify\models\saved_models\fake_news_detector.h5
2026-02-10 21:23:18,167 - Factify - INFO - Model loaded successfully
2026-02-10 21:23:18,167 - Factify - INFO - Loading tokenizer from C:\Users\emon1\Desktop\zzz\Factify\models\saved_models\tokenizer.pickle
2026-02-10 21:23:18,348 - Factify - INFO - Tokenizer loaded successfully
2026-02-10 21:23:19,101 - Factify - INFO - Received prediction request for text length: 9
2026-02-10 21:23:19,115 - Factify - INFO - Received prediction request for text length: 10
2026-02-10 21:23:19,116 - Factify - ERROR - Prediction error: Prediction failed
2026-02-10 21:23:19,125 - Factify - INFO - Application starting up...
2026-02-10 21:23:19,126 - Factify - INFO - Application shutting down...
2026-02-10 21:23:19,148 - Factify - INFO - Loading data from files...
2026-02-10 21:23:19,154 - Factify - INFO - Removing 1 duplicate entries
2026-02-10 21:23:19,158 - Factify - INFO - Data loaded successfully: 2 rows and 4 columns
2026-02-10 21:23:19,163 - Factify - INFO - Loading data from files...
2026-02-10 21:23:19,164 - Factify - ERROR - Error loading data: [Errno 2] No such file or directory: 'non_existent.csv'
2026-02-10 21:23:19,226 - Factify - INFO - Cleaning text data...
2026-02-10 21:23:19,228 - Factify - INFO - Text data cleaned successfully
2026-02-10 21:23:19,232 - Factify - INFO - Cleaning text data...
2026-02-10 21:23:19,232 - Factify - ERROR - Error cleaning dataframe: 'NoneType' object is not subscriptable
2026-02-10 21:23:19,249 - Factify - WARNING - Model file not found at path
2026-02-10 21:23:19,250 - Factify - WARNING - Tokenizer file not found at path
2026-02-10 21:23:19,252 - Factify - WARNING - Model file not found at bad_path
2026-02-10 21:23:19,253 - Factify - WARNING - Tokenizer file not found at bad_path
2026-02-10 21:23:19,254 - Factify - INFO - Making prediction for text: test...
2026-02-10 21:23:19,255 - Factify - INFO - Text preprocessing and padding successful
2026-02-10 21:23:19,255 - Factify - INFO - Calling model.predict on shape (1, 100) with dtype int32...
2026-02-10 21:23:19,256 - Factify - ERROR - Model prediction failed: 'NoneType' object has no attribute 'predict'
2026-02-10 21:23:19,264 - Factify - WARNING - Model file not found at p
2026-02-10 21:23:19,265 - Factify - WARNING - Tokenizer file not found at t
2026-02-10 21:23:19,265 - Factify - ERROR - Error preprocessing text for prediction: Tokenizer not loaded
2026-02-10 21:23:19,273 - Factify - WARNING - Model file not found at C:\Users\emon1\Desktop\zzz\Factify\models\saved_models\fake_news_detector.h5
2026-02-10 21:23:19,274 - Factify - WARNING - Tokenizer file not found at C:\Users\emon1\Desktop\zzz\Factify\models\saved_models\tokenizer.pickle
2026-02-10 21:23:19,277 - Factify - WARNING - Model file not found at dummy
2026-02-10 21:23:19,277 - Factify - WARNING - Tokenizer file not found at dummy
2026-02-10 21:23:19,280 - Factify - INFO - Making prediction for text: test...
2026-02-10 21:23:19,280 - Factify - INFO - Text preprocessing and padding successful
2026-02-10 21:23:19,281 - Factify - INFO - Calling model.predict on shape (1, 100) with dtype int32...
2026-02-10 21:23:19,282 - Factify - INFO - Raw prediction result: [[0.9]]
2026-02-10 21:23:19,282 - Factify - INFO - Prediction: REAL (probability: 0.9000)
2026-02-10 21:23:19,285 - Factify - WARNING - Model file not found at p
2026-02-10 21:23:19,286 - Factify - WARNING - Tokenizer file not found at t
2026-02-10 21:23:19,290 - Factify - INFO - Tokenizing texts with vocab_size=100, max_length=100...
2026-02-10 21:23:19,291 - Factify - INFO - Tokenization and padding completed successfully
2026-02-10 21:23:19,293 - Factify - INFO - Tokenizing texts with vocab_size=10000, max_length=100...
2026-02-10 21:23:19,294 - Factify - ERROR - Error in tokenization process: 'NoneType' object is not iterable
2026-02-10 21:23:19,297 - Factify - INFO - Preparing data for model training...
2026-02-10 21:23:19,298 - Factify - INFO - Tokenizing texts with vocab_size=10000, max_length=100...
2026-02-10 21:23:19,298 - Factify - INFO - Tokenization and padding completed successfully
2026-02-10 21:23:19,300 - Factify - INFO - Data prepared: X_train shape=(1, 100), X_test shape=(1, 100)
2026-02-10 21:23:19,303 - Factify - INFO - Preparing data for model training...
2026-02-10 21:23:19,303 - Factify - ERROR - Error preparing data: DataFrame must contain 'clean_text' column
2026-02-10 21:23:19,306 - Factify - INFO - Building LSTM-GRU model with vocab_size=100, embedding_dim=100...
2026-02-10 21:23:19,325 - Factify - INFO - LSTM-GRU model built successfully
2026-02-10 21:23:19,329 - Factify - INFO - Building LSTM-GRU model with vocab_size=100, embedding_dim=100...
2026-02-10 21:23:19,345 - Factify - ERROR - Error building model: Build error
2026-02-10 21:23:19,349 - Factify - INFO - Training model for 1 epochs with batch_size=64...
2026-02-10 21:23:19,350 - Factify - INFO - Model training completed successfully
2026-02-10 21:23:19,353 - Factify - INFO - Training model for 5 epochs with batch_size=64...
2026-02-10 21:23:19,353 - Factify - ERROR - Error training model: 'NoneType' object has no attribute 'fit'
2026-02-10 21:23:19,358 - Factify - INFO - Model saved to model_path.h5
2026-02-10 21:23:19,361 - Factify - ERROR - Error saving model: expected str, bytes or os.PathLike object, not NoneType
2026-02-10 21:23:19,368 - Factify - INFO - Model saved to model.h5
2026-02-10 21:23:19,370 - Factify - INFO - Tokenizer saved to tok.pickle
2026-02-10 21:24:14,874 - Factify - INFO - Loading model from C:\Users\emon1\Desktop\zzz\Factify\models\saved_models\fake_news_detector.h5
2026-02-10 21:24:15,074 - Factify - INFO - Model loaded successfully
2026-02-10 21:24:15,075 - Factify - INFO - Loading tokenizer from C:\Users\emon1\Desktop\zzz\Factify\models\saved_models\tokenizer.pickle
2026-02-10 21:24:15,275 - Factify - INFO - Tokenizer loaded successfully
2026-02-10 21:24:15,991 - Factify - INFO - Received prediction request for text length: 9
2026-02-10 21:24:15,999 - Factify - INFO - Received prediction request for text length: 10
2026-02-10 21:24:15,999 - Factify - ERROR - Prediction error: Prediction failed
2026-02-10 21:24:16,007 - Factify - INFO - Application starting up...
2026-02-10 21:24:16,008 - Factify - INFO - Application shutting down...
2026-02-10 21:24:16,024 - Factify - INFO - Loading data from files...
2026-02-10 21:24:16,032 - Factify - INFO - Removing 1 duplicate entries
2026-02-10 21:24:16,036 - Factify - INFO - Data loaded successfully: 2 rows and 4 columns
2026-02-10 21:24:16,040 - Factify - INFO - Loading data from files...
2026-02-10 21:24:16,041 - Factify - ERROR - Error loading data: [Errno 2] No such file or directory: 'non_existent.csv'
2026-02-10 21:24:16,102 - Factify - INFO - Cleaning text data...
2026-02-10 21:24:16,104 - Factify - INFO - Text data cleaned successfully
2026-02-10 21:24:16,108 - Factify - INFO - Cleaning text data...
2026-02-10 21:24:16,109 - Factify - ERROR - Error cleaning dataframe: 'NoneType' object is not subscriptable
2026-02-10 21:24:16,131 - Factify - WARNING - Model file not found at path
2026-02-10 21:24:16,131 - Factify - WARNING - Tokenizer file not found at path
2026-02-10 21:24:16,133 - Factify - WARNING - Model file not found at bad_path
2026-02-10 21:24:16,134 - Factify - WARNING - Tokenizer file not found at bad_path
2026-02-10 21:24:16,135 - Factify - INFO - Making prediction for text: test...
2026-02-10 21:24:16,135 - Factify - INFO - Text preprocessing and padding successful
2026-02-10 21:24:16,135 - Factify - INFO - Calling model.predict on shape (1, 100) with dtype int32...
2026-02-10 21:24:16,136 - Factify - ERROR - Model prediction failed: 'NoneType' object has no attribute 'predict'
2026-02-10 21:24:16,146 - Factify - WARNING - Model file not found at p
2026-02-10 21:24:16,147 - Factify - WARNING - Tokenizer file not found at t
2026-02-10 21:24:16,147 - Factify - ERROR - Error preprocessing text for prediction: Tokenizer not loaded
2026-02-10 21:24:16,159 - Factify - WARNING - Model file not found at C:\Users\emon1\Desktop\zzz\Factify\models\saved_models\fake_news_detector.h5
2026-02-10 21:24:16,160 - Factify - WARNING - Tokenizer file not found at C:\Users\emon1\Desktop\zzz\Factify\models\saved_models\tokenizer.pickle
2026-02-10 21:24:16,163 - Factify - WARNING - Model file not found at dummy
2026-02-10 21:24:16,163 - Factify - WARNING - Tokenizer file not found at dummy
2026-02-10 21:24:16,166 - Factify - INFO - Making prediction for text: test...
2026-02-10 21:24:16,166 - Factify - INFO - Text preprocessing and padding successful
2026-02-10 21:24:16,167 - Factify - INFO - Calling model.predict on shape (1, 100) with dtype int32...
2026-02-10 21:24:16,168 - Factify - INFO - Raw prediction result: [[0.9]]
2026-02-10 21:24:16,168 - Factify - INFO - Prediction: REAL (probability: 0.9000)
2026-02-10 21:24:16,171 - Factify - WARNING - Model file not found at p
2026-02-10 21:24:16,172 - Factify - WARNING - Tokenizer file not found at t
2026-02-10 21:24:16,176 - Factify - INFO - Tokenizing texts with vocab_size=100, max_length=100...
2026-02-10 21:24:16,177 - Factify - INFO - Tokenization and padding completed successfully
2026-02-10 21:24:16,180 - Factify - INFO - Tokenizing texts with vocab_size=10000, max_length=100...
2026-02-10 21:24:16,181 - Factify - ERROR - Error in tokenization process: 'NoneType' object is not iterable
2026-02-10 21:24:16,183 - Factify - INFO - Preparing data for model training...
2026-02-10 21:24:16,184 - Factify - INFO - Tokenizing texts with vocab_size=10000, max_length=100...
2026-02-10 21:24:16,185 - Factify - INFO - Tokenization and padding completed successfully
2026-02-10 21:24:16,186 - Factify - INFO - Data prepared: X_train shape=(1, 100), X_test shape=(1, 100)
2026-02-10 21:24:16,192 - Factify - INFO - Preparing data for model training...
2026-02-10 21:24:16,192 - Factify - ERROR - Error preparing data: DataFrame must contain 'clean_text' column
2026-02-10 21:24:16,195 - Factify - INFO - Building LSTM-GRU model with vocab_size=100, embedding_dim=100...
2026-02-10 21:24:16,217 - Factify - INFO - LSTM-GRU model built successfully
2026-02-10 21:24:16,220 - Factify - INFO - Building LSTM-GRU model with vocab_size=100, embedding_dim=100...
2026-02-10 21:24:16,237 - Factify - ERROR - Error building model: Build error
2026-02-10 21:24:16,243 - Factify - INFO - Training model for 1 epochs with batch_size=64...
2026-02-10 21:24:16,244 - Factify - INFO - Model training completed successfully
2026-02-10 21:24:16,247 - Factify - INFO - Training model for 5 epochs with batch_size=64...
2026-02-10 21:24:16,248 - Factify - ERROR - Error training model: 'NoneType' object has no attribute 'fit'
2026-02-10 21:24:16,252 - Factify - INFO - Model saved to model_path.h5
2026-02-10 21:24:16,256 - Factify - ERROR - Error saving model: expected str, bytes or os.PathLike object, not NoneType
2026-02-10 21:24:16,264 - Factify - INFO - Model saved to model.h5
2026-02-10 21:24:16,266 - Factify - INFO - Tokenizer saved to tok.pickle
2026-02-10 21:24:20,048 - Factify - INFO - Application shutting down...
2026-02-10 21:24:26,202 - Factify - INFO - Loading model from C:\Users\emon1\Desktop\zzz\Factify\models\saved_models\fake_news_detector.h5
2026-02-10 21:24:26,333 - Factify - INFO - Model loaded successfully
2026-02-10 21:24:26,334 - Factify - INFO - Loading tokenizer from C:\Users\emon1\Desktop\zzz\Factify\models\saved_models\tokenizer.pickle
2026-02-10 21:24:26,554 - Factify - INFO - Tokenizer loaded successfully
2026-02-10 21:24:26,560 - Factify - INFO - Application starting up...
2026-02-10 21:24:26,561 - Factify - INFO - Application shutting down...
2026-02-10 21:24:32,520 - Factify - INFO - Loading model from C:\Users\emon1\Desktop\zzz\Factify\models\saved_models\fake_news_detector.h5
2026-02-10 21:24:32,686 - Factify - INFO - Loading model from C:\Users\emon1\Desktop\zzz\Factify\models\saved_models\fake_news_detector.h5
2026-02-10 21:24:32,702 - Factify - INFO - Model loaded successfully
2026-02-10 21:24:32,703 - Factify - INFO - Loading tokenizer from C:\Users\emon1\Desktop\zzz\Factify\models\saved_models\tokenizer.pickle
2026-02-10 21:24:32,817 - Factify - INFO - Model loaded successfully
2026-02-10 21:24:32,817 - Factify - INFO - Loading tokenizer from C:\Users\emon1\Desktop\zzz\Factify\models\saved_models\tokenizer.pickle
2026-02-10 21:24:32,942 - Factify - INFO - Tokenizer loaded successfully
2026-02-10 21:24:33,054 - Factify - INFO - Tokenizer loaded successfully
2026-02-10 21:24:33,059 - Factify - INFO - Application starting up...
2026-02-10 21:24:33,722 - Factify - INFO - Received prediction request for text length: 9
2026-02-10 21:24:33,729 - Factify - INFO - Received prediction request for text length: 10
2026-02-10 21:24:33,730 - Factify - ERROR - Prediction error: Prediction failed
2026-02-10 21:24:33,738 - Factify - INFO - Application starting up...
2026-02-10 21:24:33,739 - Factify - INFO - Application shutting down...
2026-02-10 21:24:33,754 - Factify - INFO - Loading data from files...
2026-02-10 21:24:33,760 - Factify - INFO - Removing 1 duplicate entries
2026-02-10 21:24:33,764 - Factify - INFO - Data loaded successfully: 2 rows and 4 columns
2026-02-10 21:24:33,769 - Factify - INFO - Loading data from files...
2026-02-10 21:24:33,769 - Factify - ERROR - Error loading data: [Errno 2] No such file or directory: 'non_existent.csv'
2026-02-10 21:24:33,826 - Factify - INFO - Cleaning text data...
2026-02-10 21:24:33,829 - Factify - INFO - Text data cleaned successfully
2026-02-10 21:24:33,831 - Factify - INFO - Cleaning text data...
2026-02-10 21:24:33,831 - Factify - ERROR - Error cleaning dataframe: 'NoneType' object is not subscriptable
2026-02-10 21:24:33,849 - Factify - WARNING - Model file not found at path
2026-02-10 21:24:33,849 - Factify - WARNING - Tokenizer file not found at path
2026-02-10 21:24:33,852 - Factify - WARNING - Model file not found at bad_path
2026-02-10 21:24:33,852 - Factify - WARNING - Tokenizer file not found at bad_path
2026-02-10 21:24:33,853 - Factify - INFO - Making prediction for text: test...
2026-02-10 21:24:33,854 - Factify - INFO - Text preprocessing and padding successful
2026-02-10 21:24:33,854 - Factify - INFO - Calling model.predict on shape (1, 100) with dtype int32...
2026-02-10 21:24:33,855 - Factify - ERROR - Model prediction failed: 'NoneType' object has no attribute 'predict'
2026-02-10 21:24:33,869 - Factify - WARNING - Model file not found at p
2026-02-10 21:24:33,869 - Factify - WARNING - Tokenizer file not found at t
2026-02-10 21:24:33,870 - Factify - ERROR - Error preprocessing text for prediction: Tokenizer not loaded
2026-02-10 21:24:33,902 - Factify - WARNING - Model file not found at C:\Users\emon1\Desktop\zzz\Factify\models\saved_models\fake_news_detector.h5
2026-02-10 21:24:33,903 - Factify - WARNING - Tokenizer file not found at C:\Users\emon1\Desktop\zzz\Factify\models\saved_models\tokenizer.pickle
2026-02-10 21:24:33,910 - Factify - WARNING - Model file not found at dummy
2026-02-10 21:24:33,912 - Factify - WARNING - Tokenizer file not found at dummy
2026-02-10 21:24:33,915 - Factify - INFO - Making prediction for text: test...
2026-02-10 21:24:33,916 - Factify - INFO - Text preprocessing and padding successful
2026-02-10 21:24:33,917 - Factify - INFO - Calling model.predict on shape (1, 100) with dtype int32...
2026-02-10 21:24:33,919 - Factify - INFO - Raw prediction result: [[0.9]]
2026-02-10 21:24:33,920 - Factify - INFO - Prediction: REAL (probability: 0.9000)
2026-02-10 21:24:33,925 - Factify - WARNING - Model file not found at p
2026-02-10 21:24:33,925 - Factify - WARNING - Tokenizer file not found at t
2026-02-10 21:24:33,930 - Factify - INFO - Tokenizing texts with vocab_size=100, max_length=100...
2026-02-10 21:24:33,930 - Factify - INFO - Tokenization and padding completed successfully
2026-02-10 21:24:33,933 - Factify - INFO - Tokenizing texts with vocab_size=10000, max_length=100...
2026-02-10 21:24:33,934 - Factify - ERROR - Error in tokenization process: 'NoneType' object is not iterable
2026-02-10 21:24:33,938 - Factify - INFO - Preparing data for model training...
2026-02-10 21:24:33,938 - Factify - INFO - Tokenizing texts with vocab_size=10000, max_length=100...
2026-02-10 21:24:33,939 - Factify - INFO - Tokenization and padding completed successfully
2026-02-10 21:24:33,942 - Factify - INFO - Data prepared: X_train shape=(1, 100), X_test shape=(1, 100)
2026-02-10 21:24:33,945 - Factify - INFO - Preparing data for model training...
2026-02-10 21:24:33,946 - Factify - ERROR - Error preparing data: DataFrame must contain 'clean_text' column
2026-02-10 21:24:33,948 - Factify - INFO - Building LSTM-GRU model with vocab_size=100, embedding_dim=100...
2026-02-10 21:24:33,980 - Factify - INFO - LSTM-GRU model built successfully
2026-02-10 21:24:33,984 - Factify - INFO - Building LSTM-GRU model with vocab_size=100, embedding_dim=100...
2026-02-10 21:24:34,001 - Factify - ERROR - Error building model: Build error
2026-02-10 21:24:34,007 - Factify - INFO - Training model for 1 epochs with batch_size=64...
2026-02-10 21:24:34,008 - Factify - INFO - Model training completed successfully
2026-02-10 21:24:34,011 - Factify - INFO - Training model for 5 epochs with batch_size=64...
2026-02-10 21:24:34,011 - Factify - ERROR - Error training model: 'NoneType' object has no attribute 'fit'
2026-02-10 21:24:34,016 - Factify - INFO - Model saved to model_path.h5
2026-02-10 21:24:34,019 - Factify - ERROR - Error saving model: expected str, bytes or os.PathLike object, not NoneType
2026-02-10 21:24:34,029 - Factify - INFO - Model saved to model.h5
2026-02-10 21:24:34,030 - Factify - INFO - Tokenizer saved to tok.pickle
2026-02-10 21:25:08,280 - Factify - INFO - Application shutting down...
2026-02-10 21:25:14,072 - Factify - INFO - Loading model from C:\Users\emon1\Desktop\zzz\Factify\models\saved_models\fake_news_detector.h5
2026-02-10 21:25:14,238 - Factify - INFO - Model loaded successfully
2026-02-10 21:25:14,239 - Factify - INFO - Loading tokenizer from C:\Users\emon1\Desktop\zzz\Factify\models\saved_models\tokenizer.pickle
2026-02-10 21:25:14,470 - Factify - INFO - Tokenizer loaded successfully
2026-02-10 21:25:14,475 - Factify - INFO - Application starting up...
2026-02-10 21:25:20,250 - Factify - INFO - Loading model from C:\Users\emon1\Desktop\zzz\Factify\models\saved_models\fake_news_detector.h5
2026-02-10 21:25:20,687 - Factify - INFO - Model loaded successfully
2026-02-10 21:25:20,688 - Factify - INFO - Loading tokenizer from C:\Users\emon1\Desktop\zzz\Factify\models\saved_models\tokenizer.pickle
2026-02-10 21:25:20,872 - Factify - INFO - Tokenizer loaded successfully
2026-02-10 21:25:21,571 - Factify - INFO - Received prediction request for text length: 9
2026-02-10 21:25:21,579 - Factify - INFO - Received prediction request for text length: 10
2026-02-10 21:25:21,579 - Factify - ERROR - Prediction error: Prediction failed
2026-02-10 21:25:21,587 - Factify - INFO - Application starting up...
2026-02-10 21:25:21,588 - Factify - INFO - Application shutting down...
2026-02-10 21:25:21,603 - Factify - INFO - Loading data from files...
2026-02-10 21:25:21,611 - Factify - INFO - Removing 1 duplicate entries
2026-02-10 21:25:21,614 - Factify - INFO - Data loaded successfully: 2 rows and 4 columns
2026-02-10 21:25:21,618 - Factify - INFO - Loading data from files...
2026-02-10 21:25:21,619 - Factify - ERROR - Error loading data: [Errno 2] No such file or directory: 'non_existent.csv'
2026-02-10 21:25:21,675 - Factify - INFO - Cleaning text data...
2026-02-10 21:25:21,677 - Factify - INFO - Text data cleaned successfully
2026-02-10 21:25:21,680 - Factify - INFO - Cleaning text data...
2026-02-10 21:25:21,681 - Factify - ERROR - Error cleaning dataframe: 'NoneType' object is not subscriptable
2026-02-10 21:25:21,697 - Factify - WARNING - Model file not found at path
2026-02-10 21:25:21,698 - Factify - WARNING - Tokenizer file not found at path
2026-02-10 21:25:21,701 - Factify - WARNING - Model file not found at bad_path
2026-02-10 21:25:21,702 - Factify - WARNING - Tokenizer file not found at bad_path
2026-02-10 21:25:21,703 - Factify - INFO - Making prediction for text: test...
2026-02-10 21:25:21,704 - Factify - INFO - Text preprocessing and padding successful
2026-02-10 21:25:21,704 - Factify - INFO - Calling model.predict on shape (1, 100) with dtype int32...
2026-02-10 21:25:21,705 - Factify - ERROR - Model prediction failed: 'NoneType' object has no attribute 'predict'
2026-02-10 21:25:21,713 - Factify - WARNING - Model file not found at p
2026-02-10 21:25:21,714 - Factify - WARNING - Tokenizer file not found at t
2026-02-10 21:25:21,714 - Factify - ERROR - Error preprocessing text for prediction: Tokenizer not loaded
2026-02-10 21:25:21,722 - Factify - WARNING - Model file not found at C:\Users\emon1\Desktop\zzz\Factify\models\saved_models\fake_news_detector.h5
2026-02-10 21:25:21,723 - Factify - WARNING - Tokenizer file not found at C:\Users\emon1\Desktop\zzz\Factify\models\saved_models\tokenizer.pickle
2026-02-10 21:25:21,726 - Factify - WARNING - Model file not found at dummy
2026-02-10 21:25:21,726 - Factify - WARNING - Tokenizer file not found at dummy
2026-02-10 21:25:21,728 - Factify - INFO - Making prediction for text: test...
2026-02-10 21:25:21,729 - Factify - INFO - Text preprocessing and padding successful
2026-02-10 21:25:21,729 - Factify - INFO - Calling model.predict on shape (1, 100) with dtype int32...
2026-02-10 21:25:21,730 - Factify - INFO - Raw prediction result: [[0.9]]
2026-02-10 21:25:21,730 - Factify - INFO - Prediction: REAL (probability: 0.9000)
2026-02-10 21:25:21,733 - Factify - WARNING - Model file not found at p
2026-02-10 21:25:21,734 - Factify - WARNING - Tokenizer file not found at t
2026-02-10 21:25:21,738 - Factify - INFO - Tokenizing texts with vocab_size=100, max_length=100...
2026-02-10 21:25:21,738 - Factify - INFO - Tokenization and padding completed successfully
2026-02-10 21:25:21,741 - Factify - INFO - Tokenizing texts with vocab_size=10000, max_length=100...
2026-02-10 21:25:21,742 - Factify - ERROR - Error in tokenization process: 'NoneType' object is not iterable
2026-02-10 21:25:21,744 - Factify - INFO - Preparing data for model training...
2026-02-10 21:25:21,744 - Factify - INFO - Tokenizing texts with vocab_size=10000, max_length=100...
2026-02-10 21:25:21,745 - Factify - INFO - Tokenization and padding completed successfully
2026-02-10 21:25:21,746 - Factify - INFO - Data prepared: X_train shape=(1, 100), X_test shape=(1, 100)
2026-02-10 21:25:21,750 - Factify - INFO - Preparing data for model training...
2026-02-10 21:25:21,750 - Factify - ERROR - Error preparing data: DataFrame must contain 'clean_text' column
2026-02-10 21:25:21,754 - Factify - INFO - Building LSTM-GRU model with vocab_size=100, embedding_dim=100...
2026-02-10 21:25:21,777 - Factify - INFO - LSTM-GRU model built successfully
2026-02-10 21:25:21,780 - Factify - INFO - Building LSTM-GRU model with vocab_size=100, embedding_dim=100...
2026-02-10 21:25:21,795 - Factify - ERROR - Error building model: Build error
2026-02-10 21:25:21,800 - Factify - INFO - Training model for 1 epochs with batch_size=64...
2026-02-10 21:25:21,801 - Factify - INFO - Model training completed successfully
2026-02-10 21:25:21,804 - Factify - INFO - Training model for 5 epochs with batch_size=64...
2026-02-10 21:25:21,805 - Factify - ERROR - Error training model: 'NoneType' object has no attribute 'fit'
2026-02-10 21:25:21,810 - Factify - INFO - Model saved to model_path.h5
2026-02-10 21:25:21,812 - Factify - ERROR - Error saving model: expected str, bytes or os.PathLike object, not NoneType
2026-02-10 21:25:21,820 - Factify - INFO - Model saved to model.h5
2026-02-10 21:25:21,821 - Factify - INFO - Tokenizer saved to tok.pickle
2026-02-10 21:25:59,822 - Factify - INFO - Application shutting down...
2026-02-10 21:26:05,646 - Factify - INFO - Loading model from C:\Users\emon1\Desktop\zzz\Factify\models\saved_models\fake_news_detector.h5
2026-02-10 21:26:05,771 - Factify - INFO - Model loaded successfully
2026-02-10 21:26:05,771 - Factify - INFO - Loading tokenizer from C:\Users\emon1\Desktop\zzz\Factify\models\saved_models\tokenizer.pickle
2026-02-10 21:26:05,996 - Factify - INFO - Tokenizer loaded successfully
2026-02-10 21:26:06,000 - Factify - INFO - Application starting up...
2026-02-10 21:26:11,993 - Factify - INFO - Loading model from C:\Users\emon1\Desktop\zzz\Factify\models\saved_models\fake_news_detector.h5
2026-02-10 21:26:13,008 - Factify - INFO - Model loaded successfully
2026-02-10 21:26:13,009 - Factify - INFO - Loading tokenizer from C:\Users\emon1\Desktop\zzz\Factify\models\saved_models\tokenizer.pickle
2026-02-10 21:26:13,192 - Factify - INFO - Tokenizer loaded successfully
2026-02-10 21:26:13,921 - Factify - INFO - Received prediction request for text length: 9
2026-02-10 21:26:13,927 - Factify - INFO - Received prediction request for text length: 10
2026-02-10 21:26:13,928 - Factify - ERROR - Prediction error: Prediction failed
2026-02-10 21:26:13,935 - Factify - INFO - Application starting up...
2026-02-10 21:26:13,936 - Factify - INFO - Application shutting down...
2026-02-10 21:26:13,951 - Factify - INFO - Loading data from files...
2026-02-10 21:26:13,957 - Factify - INFO - Removing 1 duplicate entries
2026-02-10 21:26:13,961 - Factify - INFO - Data loaded successfully: 2 rows and 4 columns
2026-02-10 21:26:13,964 - Factify - INFO - Loading data from files...
2026-02-10 21:26:13,964 - Factify - ERROR - Error loading data: [Errno 2] No such file or directory: 'non_existent.csv'
2026-02-10 21:26:14,018 - Factify - INFO - Cleaning text data...
2026-02-10 21:26:14,021 - Factify - INFO - Text data cleaned successfully
2026-02-10 21:26:14,024 - Factify - INFO - Cleaning text data...
2026-02-10 21:26:14,024 - Factify - ERROR - Error cleaning dataframe: 'NoneType' object is not subscriptable
2026-02-10 21:26:14,046 - Factify - WARNING - Model file not found at path
2026-02-10 21:26:14,046 - Factify - WARNING - Tokenizer file not found at path
2026-02-10 21:26:14,049 - Factify - WARNING - Model file not found at bad_path
2026-02-10 21:26:14,049 - Factify - WARNING - Tokenizer file not found at bad_path
2026-02-10 21:26:14,050 - Factify - INFO - Making prediction for text: test...
2026-02-10 21:26:14,050 - Factify - INFO - Text preprocessing and padding successful
2026-02-10 21:26:14,051 - Factify - INFO - Calling model.predict on shape (1, 100) with dtype int32...
2026-02-10 21:26:14,052 - Factify - ERROR - Model prediction failed: 'NoneType' object has no attribute 'predict'
2026-02-10 21:26:14,065 - Factify - WARNING - Model file not found at p
2026-02-10 21:26:14,065 - Factify - WARNING - Tokenizer file not found at t
2026-02-10 21:26:14,066 - Factify - ERROR - Error preprocessing text for prediction: Tokenizer not loaded
2026-02-10 21:26:14,074 - Factify - WARNING - Model file not found at C:\Users\emon1\Desktop\zzz\Factify\models\saved_models\fake_news_detector.h5
2026-02-10 21:26:14,075 - Factify - WARNING - Tokenizer file not found at C:\Users\emon1\Desktop\zzz\Factify\models\saved_models\tokenizer.pickle
2026-02-10 21:26:14,077 - Factify - WARNING - Model file not found at dummy
2026-02-10 21:26:14,078 - Factify - WARNING - Tokenizer file not found at dummy
2026-02-10 21:26:14,080 - Factify - INFO - Making prediction for text: test...
2026-02-10 21:26:14,080 - Factify - INFO - Text preprocessing and padding successful
2026-02-10 21:26:14,080 - Factify - INFO - Calling model.predict on shape (1, 100) with dtype int32...
2026-02-10 21:26:14,081 - Factify - INFO - Raw prediction result: [[0.9]]
2026-02-10 21:26:14,082 - Factify - INFO - Prediction: REAL (probability: 0.9000)
2026-02-10 21:26:14,084 - Factify - WARNING - Model file not found at p
2026-02-10 21:26:14,085 - Factify - WARNING - Tokenizer file not found at t
2026-02-10 21:26:14,090 - Factify - INFO - Tokenizing texts with vocab_size=100, max_length=100...
2026-02-10 21:26:14,090 - Factify - INFO - Tokenization and padding completed successfully
2026-02-10 21:26:14,093 - Factify - INFO - Tokenizing texts with vocab_size=10000, max_length=100...
2026-02-10 21:26:14,093 - Factify - ERROR - Error in tokenization process: 'NoneType' object is not iterable
2026-02-10 21:26:14,096 - Factify - INFO - Preparing data for model training...
2026-02-10 21:26:14,097 - Factify - INFO - Tokenizing texts with vocab_size=10000, max_length=100...
2026-02-10 21:26:14,098 - Factify - INFO - Tokenization and padding completed successfully
2026-02-10 21:26:14,099 - Factify - INFO - Data prepared: X_train shape=(1, 100), X_test shape=(1, 100)
2026-02-10 21:26:14,103 - Factify - INFO - Preparing data for model training...
2026-02-10 21:26:14,104 - Factify - ERROR - Error preparing data: DataFrame must contain 'clean_text' column
2026-02-10 21:26:14,107 - Factify - INFO - Building LSTM-GRU model with vocab_size=100, embedding_dim=100...
2026-02-10 21:26:14,128 - Factify - INFO - LSTM-GRU model built successfully
2026-02-10 21:26:14,130 - Factify - INFO - Building LSTM-GRU model with vocab_size=100, embedding_dim=100...
2026-02-10 21:26:14,151 - Factify - ERROR - Error building model: Build error
2026-02-10 21:26:14,156 - Factify - INFO - Training model for 1 epochs with batch_size=64...
2026-02-10 21:26:14,157 - Factify - INFO - Model training completed successfully
2026-02-10 21:26:14,160 - Factify - INFO - Training model for 5 epochs with batch_size=64...
2026-02-10 21:26:14,160 - Factify - ERROR - Error training model: 'NoneType' object has no attribute 'fit'
2026-02-10 21:26:14,165 - Factify - INFO - Model saved to model_path.h5
2026-02-10 21:26:14,167 - Factify - ERROR - Error saving model: expected str, bytes or os.PathLike object, not NoneType
2026-02-10 21:26:14,303 - Factify - INFO - Model saved to model.h5
2026-02-10 21:26:14,305 - Factify - INFO - Tokenizer saved to tok.pickle
2026-02-10 21:26:52,416 - Factify - INFO - Application shutting down...
2026-02-10 21:26:57,878 - Factify - INFO - Loading model from C:\Users\emon1\Desktop\zzz\Factify\models\saved_models\fake_news_detector.h5
2026-02-10 21:26:57,991 - Factify - INFO - Model loaded successfully
2026-02-10 21:26:57,992 - Factify - INFO - Loading tokenizer from C:\Users\emon1\Desktop\zzz\Factify\models\saved_models\tokenizer.pickle
2026-02-10 21:26:58,174 - Factify - INFO - Tokenizer loaded successfully
2026-02-10 21:26:58,178 - Factify - INFO - Application starting up...
2026-02-10 21:26:58,179 - Factify - INFO - Application shutting down...
2026-02-10 21:27:03,478 - Factify - INFO - Loading model from C:\Users\emon1\Desktop\zzz\Factify\models\saved_models\fake_news_detector.h5
2026-02-10 21:27:03,615 - Factify - INFO - Model loaded successfully
2026-02-10 21:27:03,616 - Factify - INFO - Loading tokenizer from C:\Users\emon1\Desktop\zzz\Factify\models\saved_models\tokenizer.pickle
2026-02-10 21:27:03,800 - Factify - INFO - Tokenizer loaded successfully
2026-02-10 21:27:03,805 - Factify - INFO - Application starting up...
2026-02-10 21:29:26,372 - Factify - INFO - Loading model from C:\Users\emon1\Desktop\zzz\Factify\models\saved_models\fake_news_detector.h5
2026-02-10 21:29:26,527 - Factify - INFO - Model loaded successfully
2026-02-10 21:29:26,527 - Factify - INFO - Loading tokenizer from C:\Users\emon1\Desktop\zzz\Factify\models\saved_models\tokenizer.pickle
2026-02-10 21:29:26,715 - Factify - INFO - Tokenizer loaded successfully
2026-02-10 21:29:27,435 - Factify - INFO - Received prediction request for text length: 9
2026-02-10 21:29:27,443 - Factify - INFO - Received prediction request for text length: 10
2026-02-10 21:29:27,444 - Factify - ERROR - Prediction error: Prediction failed
2026-02-10 21:29:27,451 - Factify - INFO - Application starting up...
2026-02-10 21:29:27,453 - Factify - INFO - Application shutting down...
2026-02-10 21:29:27,504 - Factify - INFO - Loading data from files...
2026-02-10 21:29:27,515 - Factify - INFO - Removing 1 duplicate entries
2026-02-10 21:29:27,518 - Factify - INFO - Data loaded successfully: 2 rows and 4 columns
2026-02-10 21:29:27,522 - Factify - INFO - Loading data from files...
2026-02-10 21:29:27,523 - Factify - ERROR - Error loading data: [Errno 2] No such file or directory: 'non_existent.csv'
2026-02-10 21:29:27,603 - Factify - INFO - Cleaning text data...
2026-02-10 21:29:27,606 - Factify - INFO - Text data cleaned successfully
2026-02-10 21:29:27,608 - Factify - INFO - Cleaning text data...
2026-02-10 21:29:27,610 - Factify - ERROR - Error cleaning dataframe: 'NoneType' object is not subscriptable
2026-02-10 21:29:27,628 - Factify - WARNING - Model file not found at path
2026-02-10 21:29:27,629 - Factify - WARNING - Tokenizer file not found at path
2026-02-10 21:29:27,631 - Factify - WARNING - Model file not found at bad_path
2026-02-10 21:29:27,632 - Factify - WARNING - Tokenizer file not found at bad_path
2026-02-10 21:29:27,633 - Factify - INFO - Making prediction for text: test...
2026-02-10 21:29:27,634 - Factify - INFO - Text preprocessing and padding successful
2026-02-10 21:29:27,634 - Factify - INFO - Calling model.predict on shape (1, 100) with dtype int32...
2026-02-10 21:29:27,635 - Factify - ERROR - Model prediction failed: 'NoneType' object has no attribute 'predict'
2026-02-10 21:29:27,652 - Factify - WARNING - Model file not found at p
2026-02-10 21:29:27,652 - Factify - WARNING - Tokenizer file not found at t
2026-02-10 21:29:27,653 - Factify - ERROR - Error preprocessing text for prediction: Tokenizer not loaded
2026-02-10 21:29:27,661 - Factify - WARNING - Model file not found at C:\Users\emon1\Desktop\zzz\Factify\models\saved_models\fake_news_detector.h5
2026-02-10 21:29:27,662 - Factify - WARNING - Tokenizer file not found at C:\Users\emon1\Desktop\zzz\Factify\models\saved_models\tokenizer.pickle
2026-02-10 21:29:27,665 - Factify - WARNING - Model file not found at dummy
2026-02-10 21:29:27,665 - Factify - WARNING - Tokenizer file not found at dummy
2026-02-10 21:29:27,668 - Factify - INFO - Making prediction for text: test...
2026-02-10 21:29:27,668 - Factify - INFO - Text preprocessing and padding successful
2026-02-10 21:29:27,669 - Factify - INFO - Calling model.predict on shape (1, 100) with dtype int32...
2026-02-10 21:29:27,671 - Factify - INFO - Raw prediction result: [[0.9]]
2026-02-10 21:29:27,671 - Factify - INFO - Prediction: REAL (probability: 0.9000)
2026-02-10 21:29:27,674 - Factify - WARNING - Model file not found at p
2026-02-10 21:29:27,675 - Factify - WARNING - Tokenizer file not found at t
2026-02-10 21:29:27,679 - Factify - INFO - Tokenizing texts with vocab_size=100, max_length=100...
2026-02-10 21:29:27,679 - Factify - INFO - Tokenization and padding completed successfully
2026-02-10 21:29:27,682 - Factify - INFO - Tokenizing texts with vocab_size=10000, max_length=100...
2026-02-10 21:29:27,683 - Factify - ERROR - Error in tokenization process: 'NoneType' object is not iterable
2026-02-10 21:29:27,686 - Factify - INFO - Preparing data for model training...
2026-02-10 21:29:27,687 - Factify - INFO - Tokenizing texts with vocab_size=10000, max_length=100...
2026-02-10 21:29:27,688 - Factify - INFO - Tokenization and padding completed successfully
2026-02-10 21:29:27,690 - Factify - INFO - Data prepared: X_train shape=(1, 100), X_test shape=(1, 100)
2026-02-10 21:29:27,693 - Factify - INFO - Preparing data for model training...
2026-02-10 21:29:27,694 - Factify - ERROR - Error preparing data: DataFrame must contain 'clean_text' column
2026-02-10 21:29:27,697 - Factify - INFO - Building LSTM-GRU model with vocab_size=100, embedding_dim=100...
2026-02-10 21:29:27,718 - Factify - INFO - LSTM-GRU model built successfully
2026-02-10 21:29:27,721 - Factify - INFO - Building LSTM-GRU model with vocab_size=100, embedding_dim=100...
2026-02-10 21:29:27,736 - Factify - ERROR - Error building model: Build error
2026-02-10 21:29:27,740 - Factify - INFO - Training model for 1 epochs with batch_size=64...
2026-02-10 21:29:27,742 - Factify - INFO - Model training completed successfully
2026-02-10 21:29:27,745 - Factify - INFO - Training model for 5 epochs with batch_size=64...
2026-02-10 21:29:27,745 - Factify - ERROR - Error training model: 'NoneType' object has no attribute 'fit'
2026-02-10 21:29:27,750 - Factify - INFO - Model saved to model_path.h5
2026-02-10 21:29:27,752 - Factify - ERROR - Error saving model: expected str, bytes or os.PathLike object, not NoneType
2026-02-10 21:29:27,762 - Factify - INFO - Model saved to model.h5
2026-02-10 21:29:27,763 - Factify - INFO - Tokenizer saved to tok.pickle
2026-02-10 21:29:35,937 - Factify - INFO - Application shutting down...
2026-02-10 21:29:41,485 - Factify - INFO - Loading model from C:\Users\emon1\Desktop\zzz\Factify\models\saved_models\fake_news_detector.h5
2026-02-10 21:29:41,600 - Factify - INFO - Model loaded successfully
2026-02-10 21:29:41,601 - Factify - INFO - Loading tokenizer from C:\Users\emon1\Desktop\zzz\Factify\models\saved_models\tokenizer.pickle
2026-02-10 21:29:41,786 - Factify - INFO - Tokenizer loaded successfully
2026-02-10 21:29:41,790 - Factify - INFO - Application starting up...
2026-02-10 21:29:52,191 - Factify - INFO - Loading model from C:\Users\emon1\Desktop\zzz\Factify\models\saved_models\fake_news_detector.h5
2026-02-10 21:29:52,345 - Factify - INFO - Model loaded successfully
2026-02-10 21:29:52,346 - Factify - INFO - Loading tokenizer from C:\Users\emon1\Desktop\zzz\Factify\models\saved_models\tokenizer.pickle
2026-02-10 21:29:52,534 - Factify - INFO - Tokenizer loaded successfully
2026-02-10 21:29:53,266 - Factify - INFO - Received prediction request for text length: 9
2026-02-10 21:29:53,273 - Factify - INFO - Received prediction request for text length: 10
2026-02-10 21:29:53,274 - Factify - ERROR - Prediction error: Prediction failed
2026-02-10 21:29:53,281 - Factify - INFO - Application starting up...
2026-02-10 21:29:53,282 - Factify - INFO - Application shutting down...
2026-02-10 21:29:53,301 - Factify - INFO - Loading data from files...
2026-02-10 21:29:53,308 - Factify - INFO - Removing 1 duplicate entries
2026-02-10 21:29:53,311 - Factify - INFO - Data loaded successfully: 2 rows and 4 columns
2026-02-10 21:29:53,315 - Factify - INFO - Loading data from files...
2026-02-10 21:29:53,316 - Factify - ERROR - Error loading data: [Errno 2] No such file or directory: 'non_existent.csv'
2026-02-10 21:29:53,433 - Factify - INFO - Cleaning text data...
2026-02-10 21:29:53,435 - Factify - INFO - Text data cleaned successfully
2026-02-10 21:29:53,438 - Factify - INFO - Cleaning text data...
2026-02-10 21:29:53,439 - Factify - ERROR - Error cleaning dataframe: 'NoneType' object is not subscriptable
2026-02-10 21:29:53,456 - Factify - WARNING - Model file not found at path
2026-02-10 21:29:53,457 - Factify - WARNING - Tokenizer file not found at path
2026-02-10 21:29:53,460 - Factify - WARNING - Model file not found at bad_path
2026-02-10 21:29:53,460 - Factify - WARNING - Tokenizer file not found at bad_path
2026-02-10 21:29:53,461 - Factify - INFO - Making prediction for text: test...
2026-02-10 21:29:53,462 - Factify - INFO - Text preprocessing and padding successful
2026-02-10 21:29:53,462 - Factify - INFO - Calling model.predict on shape (1, 100) with dtype int32...
2026-02-10 21:29:53,463 - Factify - ERROR - Model prediction failed: 'NoneType' object has no attribute 'predict'
2026-02-10 21:29:53,475 - Factify - WARNING - Model file not found at p
2026-02-10 21:29:53,475 - Factify - WARNING - Tokenizer file not found at t
2026-02-10 21:29:53,476 - Factify - ERROR - Error preprocessing text for prediction: Tokenizer not loaded
2026-02-10 21:29:53,484 - Factify - WARNING - Model file not found at C:\Users\emon1\Desktop\zzz\Factify\models\saved_models\fake_news_detector.h5
2026-02-10 21:29:53,484 - Factify - WARNING - Tokenizer file not found at C:\Users\emon1\Desktop\zzz\Factify\models\saved_models\tokenizer.pickle
2026-02-10 21:29:53,487 - Factify - WARNING - Model file not found at dummy
2026-02-10 21:29:53,487 - Factify - WARNING - Tokenizer file not found at dummy
2026-02-10 21:29:53,490 - Factify - INFO - Making prediction for text: test...
2026-02-10 21:29:53,491 - Factify - INFO - Text preprocessing and padding successful
2026-02-10 21:29:53,492 - Factify - INFO - Calling model.predict on shape (1, 100) with dtype int32...
2026-02-10 21:29:53,492 - Factify - INFO - Raw prediction result: [[0.9]]
2026-02-10 21:29:53,493 - Factify - INFO - Prediction: REAL (probability: 0.9000)
2026-02-10 21:29:53,496 - Factify - WARNING - Model file not found at p
2026-02-10 21:29:53,497 - Factify - WARNING - Tokenizer file not found at t
2026-02-10 21:29:53,501 - Factify - INFO - Tokenizing texts with vocab_size=100, max_length=100...
2026-02-10 21:29:53,502 - Factify - INFO - Tokenization and padding completed successfully
2026-02-10 21:29:53,504 - Factify - INFO - Tokenizing texts with vocab_size=10000, max_length=100...
2026-02-10 21:29:53,505 - Factify - ERROR - Error in tokenization process: 'NoneType' object is not iterable
2026-02-10 21:29:53,511 - Factify - INFO - Preparing data for model training...
2026-02-10 21:29:53,512 - Factify - INFO - Tokenizing texts with vocab_size=10000, max_length=100...
2026-02-10 21:29:53,513 - Factify - INFO - Tokenization and padding completed successfully
2026-02-10 21:29:53,516 - Factify - INFO - Data prepared: X_train shape=(1, 100), X_test shape=(1, 100)
2026-02-10 21:29:53,519 - Factify - INFO - Preparing data for model training...
2026-02-10 21:29:53,520 - Factify - ERROR - Error preparing data: DataFrame must contain 'clean_text' column
2026-02-10 21:29:53,524 - Factify - INFO - Building LSTM-GRU model with vocab_size=100, embedding_dim=100...
2026-02-10 21:29:53,549 - Factify - INFO - LSTM-GRU model built successfully
2026-02-10 21:29:53,551 - Factify - INFO - Building LSTM-GRU model with vocab_size=100, embedding_dim=100...
2026-02-10 21:29:53,567 - Factify - ERROR - Error building model: Build error
2026-02-10 21:29:53,571 - Factify - INFO - Training model for 1 epochs with batch_size=64...
2026-02-10 21:29:53,573 - Factify - INFO - Model training completed successfully
2026-02-10 21:29:53,576 - Factify - INFO - Training model for 5 epochs with batch_size=64...
2026-02-10 21:29:53,577 - Factify - ERROR - Error training model: 'NoneType' object has no attribute 'fit'
2026-02-10 21:29:53,582 - Factify - INFO - Model saved to model_path.h5
2026-02-10 21:29:53,585 - Factify - ERROR - Error saving model: expected str, bytes or os.PathLike object, not NoneType
2026-02-10 21:29:53,594 - Factify - INFO - Model saved to model.h5
2026-02-10 21:29:53,596 - Factify - INFO - Tokenizer saved to tok.pickle
2026-02-10 21:30:10,017 - Factify - INFO - Loading model from C:\Users\emon1\Desktop\zzz\Factify\models\saved_models\fake_news_detector.h5
2026-02-10 21:30:10,126 - Factify - INFO - Model loaded successfully
2026-02-10 21:30:10,127 - Factify - INFO - Loading tokenizer from C:\Users\emon1\Desktop\zzz\Factify\models\saved_models\tokenizer.pickle
2026-02-10 21:30:10,327 - Factify - INFO - Tokenizer loaded successfully
2026-02-10 21:30:10,331 - Factify - INFO - Application starting up...
2026-02-10 21:38:23,791 - Factify - INFO - Loading model from C:\Users\emon1\Desktop\zzz\Factify\models\saved_models\fake_news_detector.h5
2026-02-10 21:38:24,258 - Factify - INFO - Model loaded successfully
2026-02-10 21:38:24,258 - Factify - INFO - Loading tokenizer from C:\Users\emon1\Desktop\zzz\Factify\models\saved_models\tokenizer.pickle
2026-02-10 21:38:24,513 - Factify - INFO - Tokenizer loaded successfully
2026-02-10 21:38:25,274 - Factify - INFO - Received prediction request for text length: 9
2026-02-10 21:38:25,282 - Factify - INFO - Received prediction request for text length: 10
2026-02-10 21:38:25,284 - Factify - ERROR - Prediction error: Prediction failed
2026-02-10 21:38:25,296 - Factify - INFO - Application starting up...
2026-02-10 21:38:25,298 - Factify - INFO - Application shutting down...
2026-02-10 21:38:25,327 - Factify - INFO - Loading data from files...
2026-02-10 21:38:25,334 - Factify - INFO - Removing 1 duplicate entries
2026-02-10 21:38:25,338 - Factify - INFO - Data loaded successfully: 2 rows and 4 columns
2026-02-10 21:38:25,342 - Factify - INFO - Loading data from files...
2026-02-10 21:38:25,343 - Factify - ERROR - Error loading data: [Errno 2] No such file or directory: 'non_existent.csv'
2026-02-10 21:38:25,408 - Factify - INFO - Cleaning text data...
2026-02-10 21:38:25,411 - Factify - INFO - Text data cleaned successfully
2026-02-10 21:38:25,413 - Factify - INFO - Cleaning text data...
2026-02-10 21:38:25,413 - Factify - ERROR - Error cleaning dataframe: 'NoneType' object is not subscriptable
2026-02-10 21:38:25,433 - Factify - WARNING - Model file not found at path
2026-02-10 21:38:25,434 - Factify - WARNING - Tokenizer file not found at path
2026-02-10 21:38:25,437 - Factify - WARNING - Model file not found at bad_path
2026-02-10 21:38:25,438 - Factify - WARNING - Tokenizer file not found at bad_path
2026-02-10 21:38:25,439 - Factify - INFO - Making prediction for text: test...
2026-02-10 21:38:25,440 - Factify - INFO - Text preprocessing and padding successful
2026-02-10 21:38:25,440 - Factify - INFO - Calling model.predict on shape (1, 100) with dtype int32...
2026-02-10 21:38:25,441 - Factify - ERROR - Model prediction failed: 'NoneType' object has no attribute 'predict'
2026-02-10 21:38:25,457 - Factify - WARNING - Model file not found at p
2026-02-10 21:38:25,458 - Factify - WARNING - Tokenizer file not found at t
2026-02-10 21:38:25,459 - Factify - ERROR - Error preprocessing text for prediction: Tokenizer not loaded
2026-02-10 21:38:25,467 - Factify - WARNING - Model file not found at C:\Users\emon1\Desktop\zzz\Factify\models\saved_models\fake_news_detector.h5
2026-02-10 21:38:25,468 - Factify - WARNING - Tokenizer file not found at C:\Users\emon1\Desktop\zzz\Factify\models\saved_models\tokenizer.pickle
2026-02-10 21:38:25,471 - Factify - WARNING - Model file not found at dummy
2026-02-10 21:38:25,472 - Factify - WARNING - Tokenizer file not found at dummy
2026-02-10 21:38:25,476 - Factify - INFO - Making prediction for text: test...
2026-02-10 21:38:25,476 - Factify - INFO - Text preprocessing and padding successful
2026-02-10 21:38:25,477 - Factify - INFO - Calling model.predict on shape (1, 100) with dtype int32...
2026-02-10 21:38:25,478 - Factify - INFO - Raw prediction result: [[0.9]]
2026-02-10 21:38:25,478 - Factify - INFO - Prediction: REAL (probability: 0.9000)
2026-02-10 21:38:25,481 - Factify - WARNING - Model file not found at p
2026-02-10 21:38:25,481 - Factify - WARNING - Tokenizer file not found at t
2026-02-10 21:38:25,485 - Factify - INFO - Tokenizing texts with vocab_size=100, max_length=100...
2026-02-10 21:38:25,485 - Factify - INFO - Tokenization and padding completed successfully
2026-02-10 21:38:25,490 - Factify - INFO - Tokenizing texts with vocab_size=10000, max_length=100...
2026-02-10 21:38:25,492 - Factify - ERROR - Error in tokenization process: 'NoneType' object is not iterable
2026-02-10 21:38:25,497 - Factify - INFO - Preparing data for model training...
2026-02-10 21:38:25,498 - Factify - INFO - Tokenizing texts with vocab_size=10000, max_length=100...
2026-02-10 21:38:25,498 - Factify - INFO - Tokenization and padding completed successfully
2026-02-10 21:38:25,500 - Factify - INFO - Data prepared: X_train shape=(1, 100), X_test shape=(1, 100)
2026-02-10 21:38:25,503 - Factify - INFO - Preparing data for model training...
2026-02-10 21:38:25,504 - Factify - ERROR - Error preparing data: DataFrame must contain 'clean_text' column
2026-02-10 21:38:25,508 - Factify - INFO - Building LSTM-GRU model with vocab_size=100, embedding_dim=100...
2026-02-10 21:38:25,531 - Factify - INFO - LSTM-GRU model built successfully
2026-02-10 21:38:25,534 - Factify - INFO - Building LSTM-GRU model with vocab_size=100, embedding_dim=100...
2026-02-10 21:38:25,551 - Factify - ERROR - Error building model: Build error
2026-02-10 21:38:25,557 - Factify - INFO - Training model for 1 epochs with batch_size=64...
2026-02-10 21:38:25,561 - Factify - INFO - Model training completed successfully
2026-02-10 21:38:25,564 - Factify - INFO - Training model for 5 epochs with batch_size=64...
2026-02-10 21:38:25,565 - Factify - ERROR - Error training model: 'NoneType' object has no attribute 'fit'
2026-02-10 21:38:25,570 - Factify - INFO - Model saved to model_path.h5
2026-02-10 21:38:25,574 - Factify - ERROR - Error saving model: expected str, bytes or os.PathLike object, not NoneType
2026-02-10 21:38:25,582 - Factify - INFO - Model saved to model.h5
2026-02-10 21:38:25,584 - Factify - INFO - Tokenizer saved to tok.pickle
2026-02-10 22:10:06,012 - Factify - INFO - Loading model from C:\Users\emon1\Desktop\zzz\Factify\models\saved_models\fake_news_detector.h5
2026-02-10 22:10:06,170 - Factify - INFO - Model loaded successfully
2026-02-10 22:10:06,170 - Factify - INFO - Loading tokenizer from C:\Users\emon1\Desktop\zzz\Factify\models\saved_models\tokenizer.pickle
2026-02-10 22:10:06,359 - Factify - INFO - Tokenizer loaded successfully
2026-02-10 22:10:07,088 - Factify - INFO - Received prediction request for text length: 9
2026-02-10 22:10:07,095 - Factify - INFO - Received prediction request for text length: 10
2026-02-10 22:10:07,096 - Factify - ERROR - Prediction error: Prediction failed
2026-02-10 22:10:07,104 - Factify - INFO - Application starting up...
2026-02-10 22:10:07,105 - Factify - INFO - Application shutting down...
2026-02-10 22:10:07,159 - Factify - INFO - Loading data from files...
2026-02-10 22:10:07,169 - Factify - INFO - Removing 1 duplicate entries
2026-02-10 22:10:07,174 - Factify - INFO - Data loaded successfully: 2 rows and 4 columns
2026-02-10 22:10:07,178 - Factify - INFO - Loading data from files...
2026-02-10 22:10:07,178 - Factify - ERROR - Error loading data: [Errno 2] No such file or directory: 'non_existent.csv'
2026-02-10 22:10:07,247 - Factify - INFO - Cleaning text data...
2026-02-10 22:10:07,250 - Factify - INFO - Text data cleaned successfully
2026-02-10 22:10:07,254 - Factify - INFO - Cleaning text data...
2026-02-10 22:10:07,254 - Factify - ERROR - Error cleaning dataframe: 'NoneType' object is not subscriptable
2026-02-10 22:10:07,271 - Factify - WARNING - Model file not found at path
2026-02-10 22:10:07,272 - Factify - WARNING - Tokenizer file not found at path
2026-02-10 22:10:07,274 - Factify - WARNING - Model file not found at bad_path
2026-02-10 22:10:07,275 - Factify - WARNING - Tokenizer file not found at bad_path
2026-02-10 22:10:07,276 - Factify - INFO - Making prediction for text: test...
2026-02-10 22:10:07,277 - Factify - INFO - Text preprocessing and padding successful
2026-02-10 22:10:07,277 - Factify - INFO - Calling model.predict on shape (1, 100) with dtype int32...
2026-02-10 22:10:07,278 - Factify - ERROR - Model prediction failed: 'NoneType' object has no attribute 'predict'
2026-02-10 22:10:07,292 - Factify - WARNING - Model file not found at p
2026-02-10 22:10:07,292 - Factify - WARNING - Tokenizer file not found at t
2026-02-10 22:10:07,293 - Factify - ERROR - Error preprocessing text for prediction: Tokenizer not loaded
2026-02-10 22:10:07,301 - Factify - WARNING - Model file not found at C:\Users\emon1\Desktop\zzz\Factify\models\saved_models\fake_news_detector.h5
2026-02-10 22:10:07,301 - Factify - WARNING - Tokenizer file not found at C:\Users\emon1\Desktop\zzz\Factify\models\saved_models\tokenizer.pickle
2026-02-10 22:10:07,305 - Factify - WARNING - Model file not found at dummy
2026-02-10 22:10:07,305 - Factify - WARNING - Tokenizer file not found at dummy
2026-02-10 22:10:07,307 - Factify - INFO - Making prediction for text: test...
2026-02-10 22:10:07,308 - Factify - INFO - Text preprocessing and padding successful
2026-02-10 22:10:07,309 - Factify - INFO - Calling model.predict on shape (1, 100) with dtype int32...
2026-02-10 22:10:07,310 - Factify - INFO - Raw prediction result: [[0.9]]
2026-02-10 22:10:07,312 - Factify - INFO - Prediction: REAL (probability: 0.9000)
2026-02-10 22:10:07,320 - Factify - WARNING - Model file not found at p
2026-02-10 22:10:07,321 - Factify - WARNING - Tokenizer file not found at t
2026-02-10 22:10:07,326 - Factify - INFO - Tokenizing texts with vocab_size=100, max_length=100...
2026-02-10 22:10:07,327 - Factify - INFO - Tokenization and padding completed successfully
2026-02-10 22:10:07,331 - Factify - INFO - Tokenizing texts with vocab_size=10000, max_length=100...
2026-02-10 22:10:07,332 - Factify - ERROR - Error in tokenization process: 'NoneType' object is not iterable
2026-02-10 22:10:07,336 - Factify - INFO - Preparing data for model training...
2026-02-10 22:10:07,337 - Factify - INFO - Tokenizing texts with vocab_size=10000, max_length=100...
2026-02-10 22:10:07,338 - Factify - INFO - Tokenization and padding completed successfully
2026-02-10 22:10:07,340 - Factify - INFO - Data prepared: X_train shape=(1, 100), X_test shape=(1, 100)
2026-02-10 22:10:07,345 - Factify - INFO - Preparing data for model training...
2026-02-10 22:10:07,346 - Factify - ERROR - Error preparing data: DataFrame must contain 'clean_text' column
2026-02-10 22:10:07,348 - Factify - INFO - Building LSTM-GRU model with vocab_size=100, embedding_dim=100...
2026-02-10 22:10:07,371 - Factify - INFO - LSTM-GRU model built successfully
2026-02-10 22:10:07,374 - Factify - INFO - Building LSTM-GRU model with vocab_size=100, embedding_dim=100...
2026-02-10 22:10:07,388 - Factify - ERROR - Error building model: Build error
2026-02-10 22:10:07,393 - Factify - INFO - Training model for 1 epochs with batch_size=64...
2026-02-10 22:10:07,394 - Factify - INFO - Model training completed successfully
2026-02-10 22:10:07,397 - Factify - INFO - Training model for 5 epochs with batch_size=64...
2026-02-10 22:10:07,398 - Factify - ERROR - Error training model: 'NoneType' object has no attribute 'fit'
2026-02-10 22:10:07,402 - Factify - INFO - Model saved to model_path.h5
2026-02-10 22:10:07,405 - Factify - ERROR - Error saving model: expected str, bytes or os.PathLike object, not NoneType
2026-02-10 22:10:07,415 - Factify - INFO - Model saved to model.h5
2026-02-10 22:10:07,416 - Factify - INFO - Tokenizer saved to tok.pickle
2026-02-10 23:06:06,189 - Factify - INFO - Application shutting down...
2026-02-10 23:06:13,348 - Factify - INFO - Loading model from C:\Users\emon1\Desktop\zzz\Factify\models\saved_models\fake_news_detector.h5
2026-02-10 23:06:13,456 - Factify - INFO - Model loaded successfully
2026-02-10 23:06:13,456 - Factify - INFO - Loading tokenizer from C:\Users\emon1\Desktop\zzz\Factify\models\saved_models\tokenizer.pickle
2026-02-10 23:06:13,673 - Factify - INFO - Tokenizer loaded successfully
2026-02-10 23:06:13,700 - Factify - INFO - Application starting up...
2026-02-10 23:12:00,370 - Factify - INFO - Loading model from C:\Users\emon1\Desktop\zzz\Factify\models\saved_models\fake_news_detector.h5
2026-02-10 23:12:00,532 - Factify - INFO - Model loaded successfully
2026-02-10 23:12:00,533 - Factify - INFO - Loading tokenizer from C:\Users\emon1\Desktop\zzz\Factify\models\saved_models\tokenizer.pickle
2026-02-10 23:12:00,755 - Factify - INFO - Tokenizer loaded successfully
2026-02-10 23:12:00,763 - Factify - INFO - Application starting up...
2026-02-10 23:12:47,344 - Factify - INFO - Application shutting down...
2026-02-10 23:12:53,757 - Factify - INFO - Loading model from C:\Users\emon1\Desktop\zzz\Factify\models\saved_models\fake_news_detector.h5
2026-02-10 23:12:53,860 - Factify - INFO - Model loaded successfully
2026-02-10 23:12:53,861 - Factify - INFO - Loading tokenizer from C:\Users\emon1\Desktop\zzz\Factify\models\saved_models\tokenizer.pickle
2026-02-10 23:12:54,072 - Factify - INFO - Tokenizer loaded successfully
2026-02-10 23:12:54,077 - Factify - INFO - Application starting up...
2026-02-10 23:12:54,078 - Factify - INFO - Application shutting down...
2026-02-10 23:12:59,466 - Factify - INFO - Loading model from C:\Users\emon1\Desktop\zzz\Factify\models\saved_models\fake_news_detector.h5
2026-02-10 23:12:59,572 - Factify - INFO - Model loaded successfully
2026-02-10 23:12:59,573 - Factify - INFO - Loading tokenizer from C:\Users\emon1\Desktop\zzz\Factify\models\saved_models\tokenizer.pickle
2026-02-10 23:12:59,746 - Factify - INFO - Tokenizer loaded successfully
2026-02-10 23:12:59,751 - Factify - INFO - Application starting up...
2026-02-10 23:16:08,401 - Factify - INFO - Application shutting down...
2026-02-10 23:16:13,645 - Factify - INFO - Loading model from C:\Users\emon1\Desktop\zzz\Factify\models\saved_models\fake_news_detector.h5
2026-02-10 23:16:13,744 - Factify - INFO - Model loaded successfully
2026-02-10 23:16:13,745 - Factify - INFO - Loading tokenizer from C:\Users\emon1\Desktop\zzz\Factify\models\saved_models\tokenizer.pickle
2026-02-10 23:16:13,919 - Factify - INFO - Tokenizer loaded successfully
2026-02-10 23:16:13,924 - Factify - INFO - Application starting up...
2026-02-10 23:16:13,925 - Factify - INFO - Application shutting down...
2026-02-10 23:16:19,169 - Factify - INFO - Loading model from C:\Users\emon1\Desktop\zzz\Factify\models\saved_models\fake_news_detector.h5
2026-02-10 23:16:19,271 - Factify - INFO - Model loaded successfully
2026-02-10 23:16:19,271 - Factify - INFO - Loading tokenizer from C:\Users\emon1\Desktop\zzz\Factify\models\saved_models\tokenizer.pickle
2026-02-10 23:16:19,441 - Factify - INFO - Tokenizer loaded successfully
2026-02-10 23:16:19,446 - Factify - INFO - Application starting up...
2026-02-10 23:26:14,750 - Factify - INFO - Application shutting down...
2026-02-10 23:26:27,312 - Factify - INFO - Loading model from C:\Users\emon1\Desktop\zzz\Factify\models\saved_models\fake_news_detector.h5
2026-02-10 23:26:27,447 - Factify - INFO - Model loaded successfully
2026-02-10 23:26:27,448 - Factify - INFO - Loading tokenizer from C:\Users\emon1\Desktop\zzz\Factify\models\saved_models\tokenizer.pickle
2026-02-10 23:26:27,642 - Factify - INFO - Tokenizer loaded successfully
2026-02-10 23:26:27,648 - Factify - INFO - Application starting up...
2026-02-10 23:35:12,358 - Factify - INFO - Loading model from C:\Users\emon1\Desktop\zzz\Factify\models\saved_models\fake_news_detector.h5
2026-02-10 23:35:12,462 - Factify - INFO - Model loaded successfully
2026-02-10 23:35:12,463 - Factify - INFO - Loading tokenizer from C:\Users\emon1\Desktop\zzz\Factify\models\saved_models\tokenizer.pickle
2026-02-10 23:35:12,638 - Factify - INFO - Tokenizer loaded successfully
2026-02-10 23:35:12,644 - Factify - INFO - Application starting up...
2026-02-10 23:46:55,150 - Factify - INFO - Application shutting down...
2026-02-10 23:47:00,872 - Factify - INFO - Loading model from C:\Users\emon1\Desktop\zzz\Factify\models\saved_models\fake_news_detector.h5
2026-02-10 23:47:00,983 - Factify - INFO - Model loaded successfully
2026-02-10 23:47:00,984 - Factify - INFO - Loading tokenizer from C:\Users\emon1\Desktop\zzz\Factify\models\saved_models\tokenizer.pickle
2026-02-10 23:47:01,161 - Factify - INFO - Tokenizer loaded successfully
2026-02-10 23:47:01,166 - Factify - INFO - Application starting up...
2026-02-10 23:47:01,167 - Factify - INFO - Application shutting down...
2026-02-10 23:47:07,024 - Factify - INFO - Loading model from C:\Users\emon1\Desktop\zzz\Factify\models\saved_models\fake_news_detector.h5
2026-02-10 23:47:07,126 - Factify - INFO - Model loaded successfully
2026-02-10 23:47:07,126 - Factify - INFO - Loading tokenizer from C:\Users\emon1\Desktop\zzz\Factify\models\saved_models\tokenizer.pickle
2026-02-10 23:47:07,304 - Factify - INFO - Tokenizer loaded successfully
2026-02-10 23:47:07,309 - Factify - INFO - Application starting up...
2026-02-11 00:50:35,814 - Factify - INFO - Loading model from C:\Users\emon1\Desktop\zzz\Factify\models\saved_models\fake_news_detector.h5
2026-02-11 00:50:36,233 - Factify - INFO - Model loaded successfully
2026-02-11 00:50:36,233 - Factify - INFO - Loading tokenizer from C:\Users\emon1\Desktop\zzz\Factify\models\saved_models\tokenizer.pickle
2026-02-11 00:50:36,417 - Factify - INFO - Tokenizer loaded successfully
2026-02-11 00:50:38,066 - Factify - INFO - Received prediction request for text length: 9
2026-02-11 00:50:38,077 - Factify - INFO - Received prediction request for text length: 10
2026-02-11 00:50:38,077 - Factify - ERROR - Prediction error: Prediction failed
2026-02-11 00:50:38,089 - Factify - INFO - Application starting up...
2026-02-11 00:50:38,091 - Factify - INFO - Application shutting down...
2026-02-11 00:50:38,145 - Factify - INFO - Loading data from files...
2026-02-11 00:50:38,249 - Factify - INFO - Removing 1 duplicate entries
2026-02-11 00:50:38,302 - Factify - INFO - Data loaded successfully: 2 rows and 4 columns
2026-02-11 00:50:38,312 - Factify - INFO - Loading data from files...
2026-02-11 00:50:38,312 - Factify - ERROR - Error loading data: [Errno 2] No such file or directory: 'non_existent.csv'
2026-02-11 00:50:38,369 - Factify - INFO - Cleaning text data...
2026-02-11 00:50:38,372 - Factify - INFO - Text data cleaned successfully
2026-02-11 00:50:38,374 - Factify - INFO - Cleaning text data...
2026-02-11 00:50:38,375 - Factify - ERROR - Error cleaning dataframe: 'NoneType' object is not subscriptable
2026-02-11 00:50:38,393 - Factify - WARNING - Model file not found at path
2026-02-11 00:50:38,393 - Factify - WARNING - Tokenizer file not found at path
2026-02-11 00:50:38,396 - Factify - WARNING - Model file not found at bad_path
2026-02-11 00:50:38,397 - Factify - WARNING - Tokenizer file not found at bad_path
2026-02-11 00:50:38,398 - Factify - INFO - Making prediction for text: test...
2026-02-11 00:50:38,398 - Factify - INFO - Text preprocessing and padding successful
2026-02-11 00:50:38,399 - Factify - INFO - Calling model.predict on shape (1, 100) with dtype int32...
2026-02-11 00:50:38,399 - Factify - ERROR - Model prediction failed: 'NoneType' object has no attribute 'predict'
2026-02-11 00:50:38,412 - Factify - WARNING - Model file not found at p
2026-02-11 00:50:38,412 - Factify - WARNING - Tokenizer file not found at t
2026-02-11 00:50:38,413 - Factify - ERROR - Error preprocessing text for prediction: Tokenizer not loaded
2026-02-11 00:50:38,422 - Factify - WARNING - Model file not found at C:\Users\emon1\Desktop\zzz\Factify\models\saved_models\fake_news_detector.h5
2026-02-11 00:50:38,423 - Factify - WARNING - Tokenizer file not found at C:\Users\emon1\Desktop\zzz\Factify\models\saved_models\tokenizer.pickle
2026-02-11 00:50:38,427 - Factify - WARNING - Model file not found at dummy
2026-02-11 00:50:38,428 - Factify - WARNING - Tokenizer file not found at dummy
2026-02-11 00:50:38,431 - Factify - INFO - Making prediction for text: test...
2026-02-11 00:50:38,432 - Factify - INFO - Text preprocessing and padding successful
2026-02-11 00:50:38,433 - Factify - INFO - Calling model.predict on shape (1, 100) with dtype int32...
2026-02-11 00:50:38,436 - Factify - INFO - Raw prediction result: [[0.9]]
2026-02-11 00:50:38,436 - Factify - INFO - Prediction: REAL (probability: 0.9000)
2026-02-11 00:50:38,440 - Factify - WARNING - Model file not found at p
2026-02-11 00:50:38,441 - Factify - WARNING - Tokenizer file not found at t
2026-02-11 00:50:38,445 - Factify - INFO - Tokenizing texts with vocab_size=100, max_length=100...
2026-02-11 00:50:38,445 - Factify - INFO - Tokenization and padding completed successfully
2026-02-11 00:50:38,449 - Factify - INFO - Tokenizing texts with vocab_size=10000, max_length=100...
2026-02-11 00:50:38,449 - Factify - ERROR - Error in tokenization process: 'NoneType' object is not iterable
2026-02-11 00:50:38,452 - Factify - INFO - Preparing data for model training...
2026-02-11 00:50:38,453 - Factify - INFO - Tokenizing texts with vocab_size=10000, max_length=100...
2026-02-11 00:50:38,454 - Factify - INFO - Tokenization and padding completed successfully
2026-02-11 00:50:38,460 - Factify - INFO - Data prepared: X_train shape=(1, 100), X_test shape=(1, 100)
2026-02-11 00:50:38,463 - Factify - INFO - Preparing data for model training...
2026-02-11 00:50:38,463 - Factify - ERROR - Error preparing data: DataFrame must contain 'clean_text' column
2026-02-11 00:50:38,465 - Factify - INFO - Building LSTM-GRU model with vocab_size=100, embedding_dim=100...
2026-02-11 00:50:38,488 - Factify - INFO - LSTM-GRU model built successfully
2026-02-11 00:50:38,492 - Factify - INFO - Building LSTM-GRU model with vocab_size=100, embedding_dim=100...
2026-02-11 00:50:38,506 - Factify - ERROR - Error building model: Build error
2026-02-11 00:50:38,513 - Factify - INFO - Training model for 1 epochs with batch_size=64...
2026-02-11 00:50:38,514 - Factify - INFO - Model training completed successfully
2026-02-11 00:50:38,517 - Factify - INFO - Training model for 5 epochs with batch_size=64...
2026-02-11 00:50:38,517 - Factify - ERROR - Error training model: 'NoneType' object has no attribute 'fit'
2026-02-11 00:50:38,522 - Factify - INFO - Model saved to model_path.h5
2026-02-11 00:50:38,524 - Factify - ERROR - Error saving model: expected str, bytes or os.PathLike object, not NoneType
2026-02-11 00:50:38,534 - Factify - INFO - Model saved to model.h5
2026-02-11 00:50:38,536 - Factify - INFO - Tokenizer saved to tok.pickle
2026-02-11 00:57:02,217 - Factify - INFO - Loading model from C:\Users\emon1\Desktop\zzz\Factify\models\saved_models\fake_news_detector.h5
2026-02-11 00:57:03,059 - Factify - INFO - Model loaded successfully
2026-02-11 00:57:03,060 - Factify - INFO - Loading tokenizer from C:\Users\emon1\Desktop\zzz\Factify\models\saved_models\tokenizer.pickle
2026-02-11 00:57:03,275 - Factify - INFO - Tokenizer loaded successfully
2026-02-11 00:57:04,095 - Factify - INFO - Received prediction request for text length: 9
2026-02-11 00:57:04,103 - Factify - INFO - Received prediction request for text length: 10
2026-02-11 00:57:04,104 - Factify - ERROR - Prediction error: Prediction failed
2026-02-11 00:57:04,113 - Factify - INFO - Application starting up...
2026-02-11 00:57:04,115 - Factify - INFO - Application shutting down...
2026-02-11 00:57:04,143 - Factify - INFO - Loading data from files...
2026-02-11 00:57:04,151 - Factify - INFO - Removing 1 duplicate entries
2026-02-11 00:57:04,155 - Factify - INFO - Data loaded successfully: 2 rows and 4 columns
2026-02-11 00:57:04,159 - Factify - INFO - Loading data from files...
2026-02-11 00:57:04,160 - Factify - ERROR - Error loading data: [Errno 2] No such file or directory: 'non_existent.csv'
2026-02-11 00:57:04,234 - Factify - INFO - Cleaning text data...
2026-02-11 00:57:04,238 - Factify - INFO - Text data cleaned successfully
2026-02-11 00:57:04,241 - Factify - INFO - Cleaning text data...
2026-02-11 00:57:04,242 - Factify - ERROR - Error cleaning dataframe: 'NoneType' object is not subscriptable
2026-02-11 00:57:04,261 - Factify - WARNING - Model file not found at path
2026-02-11 00:57:04,262 - Factify - WARNING - Tokenizer file not found at path
2026-02-11 00:57:04,265 - Factify - WARNING - Model file not found at bad_path
2026-02-11 00:57:04,265 - Factify - WARNING - Tokenizer file not found at bad_path
2026-02-11 00:57:04,267 - Factify - INFO - Making prediction for text: test...
2026-02-11 00:57:04,268 - Factify - INFO - Text preprocessing and padding successful
2026-02-11 00:57:04,268 - Factify - INFO - Calling model.predict on shape (1, 100) with dtype int32...
2026-02-11 00:57:04,269 - Factify - ERROR - Model prediction failed: 'NoneType' object has no attribute 'predict'
2026-02-11 00:57:04,285 - Factify - WARNING - Model file not found at p
2026-02-11 00:57:04,285 - Factify - WARNING - Tokenizer file not found at t
2026-02-11 00:57:04,286 - Factify - ERROR - Error preprocessing text for prediction: Tokenizer not loaded
2026-02-11 00:57:04,294 - Factify - WARNING - Model file not found at C:\Users\emon1\Desktop\zzz\Factify\models\saved_models\fake_news_detector.h5
2026-02-11 00:57:04,295 - Factify - WARNING - Tokenizer file not found at C:\Users\emon1\Desktop\zzz\Factify\models\saved_models\tokenizer.pickle
2026-02-11 00:57:04,298 - Factify - WARNING - Model file not found at dummy
2026-02-11 00:57:04,299 - Factify - WARNING - Tokenizer file not found at dummy
2026-02-11 00:57:04,303 - Factify - INFO - Making prediction for text: test...
2026-02-11 00:57:04,304 - Factify - INFO - Text preprocessing and padding successful
2026-02-11 00:57:04,304 - Factify - INFO - Calling model.predict on shape (1, 100) with dtype int32...
2026-02-11 00:57:04,305 - Factify - INFO - Raw prediction result: [[0.9]]
2026-02-11 00:57:04,306 - Factify - INFO - Prediction: REAL (probability: 0.9000)
2026-02-11 00:57:04,309 - Factify - WARNING - Model file not found at p
2026-02-11 00:57:04,310 - Factify - WARNING - Tokenizer file not found at t
2026-02-11 00:57:04,316 - Factify - INFO - Tokenizing texts with vocab_size=100, max_length=100...
2026-02-11 00:57:04,317 - Factify - INFO - Tokenization and padding completed successfully
2026-02-11 00:57:04,320 - Factify - INFO - Tokenizing texts with vocab_size=10000, max_length=100...
2026-02-11 00:57:04,320 - Factify - ERROR - Error in tokenization process: 'NoneType' object is not iterable
2026-02-11 00:57:04,323 - Factify - INFO - Preparing data for model training...
2026-02-11 00:57:04,324 - Factify - INFO - Tokenizing texts with vocab_size=10000, max_length=100...
2026-02-11 00:57:04,325 - Factify - INFO - Tokenization and padding completed successfully
2026-02-11 00:57:04,326 - Factify - INFO - Data prepared: X_train shape=(1, 100), X_test shape=(1, 100)
2026-02-11 00:57:04,330 - Factify - INFO - Preparing data for model training...
2026-02-11 00:57:04,331 - Factify - ERROR - Error preparing data: DataFrame must contain 'clean_text' column
2026-02-11 00:57:04,335 - Factify - INFO - Building LSTM-GRU model with vocab_size=100, embedding_dim=100...
2026-02-11 00:57:04,365 - Factify - INFO - LSTM-GRU model built successfully
2026-02-11 00:57:04,370 - Factify - INFO - Building LSTM-GRU model with vocab_size=100, embedding_dim=100...
2026-02-11 00:57:04,393 - Factify - ERROR - Error building model: Build error
2026-02-11 00:57:04,401 - Factify - INFO - Training model for 1 epochs with batch_size=64...
2026-02-11 00:57:04,402 - Factify - INFO - Model training completed successfully
2026-02-11 00:57:04,405 - Factify - INFO - Training model for 5 epochs with batch_size=64...
2026-02-11 00:57:04,406 - Factify - ERROR - Error training model: 'NoneType' object has no attribute 'fit'
2026-02-11 00:57:04,411 - Factify - INFO - Model saved to model_path.h5
2026-02-11 00:57:04,414 - Factify - ERROR - Error saving model: expected str, bytes or os.PathLike object, not NoneType
2026-02-11 00:57:04,429 - Factify - INFO - Model saved to model.h5
2026-02-11 00:57:04,431 - Factify - INFO - Tokenizer saved to tok.pickle
2026-02-11 01:28:54,863 - Factify - INFO - Application shutting down...
2026-02-11 01:29:00,827 - Factify - INFO - Loading model from C:\Users\emon1\Desktop\zzz\Factify\models\saved_models\fake_news_detector.h5
2026-02-11 01:29:00,936 - Factify - INFO - Model loaded successfully
2026-02-11 01:29:00,937 - Factify - INFO - Loading tokenizer from C:\Users\emon1\Desktop\zzz\Factify\models\saved_models\tokenizer.pickle
2026-02-11 01:29:01,112 - Factify - INFO - Tokenizer loaded successfully
2026-02-11 01:29:01,117 - Factify - INFO - Application starting up...
2026-02-11 03:17:24,533 - Factify - INFO - Application shutting down...
2026-02-11 03:17:31,621 - Factify - INFO - Loading model from C:\Users\emon1\Desktop\zzz\Factify\models\saved_models\fake_news_detector.h5
2026-02-11 03:17:31,721 - Factify - INFO - Model loaded successfully
2026-02-11 03:17:31,721 - Factify - INFO - Loading tokenizer from C:\Users\emon1\Desktop\zzz\Factify\models\saved_models\tokenizer.pickle
2026-02-11 03:17:31,884 - Factify - INFO - Tokenizer loaded successfully
2026-02-11 03:17:31,888 - Factify - INFO - Application starting up...
2026-02-11 14:56:03,946 - Factify - INFO - Loading model from C:\Users\emon1\Desktop\zzz\Factify\backend\models\saved_models\fake_news_detector.h5
2026-02-11 14:56:05,161 - Factify - INFO - Model loaded successfully
2026-02-11 14:56:05,162 - Factify - INFO - Loading tokenizer from C:\Users\emon1\Desktop\zzz\Factify\backend\models\saved_models\tokenizer.pickle
2026-02-11 14:56:05,372 - Factify - INFO - Tokenizer loaded successfully
2026-02-11 14:56:06,707 - Factify - INFO - Received prediction request for text length: 9
2026-02-11 14:56:06,719 - Factify - INFO - Received prediction request for text length: 10
2026-02-11 14:56:06,720 - Factify - ERROR - Prediction error: Prediction failed
2026-02-11 14:56:06,727 - Factify - INFO - Application starting up...
2026-02-11 14:56:06,729 - Factify - INFO - Application shutting down...
2026-02-11 14:56:06,768 - Factify - INFO - Loading data from files...
2026-02-11 14:56:06,874 - Factify - INFO - Removing 1 duplicate entries
2026-02-11 14:56:06,912 - Factify - INFO - Data loaded successfully: 2 rows and 4 columns
2026-02-11 14:56:06,915 - Factify - INFO - Loading data from files...
2026-02-11 14:56:06,916 - Factify - ERROR - Error loading data: [Errno 2] No such file or directory: 'non_existent.csv'
2026-02-11 14:56:06,984 - Factify - INFO - Cleaning text data...
2026-02-11 14:56:06,986 - Factify - INFO - Text data cleaned successfully
2026-02-11 14:56:06,989 - Factify - INFO - Cleaning text data...
2026-02-11 14:56:06,990 - Factify - ERROR - Error cleaning dataframe: 'NoneType' object is not subscriptable
2026-02-11 14:56:07,006 - Factify - WARNING - Model file not found at path
2026-02-11 14:56:07,006 - Factify - WARNING - Tokenizer file not found at path
2026-02-11 14:56:07,008 - Factify - WARNING - Model file not found at bad_path
2026-02-11 14:56:07,009 - Factify - WARNING - Tokenizer file not found at bad_path
2026-02-11 14:56:07,010 - Factify - INFO - Making prediction for text: test...
2026-02-11 14:56:07,010 - Factify - INFO - Text preprocessing and padding successful
2026-02-11 14:56:07,011 - Factify - INFO - Calling model.predict on shape (1, 100) with dtype int32...
2026-02-11 14:56:07,011 - Factify - ERROR - Model prediction failed: 'NoneType' object has no attribute 'predict'
2026-02-11 14:56:07,025 - Factify - WARNING - Model file not found at p
2026-02-11 14:56:07,026 - Factify - WARNING - Tokenizer file not found at t
2026-02-11 14:56:07,027 - Factify - ERROR - Error preprocessing text for prediction: Tokenizer not loaded
2026-02-11 14:56:07,035 - Factify - WARNING - Model file not found at C:\Users\emon1\Desktop\zzz\Factify\backend\models\saved_models\fake_news_detector.h5
2026-02-11 14:56:07,035 - Factify - WARNING - Tokenizer file not found at C:\Users\emon1\Desktop\zzz\Factify\backend\models\saved_models\tokenizer.pickle
2026-02-11 14:56:07,038 - Factify - WARNING - Model file not found at dummy
2026-02-11 14:56:07,039 - Factify - WARNING - Tokenizer file not found at dummy
2026-02-11 14:56:07,041 - Factify - INFO - Making prediction for text: test...
2026-02-11 14:56:07,042 - Factify - INFO - Text preprocessing and padding successful
2026-02-11 14:56:07,042 - Factify - INFO - Calling model.predict on shape (1, 100) with dtype int32...
2026-02-11 14:56:07,045 - Factify - INFO - Raw prediction result: [[0.9]]
2026-02-11 14:56:07,046 - Factify - INFO - Prediction: REAL (probability: 0.9000)
2026-02-11 14:56:07,049 - Factify - WARNING - Model file not found at p
2026-02-11 14:56:07,049 - Factify - WARNING - Tokenizer file not found at t
2026-02-11 14:56:07,055 - Factify - INFO - Tokenizing texts with vocab_size=100, max_length=100...
2026-02-11 14:56:07,056 - Factify - INFO - Tokenization and padding completed successfully
2026-02-11 14:56:07,058 - Factify - INFO - Tokenizing texts with vocab_size=10000, max_length=100...
2026-02-11 14:56:07,059 - Factify - ERROR - Error in tokenization process: 'NoneType' object is not iterable
2026-02-11 14:56:07,062 - Factify - INFO - Preparing data for model training...
2026-02-11 14:56:07,063 - Factify - INFO - Tokenizing texts with vocab_size=10000, max_length=100...
2026-02-11 14:56:07,063 - Factify - INFO - Tokenization and padding completed successfully
2026-02-11 14:56:07,069 - Factify - INFO - Data prepared: X_train shape=(1, 100), X_test shape=(1, 100)
2026-02-11 14:56:07,072 - Factify - INFO - Preparing data for model training...
2026-02-11 14:56:07,073 - Factify - ERROR - Error preparing data: DataFrame must contain 'clean_text' column
2026-02-11 14:56:07,075 - Factify - INFO - Building LSTM-GRU model with vocab_size=100, embedding_dim=100...
2026-02-11 14:56:07,099 - Factify - INFO - LSTM-GRU model built successfully
2026-02-11 14:56:07,102 - Factify - INFO - Building LSTM-GRU model with vocab_size=100, embedding_dim=100...
2026-02-11 14:56:07,123 - Factify - ERROR - Error building model: Build error
2026-02-11 14:56:07,130 - Factify - INFO - Training model for 1 epochs with batch_size=64...
2026-02-11 14:56:07,131 - Factify - INFO - Model training completed successfully
2026-02-11 14:56:07,134 - Factify - INFO - Training model for 5 epochs with batch_size=64...
2026-02-11 14:56:07,135 - Factify - ERROR - Error training model: 'NoneType' object has no attribute 'fit'
2026-02-11 14:56:07,140 - Factify - INFO - Model saved to model_path.h5
2026-02-11 14:56:07,142 - Factify - ERROR - Error saving model: expected str, bytes or os.PathLike object, not NoneType
2026-02-11 14:56:07,151 - Factify - INFO - Model saved to model.h5
2026-02-11 14:56:07,152 - Factify - INFO - Tokenizer saved to tok.pickle
2026-02-11 18:06:01,355 - Factify - INFO - Loading model from c:\Users\emon1\Desktop\zzz\Factify\backend\models\saved_models\fake_news_detector.h5
2026-02-11 18:06:02,664 - Factify - INFO - Model loaded successfully
2026-02-11 18:06:02,665 - Factify - INFO - Loading tokenizer from c:\Users\emon1\Desktop\zzz\Factify\backend\models\saved_models\tokenizer.pickle
2026-02-11 18:06:02,871 - Factify - INFO - Tokenizer loaded successfully
2026-02-11 18:06:02,879 - Factify - INFO - Application starting up...
2026-02-11 18:06:46,219 - Factify - INFO - Received prediction request for text length: 11
2026-02-11 18:06:46,220 - Factify - INFO - Making prediction for text: kire vai...
2026-02-11 18:06:47,418 - Factify - INFO - Text preprocessing and padding successful
2026-02-11 18:06:47,419 - Factify - INFO - Calling model.predict on shape (1, 100) with dtype int32...
2026-02-11 18:06:49,308 - Factify - INFO - Raw prediction result: [[0.0385826]]
2026-02-11 18:06:49,309 - Factify - INFO - Prediction: FAKE (probability: 0.0386)
2026-02-11 18:36:00,634 - Factify - INFO - Loading model from C:\Users\emon1\Desktop\zzz\Factify\backend\models\saved_models\fake_news_detector.h5
2026-02-11 18:36:00,791 - Factify - INFO - Model loaded successfully
2026-02-11 18:36:00,791 - Factify - INFO - Loading tokenizer from C:\Users\emon1\Desktop\zzz\Factify\backend\models\saved_models\tokenizer.pickle
2026-02-11 18:36:01,110 - Factify - INFO - Tokenizer loaded successfully
2026-02-11 18:36:01,940 - Factify - INFO - Received prediction request for text length: 9
2026-02-11 18:36:01,947 - Factify - INFO - Received prediction request for text length: 10
2026-02-11 18:36:01,947 - Factify - ERROR - Prediction error: Prediction failed
2026-02-11 18:36:01,957 - Factify - INFO - Application starting up...
2026-02-11 18:36:01,958 - Factify - INFO - Application shutting down...
2026-02-11 18:36:01,999 - Factify - INFO - Loading data from files...
2026-02-11 18:36:02,087 - Factify - INFO - Removing 1 duplicate entries
2026-02-11 18:36:02,124 - Factify - INFO - Data loaded successfully: 2 rows and 4 columns
2026-02-11 18:36:02,128 - Factify - INFO - Loading data from files...
2026-02-11 18:36:02,128 - Factify - ERROR - Error loading data: [Errno 2] No such file or directory: 'non_existent.csv'
2026-02-11 18:36:02,185 - Factify - INFO - Cleaning text data...
2026-02-11 18:36:02,187 - Factify - INFO - Text data cleaned successfully
2026-02-11 18:36:02,190 - Factify - INFO - Cleaning text data...
2026-02-11 18:36:02,191 - Factify - ERROR - Error cleaning dataframe: 'NoneType' object is not subscriptable
2026-02-11 18:36:02,207 - Factify - WARNING - Model file not found at path
2026-02-11 18:36:02,207 - Factify - WARNING - Tokenizer file not found at path
2026-02-11 18:36:02,210 - Factify - WARNING - Model file not found at bad_path
2026-02-11 18:36:02,210 - Factify - WARNING - Tokenizer file not found at bad_path
2026-02-11 18:36:02,211 - Factify - INFO - Making prediction for text: test...
2026-02-11 18:36:02,211 - Factify - INFO - Text preprocessing and padding successful
2026-02-11 18:36:02,212 - Factify - INFO - Calling model.predict on shape (1, 100) with dtype int32...
2026-02-11 18:36:02,213 - Factify - ERROR - Model prediction failed: 'NoneType' object has no attribute 'predict'
2026-02-11 18:36:02,225 - Factify - WARNING - Model file not found at p
2026-02-11 18:36:02,226 - Factify - WARNING - Tokenizer file not found at t
2026-02-11 18:36:02,226 - Factify - ERROR - Error preprocessing text for prediction: Tokenizer not loaded
2026-02-11 18:36:02,237 - Factify - WARNING - Model file not found at C:\Users\emon1\Desktop\zzz\Factify\backend\models\saved_models\fake_news_detector.h5
2026-02-11 18:36:02,237 - Factify - WARNING - Tokenizer file not found at C:\Users\emon1\Desktop\zzz\Factify\backend\models\saved_models\tokenizer.pickle
2026-02-11 18:36:02,240 - Factify - WARNING - Model file not found at dummy
2026-02-11 18:36:02,240 - Factify - WARNING - Tokenizer file not found at dummy
2026-02-11 18:36:02,242 - Factify - INFO - Making prediction for text: test...
2026-02-11 18:36:02,243 - Factify - INFO - Text preprocessing and padding successful
2026-02-11 18:36:02,243 - Factify - INFO - Calling model.predict on shape (1, 100) with dtype int32...
2026-02-11 18:36:02,245 - Factify - INFO - Raw prediction result: [[0.9]]
2026-02-11 18:36:02,246 - Factify - INFO - Prediction: REAL (probability: 0.9000)
2026-02-11 18:36:02,250 - Factify - WARNING - Model file not found at p
2026-02-11 18:36:02,250 - Factify - WARNING - Tokenizer file not found at t
2026-02-11 18:36:02,255 - Factify - INFO - Tokenizing texts with vocab_size=100, max_length=100...
2026-02-11 18:36:02,255 - Factify - INFO - Tokenization and padding completed successfully
2026-02-11 18:36:02,258 - Factify - INFO - Tokenizing texts with vocab_size=10000, max_length=100...
2026-02-11 18:36:02,258 - Factify - ERROR - Error in tokenization process: 'NoneType' object is not iterable
2026-02-11 18:36:02,260 - Factify - INFO - Preparing data for model training...
2026-02-11 18:36:02,261 - Factify - INFO - Tokenizing texts with vocab_size=10000, max_length=100...
2026-02-11 18:36:02,262 - Factify - INFO - Tokenization and padding completed successfully
2026-02-11 18:36:02,268 - Factify - INFO - Data prepared: X_train shape=(1, 100), X_test shape=(1, 100)
2026-02-11 18:36:02,271 - Factify - INFO - Preparing data for model training...
2026-02-11 18:36:02,272 - Factify - ERROR - Error preparing data: DataFrame must contain 'clean_text' column
2026-02-11 18:36:02,274 - Factify - INFO - Building LSTM-GRU model with vocab_size=100, embedding_dim=100...
2026-02-11 18:36:02,296 - Factify - INFO - LSTM-GRU model built successfully
2026-02-11 18:36:02,300 - Factify - INFO - Building LSTM-GRU model with vocab_size=100, embedding_dim=100...
2026-02-11 18:36:02,343 - Factify - ERROR - Error building model: Build error
2026-02-11 18:36:02,355 - Factify - INFO - Training model for 1 epochs with batch_size=64...
2026-02-11 18:36:02,357 - Factify - INFO - Model training completed successfully
2026-02-11 18:36:02,361 - Factify - INFO - Training model for 5 epochs with batch_size=64...
2026-02-11 18:36:02,362 - Factify - ERROR - Error training model: 'NoneType' object has no attribute 'fit'
2026-02-11 18:36:02,373 - Factify - INFO - Model saved to model_path.h5
2026-02-11 18:36:02,379 - Factify - ERROR - Error saving model: expected str, bytes or os.PathLike object, not NoneType
2026-02-11 18:36:02,388 - Factify - INFO - Model saved to model.h5
2026-02-11 18:36:02,391 - Factify - INFO - Tokenizer saved to tok.pickle
2026-02-11 19:15:17,288 - Factify - INFO - Loading model from c:\Users\emon1\Desktop\zzz\Factify\backend\models\saved_models\fake_news_detector.h5
2026-02-11 19:15:17,423 - Factify - INFO - Model loaded successfully
2026-02-11 19:15:17,424 - Factify - INFO - Loading tokenizer from c:\Users\emon1\Desktop\zzz\Factify\backend\models\saved_models\tokenizer.pickle
2026-02-11 19:15:17,617 - Factify - INFO - Tokenizer loaded successfully
2026-02-11 19:15:17,623 - Factify - INFO - Application starting up...
2026-02-11 19:21:22,378 - Factify - INFO - Received prediction request for text length: 2999
2026-02-11 19:21:22,380 - Factify - INFO - Making prediction for text: Donald Trump Sends Out Embarrassing New Year’s Eve...
2026-02-11 19:21:22,776 - Factify - INFO - Text preprocessing and padding successful
2026-02-11 19:21:22,776 - Factify - INFO - Calling model.predict on shape (1, 100) with dtype int32...
2026-02-11 19:21:23,240 - Factify - INFO - Raw prediction result: [[0.00058191]]
2026-02-11 19:21:23,241 - Factify - INFO - Prediction: FAKE (probability: 0.0006)
2026-02-11 19:22:03,935 - Factify - INFO - Received prediction request for text length: 2999
2026-02-11 19:22:03,936 - Factify - INFO - Making prediction for text: Donald Trump Sends Out Embarrassing New Year’s Eve...
2026-02-11 19:22:03,939 - Factify - INFO - Text preprocessing and padding successful
2026-02-11 19:22:03,939 - Factify - INFO - Calling model.predict on shape (1, 100) with dtype int32...
2026-02-11 19:22:04,063 - Factify - INFO - Raw prediction result: [[0.00058191]]
2026-02-11 19:22:04,064 - Factify - INFO - Prediction: FAKE (probability: 0.0006)
2026-02-11 19:22:28,095 - Factify - INFO - Received prediction request for text length: 2999
2026-02-11 19:22:28,096 - Factify - INFO - Making prediction for text: Donald Trump Sends Out Embarrassing New Year’s Eve...
2026-02-11 19:22:28,099 - Factify - INFO - Text preprocessing and padding successful
2026-02-11 19:22:28,100 - Factify - INFO - Calling model.predict on shape (1, 100) with dtype int32...
2026-02-11 19:22:28,195 - Factify - INFO - Raw prediction result: [[0.00058191]]
2026-02-11 19:22:28,196 - Factify - INFO - Prediction: FAKE (probability: 0.0006)
2026-02-11 19:22:55,967 - Factify - INFO - Received prediction request for text length: 4179
2026-02-11 19:22:55,967 - Factify - INFO - Making prediction for text: U.S. military to accept transgender recruits on Mo...
2026-02-11 19:22:55,971 - Factify - INFO - Text preprocessing and padding successful
2026-02-11 19:22:55,971 - Factify - INFO - Calling model.predict on shape (1, 100) with dtype int32...
2026-02-11 19:22:56,055 - Factify - INFO - Raw prediction result: [[0.6114402]]
2026-02-11 19:22:56,055 - Factify - INFO - Prediction: REAL (probability: 0.6114)
2026-02-11 19:23:00,069 - Factify - INFO - Received prediction request for text length: 4179
2026-02-11 19:23:00,070 - Factify - INFO - Making prediction for text: U.S. military to accept transgender recruits on Mo...
2026-02-11 19:23:00,073 - Factify - INFO - Text preprocessing and padding successful
2026-02-11 19:23:00,073 - Factify - INFO - Calling model.predict on shape (1, 100) with dtype int32...
2026-02-11 19:23:00,167 - Factify - INFO - Raw prediction result: [[0.6114402]]
2026-02-11 19:23:00,167 - Factify - INFO - Prediction: REAL (probability: 0.6114)
2026-02-11 19:23:00,749 - Factify - INFO - Received prediction request for text length: 4179
2026-02-11 19:23:00,749 - Factify - INFO - Making prediction for text: U.S. military to accept transgender recruits on Mo...
2026-02-11 19:23:00,752 - Factify - INFO - Text preprocessing and padding successful
2026-02-11 19:23:00,752 - Factify - INFO - Calling model.predict on shape (1, 100) with dtype int32...
2026-02-11 19:23:00,835 - Factify - INFO - Raw prediction result: [[0.6114402]]
2026-02-11 19:23:00,835 - Factify - INFO - Prediction: REAL (probability: 0.6114)
2026-02-11 20:21:40,313 - Factify - INFO - Loading model from C:\Users\emon1\Desktop\zzz\Factify\backend\models\saved_models\fake_news_detector.h5
2026-02-11 20:21:40,480 - Factify - INFO - Model loaded successfully
2026-02-11 20:21:40,480 - Factify - INFO - Loading tokenizer from C:\Users\emon1\Desktop\zzz\Factify\backend\models\saved_models\tokenizer.pickle
2026-02-11 20:21:40,679 - Factify - INFO - Tokenizer loaded successfully
2026-02-11 20:21:41,400 - Factify - INFO - Received prediction request for text length: 9
2026-02-11 20:21:41,407 - Factify - INFO - Received prediction request for text length: 10
2026-02-11 20:21:41,408 - Factify - ERROR - Prediction error: Prediction failed
2026-02-11 20:21:41,415 - Factify - INFO - Application starting up...
2026-02-11 20:21:41,417 - Factify - INFO - Application shutting down...
2026-02-11 20:21:41,437 - Factify - INFO - Loading data from files...
2026-02-11 20:21:41,443 - Factify - INFO - Removing 1 duplicate entries
2026-02-11 20:21:41,445 - Factify - INFO - Data loaded successfully: 2 rows and 4 columns
2026-02-11 20:21:41,449 - Factify - INFO - Loading data from files...
2026-02-11 20:21:41,449 - Factify - ERROR - Error loading data: [Errno 2] No such file or directory: 'non_existent.csv'
2026-02-11 20:21:41,513 - Factify - INFO - Cleaning text data...
2026-02-11 20:21:41,516 - Factify - INFO - Text data cleaned successfully
2026-02-11 20:21:41,519 - Factify - INFO - Cleaning text data...
2026-02-11 20:21:41,519 - Factify - ERROR - Error cleaning dataframe: 'NoneType' object is not subscriptable
2026-02-11 20:21:41,534 - Factify - WARNING - Model file not found at path
2026-02-11 20:21:41,534 - Factify - WARNING - Tokenizer file not found at path
2026-02-11 20:21:41,537 - Factify - WARNING - Model file not found at bad_path
2026-02-11 20:21:41,537 - Factify - WARNING - Tokenizer file not found at bad_path
2026-02-11 20:21:41,538 - Factify - INFO - Making prediction for text: test...
2026-02-11 20:21:41,538 - Factify - INFO - Text preprocessing and padding successful
2026-02-11 20:21:41,538 - Factify - INFO - Calling model.predict on shape (1, 100) with dtype int32...
2026-02-11 20:21:41,539 - Factify - ERROR - Model prediction failed: 'NoneType' object has no attribute 'predict'
2026-02-11 20:21:41,554 - Factify - WARNING - Model file not found at p
2026-02-11 20:21:41,554 - Factify - WARNING - Tokenizer file not found at t
2026-02-11 20:21:41,554 - Factify - ERROR - Error preprocessing text for prediction: Tokenizer not loaded
2026-02-11 20:21:41,563 - Factify - WARNING - Model file not found at C:\Users\emon1\Desktop\zzz\Factify\backend\models\saved_models\fake_news_detector.h5
2026-02-11 20:21:41,563 - Factify - WARNING - Tokenizer file not found at C:\Users\emon1\Desktop\zzz\Factify\backend\models\saved_models\tokenizer.pickle
2026-02-11 20:21:41,566 - Factify - WARNING - Model file not found at dummy
2026-02-11 20:21:41,567 - Factify - WARNING - Tokenizer file not found at dummy
2026-02-11 20:21:41,569 - Factify - INFO - Making prediction for text: test...
2026-02-11 20:21:41,569 - Factify - INFO - Text preprocessing and padding successful
2026-02-11 20:21:41,570 - Factify - INFO - Calling model.predict on shape (1, 100) with dtype int32...
2026-02-11 20:21:41,571 - Factify - INFO - Raw prediction result: [[0.9]]
2026-02-11 20:21:41,571 - Factify - INFO - Prediction: REAL (probability: 0.9000)
2026-02-11 20:21:41,574 - Factify - WARNING - Model file not found at p
2026-02-11 20:21:41,574 - Factify - WARNING - Tokenizer file not found at t
2026-02-11 20:21:41,578 - Factify - INFO - Tokenizing texts with vocab_size=100, max_length=100...
2026-02-11 20:21:41,579 - Factify - INFO - Tokenization and padding completed successfully
2026-02-11 20:21:41,582 - Factify - INFO - Tokenizing texts with vocab_size=10000, max_length=100...
2026-02-11 20:21:41,582 - Factify - ERROR - Error in tokenization process: 'NoneType' object is not iterable
2026-02-11 20:21:41,585 - Factify - INFO - Preparing data for model training...
2026-02-11 20:21:41,586 - Factify - INFO - Tokenizing texts with vocab_size=10000, max_length=100...
2026-02-11 20:21:41,586 - Factify - INFO - Tokenization and padding completed successfully
2026-02-11 20:21:41,588 - Factify - INFO - Data prepared: X_train shape=(1, 100), X_test shape=(1, 100)
2026-02-11 20:21:41,591 - Factify - INFO - Preparing data for model training...
2026-02-11 20:21:41,592 - Factify - ERROR - Error preparing data: DataFrame must contain 'clean_text' column
2026-02-11 20:21:41,594 - Factify - INFO - Building LSTM-GRU model with vocab_size=100, embedding_dim=100...
2026-02-11 20:21:41,615 - Factify - INFO - LSTM-GRU model built successfully
2026-02-11 20:21:41,618 - Factify - INFO - Building LSTM-GRU model with vocab_size=100, embedding_dim=100...
2026-02-11 20:21:41,633 - Factify - ERROR - Error building model: Build error
2026-02-11 20:21:41,637 - Factify - INFO - Training model for 1 epochs with batch_size=64...
2026-02-11 20:21:41,639 - Factify - INFO - Model training completed successfully
2026-02-11 20:21:41,641 - Factify - INFO - Training model for 5 epochs with batch_size=64...
2026-02-11 20:21:41,642 - Factify - ERROR - Error training model: 'NoneType' object has no attribute 'fit'
2026-02-11 20:21:41,646 - Factify - INFO - Model saved to model_path.h5
2026-02-11 20:21:41,649 - Factify - ERROR - Error saving model: expected str, bytes or os.PathLike object, not NoneType
2026-02-11 20:21:41,658 - Factify - INFO - Model saved to model.h5
2026-02-11 20:21:41,659 - Factify - INFO - Tokenizer saved to tok.pickle
2026-02-22 17:55:41,223 - Factify - INFO - Loading model from C:\Users\codix\OneDrive\Desktop\New folder (2)\Factify\backend\models\saved_models\fake_news_detector.h5
2026-02-22 17:55:41,331 - Factify - INFO - Model loaded successfully
2026-02-22 17:55:41,331 - Factify - INFO - Loading tokenizer from C:\Users\codix\OneDrive\Desktop\New folder (2)\Factify\backend\models\saved_models\tokenizer.pickle
2026-02-22 17:55:41,498 - Factify - INFO - Tokenizer loaded successfully
2026-02-22 17:55:41,602 - Factify - INFO - Application starting up...
2026-02-22 18:48:03,018 - Factify - INFO - Received prediction request for text length: 5
2026-02-22 18:48:03,020 - Factify - INFO - Making prediction for text: hello...
2026-02-22 18:48:07,056 - Factify - INFO - NLTK resources downloaded successfully
2026-02-22 18:48:07,083 - Factify - INFO - Text preprocessing and padding successful
2026-02-22 18:48:07,084 - Factify - INFO - Calling model.predict on shape (1, 100) with dtype int32...
2026-02-22 18:48:07,408 - Factify - INFO - Raw prediction result: [[0.10775688]]
2026-02-22 18:48:07,409 - Factify - INFO - Prediction: FAKE (probability: 0.1078)
2026-03-02 15:38:00,636 - Factify - INFO - Loading model from C:\Users\codix\OneDrive\Desktop\New folder (2)\Factify\backend\models\saved_models\fake_news_detector.h5
2026-03-02 15:38:00,849 - Factify - INFO - Model loaded successfully
2026-03-02 15:38:00,850 - Factify - INFO - Loading tokenizer from C:\Users\codix\OneDrive\Desktop\New folder (2)\Factify\backend\models\saved_models\tokenizer.pickle
2026-03-02 15:38:01,103 - Factify - INFO - Tokenizer loaded successfully
2026-03-02 15:38:01,120 - Factify - INFO - Application starting up...
2026-03-02 15:38:02,170 - Factify - INFO - Received prediction request for text length: 2
2026-03-02 15:38:02,171 - Factify - INFO - Making prediction for text: ok...
2026-03-02 15:38:03,734 - Factify - INFO - Text preprocessing and padding successful
2026-03-02 15:38:03,734 - Factify - INFO - Calling model.predict on shape (1, 100) with dtype int32...
2026-03-02 15:38:04,066 - Factify - INFO - Raw prediction result: [[0.11460767]]
2026-03-02 15:38:04,066 - Factify - INFO - Prediction: FAKE (probability: 0.1146)
2026-03-02 23:01:06,431 - Factify - INFO - Loading model from C:\Users\emon1\Desktop\zzz\Factify\backend\models\saved_models\fake_news_detector.h5
2026-03-02 23:01:06,700 - Factify - INFO - Model loaded successfully
2026-03-02 23:01:06,701 - Factify - INFO - Loading tokenizer from C:\Users\emon1\Desktop\zzz\Factify\backend\models\saved_models\tokenizer.pickle
2026-03-02 23:01:06,938 - Factify - INFO - Tokenizer loaded successfully
2026-03-02 23:01:06,953 - Factify - INFO - Application starting up...
2026-03-02 23:01:14,470 - Factify - INFO - Received prediction request for text length: 5
2026-03-02 23:01:14,471 - Factify - INFO - Making prediction for text: hello...
2026-03-02 23:01:15,359 - Factify - INFO - Text preprocessing and padding successful
2026-03-02 23:01:15,359 - Factify - INFO - Calling model.predict on shape (1, 100) with dtype int32...
2026-03-02 23:01:15,938 - Factify - INFO - Raw prediction result: [[0.10775688]]
2026-03-02 23:01:15,939 - Factify - INFO - Prediction: FAKE (probability: 0.1078)
2026-03-02 23:05:10,368 - Factify - INFO - Loading model from C:\Users\emon1\Desktop\zzz\Factify\backend\models\saved_models\fake_news_detector.h5
2026-03-02 23:05:10,499 - Factify - INFO - Model loaded successfully
2026-03-02 23:05:10,500 - Factify - INFO - Loading tokenizer from C:\Users\emon1\Desktop\zzz\Factify\backend\models\saved_models\tokenizer.pickle
2026-03-02 23:05:10,682 - Factify - INFO - Tokenizer loaded successfully
2026-03-02 23:05:10,693 - Factify - INFO - Application starting up...
2026-08-01 18:58:48,679 - Factify - INFO - Loading model from C:\Users\emon1\Desktop\project-1\Factify\backend\models\saved_models\fake_news_detector.h5
2026-08-01 18:58:49,289 - Factify - INFO - Model loaded successfully
2026-08-01 18:58:49,290 - Factify - INFO - Loading tokenizer from C:\Users\emon1\Desktop\project-1\Factify\backend\models\saved_models\tokenizer.pickle
2026-08-01 18:58:50,011 - Factify - INFO - Tokenizer loaded successfully
2026-08-01 18:59:00,919 - Factify - INFO - Received prediction request for text length: 9
2026-08-01 18:59:00,921 - Factify - INFO - Cache miss for predict:5b5c7c7cf7b339e0f4737360496d5c3e16108e6b832e732a4d13a634475751f8
2026-08-01 18:59:01,350 - Factify - INFO - Received prediction request for text length: 10
2026-08-01 18:59:01,351 - Factify - INFO - Cache miss for predict:edcadcc919c38f09aa53fbf2af68ebc4d9adad83ee00ab3da40ed9e762bac1c6
2026-08-01 18:59:01,352 - Factify - ERROR - Prediction error: Prediction failed
2026-08-01 18:59:01,366 - Factify - INFO - Application starting up...
2026-08-01 18:59:01,367 - Factify - INFO - Model warm-up disabled, skipping
2026-08-01 18:59:01,369 - Factify - INFO - Application shutting down...
2026-08-01 18:59:01,383 - Factify - INFO - Cache miss for unit:533482076467d952614d83ee8dc409a19e4544fae48262d75e808564ae2d27f7
2026-08-01 18:59:01,384 - Factify - INFO - Cache hit for unit:533482076467d952614d83ee8dc409a19e4544fae48262d75e808564ae2d27f7
2026-08-01 18:59:01,390 - Factify - INFO - Cache miss for unit:02d00c996c4858513b09860b1d1cddd58c51e1de22bf83cfb5360e25f22d1010
2026-08-01 18:59:01,391 - Factify - INFO - Cache hit for unit:02d00c996c4858513b09860b1d1cddd58c51e1de22bf83cfb5360e25f22d1010
2026-08-01 18:59:01,398 - Factify - INFO - Cache miss for unit:7ec7ae4da1700def51b9c9d1795722a172b946213ca33a0a6bbcee54ede2b68d
2026-08-01 18:59:01,409 - Factify - INFO - Cache miss for unit:011c92134eec6a30a95f6a2ff61c99fb82d41407b0d2c77c664cd30fc334f2f8
2026-08-01 18:59:01,421 - Factify - INFO - Cache miss for unit:c34195ab7416c5a58eaf82994fcf7d1ee466e7485ba0a63a445a987adb8a10df
2026-08-01 18:59:01,528 - Factify - INFO - Cache miss for unit:c34195ab7416c5a58eaf82994fcf7d1ee466e7485ba0a63a445a987adb8a10df
2026-08-01 18:59:01,534 - Factify - INFO - Cache miss for unit:047ab2abdeddf6b4969fd760eb4066162c77b0af242263d06f3982b44e8094db
2026-08-01 18:59:01,535 - Factify - INFO - Cache miss for unit:047ab2abdeddf6b4969fd760eb4066162c77b0af242263d06f3982b44e8094db
2026-08-01 18:59:01,550 - Factify - INFO - Cache miss for unit:047ab2abdeddf6b4969fd760eb4066162c77b0af242263d06f3982b44e8094db
2026-08-01 18:59:01,553 - Factify - INFO - Cache miss for unit:047ab2abdeddf6b4969fd760eb4066162c77b0af242263d06f3982b44e8094db
2026-08-01 18:59:01,564 - Factify - INFO - Cache miss for unit:047ab2abdeddf6b4969fd760eb4066162c77b0af242263d06f3982b44e8094db
2026-08-01 18:59:01,565 - Factify - INFO - Cache miss for unit:047ab2abdeddf6b4969fd760eb4066162c77b0af242263d06f3982b44e8094db
2026-08-01 18:59:01,579 - Factify - INFO - Cache miss for unit:047ab2abdeddf6b4969fd760eb4066162c77b0af242263d06f3982b44e8094db
2026-08-01 18:59:01,581 - Factify - INFO - Cache miss for unit:047ab2abdeddf6b4969fd760eb4066162c77b0af242263d06f3982b44e8094db
2026-08-01 18:59:01,591 - Factify - INFO - Cache miss for unit:d5112aa7384d59510033811d23e8de5a550e5475689eb9939a391b088c288feb
2026-08-01 18:59:01,592 - Factify - INFO - Cache hit for unit:d5112aa7384d59510033811d23e8de5a550e5475689eb9939a391b088c288feb
2026-08-01 18:59:01,599 - Factify - INFO - Cache miss for unit:8fa78498512104950be00153e350f720fc462c6fa44590bcafb8789920d4a2c9
2026-08-01 18:59:01,600 - Factify - INFO - Cache hit for unit:8fa78498512104950be00153e350f720fc462c6fa44590bcafb8789920d4a2c9
2026-08-01 18:59:01,741 - Factify - INFO - Received prediction request for text length: 42
2026-08-01 18:59:01,742 - Factify - INFO - Cache miss for predict:85add2b606fc68fe38815511e5705a26a856e5abe7a2dc33868a5ffa6d8732a7
2026-08-01 18:59:01,850 - Factify - INFO - Received prediction request for text length: 42
2026-08-01 18:59:01,851 - Factify - INFO - Cache hit for predict:85add2b606fc68fe38815511e5705a26a856e5abe7a2dc33868a5ffa6d8732a7
2026-08-01 18:59:01,957 - Factify - INFO - Received prediction request for text length: 116
2026-08-01 18:59:01,958 - Factify - INFO - Cache miss for predict:479ccc93d1d77289d4c270482c6517f32d3ac15e10a0a3e9ed35763ecfde24f1
2026-08-01 18:59:02,050 - Factify - INFO - Received prediction request for text length: 116
2026-08-01 18:59:02,052 - Factify - INFO - Cache hit for predict:479ccc93d1d77289d4c270482c6517f32d3ac15e10a0a3e9ed35763ecfde24f1
2026-08-01 18:59:02,156 - Factify - INFO - Received prediction request for text length: 116
2026-08-01 18:59:02,157 - Factify - INFO - Cache hit for predict:479ccc93d1d77289d4c270482c6517f32d3ac15e10a0a3e9ed35763ecfde24f1
2026-08-01 18:59:02,593 - Factify - INFO - Received prediction request for text length: 116
2026-08-01 18:59:02,597 - Factify - INFO - Cache hit for predict:479ccc93d1d77289d4c270482c6517f32d3ac15e10a0a3e9ed35763ecfde24f1
2026-08-01 18:59:02,829 - Factify - INFO - Received prediction request for text length: 116
2026-08-01 18:59:02,831 - Factify - INFO - Cache hit for predict:479ccc93d1d77289d4c270482c6517f32d3ac15e10a0a3e9ed35763ecfde24f1
2026-08-01 18:59:02,864 - Factify - INFO - Received prediction request for text length: 116
2026-08-01 18:59:02,865 - Factify - INFO - Cache miss for predict:479ccc93d1d77289d4c270482c6517f32d3ac15e10a0a3e9ed35763ecfde24f1
2026-08-01 18:59:02,879 - Factify - INFO - Received prediction request for text length: 116
2026-08-01 18:59:02,880 - Factify - INFO - Cache hit for predict:479ccc93d1d77289d4c270482c6517f32d3ac15e10a0a3e9ed35763ecfde24f1
2026-08-01 18:59:02,893 - Factify - INFO - Received prediction request for text length: 116
2026-08-01 18:59:02,894 - Factify - INFO - Cache hit for predict:479ccc93d1d77289d4c270482c6517f32d3ac15e10a0a3e9ed35763ecfde24f1
2026-08-01 18:59:02,942 - Factify - INFO - Received prediction request for text length: 116
2026-08-01 18:59:02,943 - Factify - INFO - Cache hit for predict:479ccc93d1d77289d4c270482c6517f32d3ac15e10a0a3e9ed35763ecfde24f1
2026-08-01 18:59:02,970 - Factify - INFO - Received prediction request for text length: 116
2026-08-01 18:59:02,971 - Factify - INFO - Cache hit for predict:479ccc93d1d77289d4c270482c6517f32d3ac15e10a0a3e9ed35763ecfde24f1
2026-08-01 18:59:02,986 - Factify - INFO - Received prediction request for text length: 116
2026-08-01 18:59:02,987 - Factify - INFO - Cache hit for predict:479ccc93d1d77289d4c270482c6517f32d3ac15e10a0a3e9ed35763ecfde24f1
2026-08-01 18:59:03,010 - Factify - INFO - Received prediction request for text length: 116
2026-08-01 18:59:03,011 - Factify - INFO - Cache hit for predict:479ccc93d1d77289d4c270482c6517f32d3ac15e10a0a3e9ed35763ecfde24f1
2026-08-01 18:59:03,042 - Factify - INFO - Received prediction request for text length: 116
2026-08-01 18:59:03,043 - Factify - INFO - Cache hit for predict:479ccc93d1d77289d4c270482c6517f32d3ac15e10a0a3e9ed35763ecfde24f1
2026-08-01 18:59:03,054 - Factify - INFO - Received prediction request for text length: 116
2026-08-01 18:59:03,055 - Factify - INFO - Cache hit for predict:479ccc93d1d77289d4c270482c6517f32d3ac15e10a0a3e9ed35763ecfde24f1
2026-08-01 18:59:03,080 - Factify - INFO - Received prediction request for text length: 116
2026-08-01 18:59:03,081 - Factify - INFO - Cache hit for predict:479ccc93d1d77289d4c270482c6517f32d3ac15e10a0a3e9ed35763ecfde24f1
2026-08-01 18:59:03,098 - Factify - INFO - Received prediction request for text length: 116
2026-08-01 18:59:03,099 - Factify - INFO - Cache hit for predict:479ccc93d1d77289d4c270482c6517f32d3ac15e10a0a3e9ed35763ecfde24f1
2026-08-01 18:59:03,114 - Factify - INFO - Received prediction request for text length: 116
2026-08-01 18:59:03,115 - Factify - INFO - Cache hit for predict:479ccc93d1d77289d4c270482c6517f32d3ac15e10a0a3e9ed35763ecfde24f1
2026-08-01 18:59:03,151 - Factify - INFO - Received prediction request for text length: 116
2026-08-01 18:59:03,152 - Factify - INFO - Cache hit for predict:479ccc93d1d77289d4c270482c6517f32d3ac15e10a0a3e9ed35763ecfde24f1
2026-08-01 18:59:03,199 - Factify - INFO - Received prediction request for text length: 116
2026-08-01 18:59:03,200 - Factify - INFO - Cache hit for predict:479ccc93d1d77289d4c270482c6517f32d3ac15e10a0a3e9ed35763ecfde24f1
2026-08-01 18:59:03,226 - Factify - INFO - Received prediction request for text length: 116
2026-08-01 18:59:03,227 - Factify - INFO - Cache hit for predict:479ccc93d1d77289d4c270482c6517f32d3ac15e10a0a3e9ed35763ecfde24f1
2026-08-01 18:59:03,239 - Factify - INFO - Received prediction request for text length: 116
2026-08-01 18:59:03,240 - Factify - INFO - Cache hit for predict:479ccc93d1d77289d4c270482c6517f32d3ac15e10a0a3e9ed35763ecfde24f1
2026-08-01 18:59:03,268 - Factify - INFO - Received prediction request for text length: 116
2026-08-01 18:59:03,269 - Factify - INFO - Cache hit for predict:479ccc93d1d77289d4c270482c6517f32d3ac15e10a0a3e9ed35763ecfde24f1
2026-08-01 18:59:03,281 - Factify - INFO - Received prediction request for text length: 116
2026-08-01 18:59:03,282 - Factify - INFO - Cache hit for predict:479ccc93d1d77289d4c270482c6517f32d3ac15e10a0a3e9ed35763ecfde24f1
2026-08-01 18:59:03,303 - Factify - INFO - Received prediction request for text length: 116
2026-08-01 18:59:03,304 - Factify - INFO - Cache hit for predict:479ccc93d1d77289d4c270482c6517f32d3ac15e10a0a3e9ed35763ecfde24f1
2026-08-01 18:59:03,323 - Factify - INFO - Received prediction request for text length: 116
2026-08-01 18:59:03,324 - Factify - INFO - Cache hit for predict:479ccc93d1d77289d4c270482c6517f32d3ac15e10a0a3e9ed35763ecfde24f1
2026-08-01 18:59:03,337 - Factify - WARNING - Rate limit exceeded for unknown on /predict
2026-08-01 18:59:03,353 - Factify - INFO - Received prediction request for text length: 116
2026-08-01 18:59:03,355 - Factify - INFO - Cache miss for predict:479ccc93d1d77289d4c270482c6517f32d3ac15e10a0a3e9ed35763ecfde24f1
2026-08-01 18:59:03,369 - Factify - INFO - Received prediction request for text length: 116
2026-08-01 18:59:03,370 - Factify - INFO - Cache hit for predict:479ccc93d1d77289d4c270482c6517f32d3ac15e10a0a3e9ed35763ecfde24f1
2026-08-01 18:59:03,380 - Factify - INFO - Received prediction request for text length: 116
2026-08-01 18:59:03,381 - Factify - INFO - Cache hit for predict:479ccc93d1d77289d4c270482c6517f32d3ac15e10a0a3e9ed35763ecfde24f1
2026-08-01 18:59:03,410 - Factify - INFO - Received prediction request for text length: 116
2026-08-01 18:59:03,411 - Factify - INFO - Cache hit for predict:479ccc93d1d77289d4c270482c6517f32d3ac15e10a0a3e9ed35763ecfde24f1
2026-08-01 18:59:03,443 - Factify - INFO - Received prediction request for text length: 116
2026-08-01 18:59:03,444 - Factify - INFO - Cache hit for predict:479ccc93d1d77289d4c270482c6517f32d3ac15e10a0a3e9ed35763ecfde24f1
2026-08-01 18:59:03,456 - Factify - INFO - Received prediction request for text length: 116
2026-08-01 18:59:03,457 - Factify - INFO - Cache hit for predict:479ccc93d1d77289d4c270482c6517f32d3ac15e10a0a3e9ed35763ecfde24f1
2026-08-01 18:59:03,476 - Factify - INFO - Received prediction request for text length: 116
2026-08-01 18:59:03,477 - Factify - INFO - Cache hit for predict:479ccc93d1d77289d4c270482c6517f32d3ac15e10a0a3e9ed35763ecfde24f1
2026-08-01 18:59:03,492 - Factify - INFO - Received prediction request for text length: 116
2026-08-01 18:59:03,493 - Factify - INFO - Cache hit for predict:479ccc93d1d77289d4c270482c6517f32d3ac15e10a0a3e9ed35763ecfde24f1
2026-08-01 18:59:03,507 - Factify - INFO - Received prediction request for text length: 116
2026-08-01 18:59:03,508 - Factify - INFO - Cache hit for predict:479ccc93d1d77289d4c270482c6517f32d3ac15e10a0a3e9ed35763ecfde24f1
2026-08-01 18:59:03,519 - Factify - INFO - Received prediction request for text length: 116
2026-08-01 18:59:03,520 - Factify - INFO - Cache hit for predict:479ccc93d1d77289d4c270482c6517f32d3ac15e10a0a3e9ed35763ecfde24f1
2026-08-01 18:59:03,532 - Factify - INFO - Received prediction request for text length: 116
2026-08-01 18:59:03,533 - Factify - INFO - Cache hit for predict:479ccc93d1d77289d4c270482c6517f32d3ac15e10a0a3e9ed35763ecfde24f1
2026-08-01 18:59:03,544 - Factify - INFO - Received prediction request for text length: 116
2026-08-01 18:59:03,545 - Factify - INFO - Cache hit for predict:479ccc93d1d77289d4c270482c6517f32d3ac15e10a0a3e9ed35763ecfde24f1
2026-08-01 18:59:03,557 - Factify - INFO - Received prediction request for text length: 116
2026-08-01 18:59:03,558 - Factify - INFO - Cache hit for predict:479ccc93d1d77289d4c270482c6517f32d3ac15e10a0a3e9ed35763ecfde24f1
2026-08-01 18:59:03,568 - Factify - INFO - Received prediction request for text length: 116
2026-08-01 18:59:03,569 - Factify - INFO - Cache hit for predict:479ccc93d1d77289d4c270482c6517f32d3ac15e10a0a3e9ed35763ecfde24f1
2026-08-01 18:59:03,580 - Factify - INFO - Received prediction request for text length: 116
2026-08-01 18:59:03,581 - Factify - INFO - Cache hit for predict:479ccc93d1d77289d4c270482c6517f32d3ac15e10a0a3e9ed35763ecfde24f1
2026-08-01 18:59:03,592 - Factify - INFO - Received prediction request for text length: 116
2026-08-01 18:59:03,593 - Factify - INFO - Cache hit for predict:479ccc93d1d77289d4c270482c6517f32d3ac15e10a0a3e9ed35763ecfde24f1
2026-08-01 18:59:03,602 - Factify - INFO - Received prediction request for text length: 116
2026-08-01 18:59:03,603 - Factify - INFO - Cache hit for predict:479ccc93d1d77289d4c270482c6517f32d3ac15e10a0a3e9ed35763ecfde24f1
2026-08-01 18:59:03,614 - Factify - INFO - Received prediction request for text length: 116
2026-08-01 18:59:03,615 - Factify - INFO - Cache hit for predict:479ccc93d1d77289d4c270482c6517f32d3ac15e10a0a3e9ed35763ecfde24f1
2026-08-01 18:59:03,624 - Factify - INFO - Received prediction request for text length: 116
2026-08-01 18:59:03,625 - Factify - INFO - Cache hit for predict:479ccc93d1d77289d4c270482c6517f32d3ac15e10a0a3e9ed35763ecfde24f1
2026-08-01 18:59:03,634 - Factify - INFO - Received prediction request for text length: 116
2026-08-01 18:59:03,635 - Factify - INFO - Cache hit for predict:479ccc93d1d77289d4c270482c6517f32d3ac15e10a0a3e9ed35763ecfde24f1
2026-08-01 18:59:03,646 - Factify - WARNING - Rate limit exceeded for unknown on /predict
2026-08-01 18:59:03,656 - Factify - INFO - Received prediction request for text length: 116
2026-08-01 18:59:03,657 - Factify - INFO - Cache hit for predict:479ccc93d1d77289d4c270482c6517f32d3ac15e10a0a3e9ed35763ecfde24f1
2026-08-01 18:59:04,222 - Factify - INFO - Received prediction request for text length: 116
2026-08-01 18:59:04,222 - Factify - INFO - Cache miss for predict:479ccc93d1d77289d4c270482c6517f32d3ac15e10a0a3e9ed35763ecfde24f1
2026-08-01 18:59:04,236 - Factify - INFO - Received prediction request for text length: 116
2026-08-01 18:59:04,236 - Factify - INFO - Cache hit for predict:479ccc93d1d77289d4c270482c6517f32d3ac15e10a0a3e9ed35763ecfde24f1
2026-08-01 18:59:04,246 - Factify - INFO - Received prediction request for text length: 116
2026-08-01 18:59:04,246 - Factify - INFO - Cache hit for predict:479ccc93d1d77289d4c270482c6517f32d3ac15e10a0a3e9ed35763ecfde24f1
2026-08-01 18:59:04,256 - Factify - INFO - Received prediction request for text length: 116
2026-08-01 18:59:04,256 - Factify - INFO - Cache hit for predict:479ccc93d1d77289d4c270482c6517f32d3ac15e10a0a3e9ed35763ecfde24f1
2026-08-01 18:59:04,266 - Factify - INFO - Received prediction request for text length: 116
2026-08-01 18:59:04,267 - Factify - INFO - Cache hit for predict:479ccc93d1d77289d4c270482c6517f32d3ac15e10a0a3e9ed35763ecfde24f1
2026-08-01 18:59:04,276 - Factify - INFO - Received prediction request for text length: 116
2026-08-01 18:59:04,276 - Factify - INFO - Cache hit for predict:479ccc93d1d77289d4c270482c6517f32d3ac15e10a0a3e9ed35763ecfde24f1
2026-08-01 18:59:04,286 - Factify - INFO - Received prediction request for text length: 116
2026-08-01 18:59:04,286 - Factify - INFO - Cache hit for predict:479ccc93d1d77289d4c270482c6517f32d3ac15e10a0a3e9ed35763ecfde24f1
2026-08-01 18:59:04,296 - Factify - INFO - Received prediction request for text length: 116
2026-08-01 18:59:04,296 - Factify - INFO - Cache hit for predict:479ccc93d1d77289d4c270482c6517f32d3ac15e10a0a3e9ed35763ecfde24f1
2026-08-01 18:59:04,306 - Factify - INFO - Received prediction request for text length: 116
2026-08-01 18:59:04,306 - Factify - INFO - Cache hit for predict:479ccc93d1d77289d4c270482c6517f32d3ac15e10a0a3e9ed35763ecfde24f1
2026-08-01 18:59:04,316 - Factify - INFO - Received prediction request for text length: 116
2026-08-01 18:59:04,316 - Factify - INFO - Cache hit for predict:479ccc93d1d77289d4c270482c6517f32d3ac15e10a0a3e9ed35763ecfde24f1
2026-08-01 18:59:04,326 - Factify - INFO - Received prediction request for text length: 116
2026-08-01 18:59:04,326 - Factify - INFO - Cache hit for predict:479ccc93d1d77289d4c270482c6517f32d3ac15e10a0a3e9ed35763ecfde24f1
2026-08-01 18:59:04,336 - Factify - INFO - Received prediction request for text length: 116
2026-08-01 18:59:04,339 - Factify - INFO - Cache hit for predict:479ccc93d1d77289d4c270482c6517f32d3ac15e10a0a3e9ed35763ecfde24f1
2026-08-01 18:59:04,350 - Factify - INFO - Received prediction request for text length: 116
2026-08-01 18:59:04,350 - Factify - INFO - Cache hit for predict:479ccc93d1d77289d4c270482c6517f32d3ac15e10a0a3e9ed35763ecfde24f1
2026-08-01 18:59:04,356 - Factify - INFO - Received prediction request for text length: 116
2026-08-01 18:59:04,361 - Factify - INFO - Cache hit for predict:479ccc93d1d77289d4c270482c6517f32d3ac15e10a0a3e9ed35763ecfde24f1
2026-08-01 18:59:04,366 - Factify - INFO - Received prediction request for text length: 116
2026-08-01 18:59:04,371 - Factify - INFO - Cache hit for predict:479ccc93d1d77289d4c270482c6517f32d3ac15e10a0a3e9ed35763ecfde24f1
2026-08-01 18:59:04,376 - Factify - INFO - Received prediction request for text length: 116
2026-08-01 18:59:04,376 - Factify - INFO - Cache hit for predict:479ccc93d1d77289d4c270482c6517f32d3ac15e10a0a3e9ed35763ecfde24f1
2026-08-01 18:59:04,386 - Factify - INFO - Received prediction request for text length: 116
2026-08-01 18:59:04,391 - Factify - INFO - Cache hit for predict:479ccc93d1d77289d4c270482c6517f32d3ac15e10a0a3e9ed35763ecfde24f1
2026-08-01 18:59:04,400 - Factify - INFO - Received prediction request for text length: 116
2026-08-01 18:59:04,400 - Factify - INFO - Cache hit for predict:479ccc93d1d77289d4c270482c6517f32d3ac15e10a0a3e9ed35763ecfde24f1
2026-08-01 18:59:04,411 - Factify - INFO - Received prediction request for text length: 116
2026-08-01 18:59:04,411 - Factify - INFO - Cache hit for predict:479ccc93d1d77289d4c270482c6517f32d3ac15e10a0a3e9ed35763ecfde24f1
2026-08-01 18:59:04,421 - Factify - INFO - Received prediction request for text length: 116
2026-08-01 18:59:04,421 - Factify - INFO - Cache hit for predict:479ccc93d1d77289d4c270482c6517f32d3ac15e10a0a3e9ed35763ecfde24f1
2026-08-01 18:59:04,431 - Factify - INFO - Received prediction request for text length: 116
2026-08-01 18:59:04,434 - Factify - INFO - Cache hit for predict:479ccc93d1d77289d4c270482c6517f32d3ac15e10a0a3e9ed35763ecfde24f1
2026-08-01 18:59:04,441 - Factify - INFO - Received prediction request for text length: 116
2026-08-01 18:59:04,444 - Factify - INFO - Cache hit for predict:479ccc93d1d77289d4c270482c6517f32d3ac15e10a0a3e9ed35763ecfde24f1
2026-08-01 18:59:04,451 - Factify - INFO - Received prediction request for text length: 116
2026-08-01 18:59:04,454 - Factify - INFO - Cache hit for predict:479ccc93d1d77289d4c270482c6517f32d3ac15e10a0a3e9ed35763ecfde24f1
2026-08-01 18:59:04,464 - Factify - INFO - Received prediction request for text length: 116
2026-08-01 18:59:04,464 - Factify - INFO - Cache hit for predict:479ccc93d1d77289d4c270482c6517f32d3ac15e10a0a3e9ed35763ecfde24f1
2026-08-01 18:59:04,474 - Factify - INFO - Received prediction request for text length: 116
2026-08-01 18:59:04,476 - Factify - INFO - Cache hit for predict:479ccc93d1d77289d4c270482c6517f32d3ac15e10a0a3e9ed35763ecfde24f1
2026-08-01 18:59:04,540 - Factify - INFO - Loading data from files...
2026-08-01 18:59:04,576 - Factify - INFO - Removing 1 duplicate entries
2026-08-01 18:59:04,589 - Factify - INFO - Data loaded successfully: 2 rows and 4 columns
2026-08-01 18:59:04,591 - Factify - INFO - Loading data from files...
2026-08-01 18:59:04,596 - Factify - ERROR - Error loading data: [Errno 2] No such file or directory: 'non_existent.csv'
2026-08-01 18:59:10,331 - Factify - INFO - NLTK resources downloaded successfully
2026-08-01 18:59:10,373 - Factify - INFO - Cleaning text data...
2026-08-01 18:59:10,379 - Factify - INFO - Text data cleaned successfully
2026-08-01 18:59:10,385 - Factify - INFO - Cleaning text data...
2026-08-01 18:59:10,386 - Factify - ERROR - Error cleaning dataframe: 'NoneType' object is not subscriptable
2026-08-01 18:59:10,424 - Factify - WARNING - Model file not found at path
2026-08-01 18:59:10,425 - Factify - WARNING - Tokenizer file not found at path
2026-08-01 18:59:10,430 - Factify - WARNING - Model file not found at bad_path
2026-08-01 18:59:10,432 - Factify - WARNING - Tokenizer file not found at bad_path
2026-08-01 18:59:10,435 - Factify - INFO - Making prediction for text: test...
2026-08-01 18:59:10,436 - Factify - INFO - Text preprocessing and padding successful
2026-08-01 18:59:10,437 - Factify - INFO - Calling model.predict on shape (1, 100) with dtype int32...
2026-08-01 18:59:10,442 - Factify - ERROR - Model prediction failed: 'NoneType' object has no attribute 'predict'
2026-08-01 18:59:10,472 - Factify - WARNING - Model file not found at p
2026-08-01 18:59:10,473 - Factify - WARNING - Tokenizer file not found at t
2026-08-01 18:59:10,474 - Factify - ERROR - Error preprocessing text for prediction: Tokenizer not loaded
2026-08-01 18:59:10,489 - Factify - WARNING - Model file not found at C:\Users\emon1\Desktop\project-1\Factify\backend\models\saved_models\fake_news_detector.h5
2026-08-01 18:59:10,490 - Factify - WARNING - Tokenizer file not found at C:\Users\emon1\Desktop\project-1\Factify\backend\models\saved_models\tokenizer.pickle
2026-08-01 18:59:10,497 - Factify - WARNING - Model file not found at dummy
2026-08-01 18:59:10,498 - Factify - WARNING - Tokenizer file not found at dummy
2026-08-01 18:59:10,504 - Factify - INFO - Making prediction for text: test...
2026-08-01 18:59:10,505 - Factify - INFO - Text preprocessing and padding successful
2026-08-01 18:59:10,506 - Factify - INFO - Calling model.predict on shape (1, 100) with dtype int32...
2026-08-01 18:59:10,522 - Factify - INFO - Raw prediction result: [[0.9]]
2026-08-01 18:59:10,523 - Factify - INFO - Prediction: REAL (probability: 0.9000)
2026-08-01 18:59:10,533 - Factify - WARNING - Model file not found at p
2026-08-01 18:59:10,537 - Factify - WARNING - Tokenizer file not found at t
2026-08-01 18:59:10,550 - Factify - INFO - Tokenizing texts with vocab_size=100, max_length=100...
2026-08-01 18:59:10,551 - Factify - INFO - Tokenization and padding completed successfully
2026-08-01 18:59:10,557 - Factify - INFO - Tokenizing texts with vocab_size=10000, max_length=100...
2026-08-01 18:59:10,558 - Factify - ERROR - Error in tokenization process: 'NoneType' object is not iterable
2026-08-01 18:59:10,568 - Factify - INFO - Preparing data for model training...
2026-08-01 18:59:10,569 - Factify - INFO - Tokenizing texts with vocab_size=10000, max_length=100...
2026-08-01 18:59:10,571 - Factify - INFO - Tokenization and padding completed successfully
2026-08-01 18:59:10,598 - Factify - INFO - Data prepared: X_train shape=(1, 100), X_test shape=(1, 100)
2026-08-01 18:59:10,603 - Factify - INFO - Preparing data for model training...
2026-08-01 18:59:10,604 - Factify - ERROR - Error preparing data: DataFrame must contain 'clean_text' column
2026-08-01 18:59:10,609 - Factify - INFO - Building LSTM-GRU model with vocab_size=100, embedding_dim=100...
2026-08-01 18:59:10,661 - Factify - INFO - LSTM-GRU model built successfully
2026-08-01 18:59:10,672 - Factify - INFO - Building LSTM-GRU model with vocab_size=100, embedding_dim=100...
2026-08-01 18:59:10,704 - Factify - ERROR - Error building model: Build error
2026-08-01 18:59:10,717 - Factify - INFO - Training model for 1 epochs with batch_size=64...
2026-08-01 18:59:10,719 - Factify - INFO - Model training completed successfully
2026-08-01 18:59:10,726 - Factify - INFO - Training model for 5 epochs with batch_size=64...
2026-08-01 18:59:10,727 - Factify - ERROR - Error training model: 'NoneType' object has no attribute 'fit'
2026-08-01 18:59:10,736 - Factify - INFO - Model saved to model_path.h5
2026-08-01 18:59:10,746 - Factify - ERROR - Error saving model: expected str, bytes or os.PathLike object, not NoneType
2026-08-01 18:59:10,759 - Factify - INFO - Model saved to model.h5
2026-08-01 18:59:10,762 - Factify - INFO - Tokenizer saved to tok.pickle
2026-08-01 18:59:10,836 - Factify - INFO - Validation failed on /predict: Text is too short (10 characters). Please provide at least 50 characters so the analysis is meaningful.
2026-08-01 18:59:10,851 - Factify - INFO - Validation failed on /predict: Text has too few words (2). Please provide at least 10 words so the analysis is meaningful.
2026-08-01 18:59:10,868 - Factify - INFO - Validation failed on /predict: Text is too long (24999 characters). Please submit at most 20000 characters.
2026-08-01 18:59:10,882 - Factify - INFO - Validation failed on /predict: Text cannot be empty or whitespace only.
2026-08-01 18:59:10,896 - Factify - INFO - Validation failed on /predict: Text must contain readable words, not only digits or punctuation.
2026-08-01 18:59:10,908 - Factify - INFO - Validation failed on /predict: Field required
2026-08-01 18:59:10,921 - Factify - INFO - Validation failed on /predict: Text is too short (5 characters). Please provide at least 50 characters so the analysis is meaningful.
2026-08-01 18:59:10,950 - Factify - INFO - Received prediction request for text length: 120
2026-08-01 18:59:10,951 - Factify - INFO - Cache miss for predict:db339b7a7d4a648c0d4245578c48a175f9c66861ae69a17f747cde8b2fe5097a
2026-08-01 18:59:10,952 - Factify - INFO - Making prediction for text: Government officials announced a new economic poli...
2026-08-01 18:59:10,954 - Factify - INFO - Text preprocessing and padding successful
2026-08-01 18:59:10,955 - Factify - INFO - Calling model.predict on shape (1, 100) with dtype int32...
2026-08-01 18:59:12,465 - Factify - INFO - Raw prediction result: [[0.05696068]]
2026-08-01 18:59:12,466 - Factify - INFO - Prediction: FAKE (probability: 0.0570)
2026-08-01 18:59:16,351 - Factify - INFO - Model warm-up starting...
2026-08-01 18:59:16,353 - Factify - INFO - Model warm-up completed in 0.00s
2026-08-01 18:59:16,424 - Factify - INFO - Application starting up...
2026-08-01 18:59:16,425 - Factify - INFO - Model warm-up starting...
2026-08-01 18:59:16,426 - Factify - ERROR - Model warm-up failed: boom
2026-08-01 18:59:16,431 - Factify - INFO - Application shutting down...
2026-08-01 18:59:16,484 - Factify - INFO - Application starting up...
2026-08-01 18:59:16,488 - Factify - INFO - Application shutting down...
2026-08-01 19:55:59,648 - Factify - INFO - Loading model from C:\Users\emon1\Desktop\project-1\Factify\backend\models\saved_models\fake_news_detector.h5
2026-08-01 19:56:00,254 - Factify - INFO - Model loaded successfully
2026-08-01 19:56:00,260 - Factify - INFO - Loading tokenizer from C:\Users\emon1\Desktop\project-1\Factify\backend\models\saved_models\tokenizer.pickle
2026-08-01 19:56:00,891 - Factify - INFO - Tokenizer loaded successfully
2026-08-01 19:56:03,533 - Factify - INFO - Received prediction request for text length: 9
2026-08-01 19:56:03,541 - Factify - INFO - Cache miss for predict:5b5c7c7cf7b339e0f4737360496d5c3e16108e6b832e732a4d13a634475751f8
2026-08-01 19:56:03,569 - Factify - INFO - Received prediction request for text length: 10
2026-08-01 19:56:03,570 - Factify - INFO - Cache miss for predict:edcadcc919c38f09aa53fbf2af68ebc4d9adad83ee00ab3da40ed9e762bac1c6
2026-08-01 19:56:03,571 - Factify - ERROR - Prediction error: Prediction failed
2026-08-01 19:56:03,582 - Factify - INFO - Application starting up...
2026-08-01 19:56:03,585 - Factify - INFO - Model warm-up disabled, skipping
2026-08-01 19:56:03,585 - Factify - INFO - Application shutting down...
2026-08-01 19:56:03,606 - Factify - INFO - Cache miss for unit:533482076467d952614d83ee8dc409a19e4544fae48262d75e808564ae2d27f7
2026-08-01 19:56:03,610 - Factify - INFO - Cache hit for unit:533482076467d952614d83ee8dc409a19e4544fae48262d75e808564ae2d27f7
2026-08-01 19:56:03,615 - Factify - INFO - Cache miss for unit:02d00c996c4858513b09860b1d1cddd58c51e1de22bf83cfb5360e25f22d1010
2026-08-01 19:56:03,625 - Factify - INFO - Cache hit for unit:02d00c996c4858513b09860b1d1cddd58c51e1de22bf83cfb5360e25f22d1010
2026-08-01 19:56:03,641 - Factify - INFO - Cache miss for unit:7ec7ae4da1700def51b9c9d1795722a172b946213ca33a0a6bbcee54ede2b68d
2026-08-01 19:56:03,644 - Factify - INFO - Cache miss for unit:011c92134eec6a30a95f6a2ff61c99fb82d41407b0d2c77c664cd30fc334f2f8
2026-08-01 19:56:03,671 - Factify - INFO - Cache miss for unit:c34195ab7416c5a58eaf82994fcf7d1ee466e7485ba0a63a445a987adb8a10df
2026-08-01 19:56:03,776 - Factify - INFO - Cache miss for unit:c34195ab7416c5a58eaf82994fcf7d1ee466e7485ba0a63a445a987adb8a10df
2026-08-01 19:56:03,781 - Factify - INFO - Cache miss for unit:047ab2abdeddf6b4969fd760eb4066162c77b0af242263d06f3982b44e8094db
2026-08-01 19:56:03,784 - Factify - INFO - Cache miss for unit:047ab2abdeddf6b4969fd760eb4066162c77b0af242263d06f3982b44e8094db
2026-08-01 19:56:03,791 - Factify - INFO - Cache miss for unit:047ab2abdeddf6b4969fd760eb4066162c77b0af242263d06f3982b44e8094db
2026-08-01 19:56:03,791 - Factify - INFO - Cache miss for unit:047ab2abdeddf6b4969fd760eb4066162c77b0af242263d06f3982b44e8094db
2026-08-01 19:56:03,796 - Factify - INFO - Cache miss for unit:047ab2abdeddf6b4969fd760eb4066162c77b0af242263d06f3982b44e8094db
2026-08-01 19:56:03,796 - Factify - INFO - Cache miss for unit:047ab2abdeddf6b4969fd760eb4066162c77b0af242263d06f3982b44e8094db
2026-08-01 19:56:03,804 - Factify - INFO - Cache miss for unit:047ab2abdeddf6b4969fd760eb4066162c77b0af242263d06f3982b44e8094db
2026-08-01 19:56:03,806 - Factify - INFO - Cache miss for unit:047ab2abdeddf6b4969fd760eb4066162c77b0af242263d06f3982b44e8094db
2026-08-01 19:56:03,817 - Factify - INFO - Cache miss for unit:d5112aa7384d59510033811d23e8de5a550e5475689eb9939a391b088c288feb
2026-08-01 19:56:03,817 - Factify - INFO - Cache hit for unit:d5112aa7384d59510033811d23e8de5a550e5475689eb9939a391b088c288feb
2026-08-01 19:56:03,826 - Factify - INFO - Cache miss for unit:8fa78498512104950be00153e350f720fc462c6fa44590bcafb8789920d4a2c9
2026-08-01 19:56:03,826 - Factify - INFO - Cache hit for unit:8fa78498512104950be00153e350f720fc462c6fa44590bcafb8789920d4a2c9
2026-08-01 19:56:03,846 - Factify - INFO - Received prediction request for text length: 42
2026-08-01 19:56:03,846 - Factify - INFO - Cache miss for predict:85add2b606fc68fe38815511e5705a26a856e5abe7a2dc33868a5ffa6d8732a7
2026-08-01 19:56:03,857 - Factify - INFO - Received prediction request for text length: 42
2026-08-01 19:56:03,857 - Factify - INFO - Cache hit for predict:85add2b606fc68fe38815511e5705a26a856e5abe7a2dc33868a5ffa6d8732a7
2026-08-01 19:56:03,891 - Factify - INFO - Received prediction request for text length: 116
2026-08-01 19:56:03,894 - Factify - INFO - Cache miss for predict:479ccc93d1d77289d4c270482c6517f32d3ac15e10a0a3e9ed35763ecfde24f1
2026-08-01 19:56:03,908 - Factify - INFO - Received prediction request for text length: 116
2026-08-01 19:56:03,908 - Factify - INFO - Cache hit for predict:479ccc93d1d77289d4c270482c6517f32d3ac15e10a0a3e9ed35763ecfde24f1
2026-08-01 19:56:03,921 - Factify - INFO - Received prediction request for text length: 116
2026-08-01 19:56:03,926 - Factify - INFO - Cache hit for predict:479ccc93d1d77289d4c270482c6517f32d3ac15e10a0a3e9ed35763ecfde24f1
2026-08-01 19:56:03,939 - Factify - INFO - Received prediction request for text length: 116
2026-08-01 19:56:03,941 - Factify - INFO - Cache hit for predict:479ccc93d1d77289d4c270482c6517f32d3ac15e10a0a3e9ed35763ecfde24f1
2026-08-01 19:56:03,953 - Factify - INFO - Received prediction request for text length: 116
2026-08-01 19:56:03,955 - Factify - INFO - Cache hit for predict:479ccc93d1d77289d4c270482c6517f32d3ac15e10a0a3e9ed35763ecfde24f1
2026-08-01 19:56:03,984 - Factify - INFO - Received prediction request for text length: 116
2026-08-01 19:56:03,988 - Factify - INFO - Cache miss for predict:479ccc93d1d77289d4c270482c6517f32d3ac15e10a0a3e9ed35763ecfde24f1
2026-08-01 19:56:04,035 - Factify - INFO - Received prediction request for text length: 116
2026-08-01 19:56:04,036 - Factify - INFO - Cache hit for predict:479ccc93d1d77289d4c270482c6517f32d3ac15e10a0a3e9ed35763ecfde24f1
2026-08-01 19:56:04,071 - Factify - INFO - Received prediction request for text length: 116
2026-08-01 19:56:04,071 - Factify - INFO - Cache hit for predict:479ccc93d1d77289d4c270482c6517f32d3ac15e10a0a3e9ed35763ecfde24f1
2026-08-01 19:56:04,091 - Factify - INFO - Received prediction request for text length: 116
2026-08-01 19:56:04,095 - Factify - INFO - Cache hit for predict:479ccc93d1d77289d4c270482c6517f32d3ac15e10a0a3e9ed35763ecfde24f1
2026-08-01 19:56:04,125 - Factify - INFO - Received prediction request for text length: 116
2026-08-01 19:56:04,125 - Factify - INFO - Cache hit for predict:479ccc93d1d77289d4c270482c6517f32d3ac15e10a0a3e9ed35763ecfde24f1
2026-08-01 19:56:04,173 - Factify - INFO - Received prediction request for text length: 116
2026-08-01 19:56:04,175 - Factify - INFO - Cache hit for predict:479ccc93d1d77289d4c270482c6517f32d3ac15e10a0a3e9ed35763ecfde24f1
2026-08-01 19:56:04,196 - Factify - INFO - Received prediction request for text length: 116
2026-08-01 19:56:04,196 - Factify - INFO - Cache hit for predict:479ccc93d1d77289d4c270482c6517f32d3ac15e10a0a3e9ed35763ecfde24f1
2026-08-01 19:56:04,242 - Factify - INFO - Received prediction request for text length: 116
2026-08-01 19:56:04,242 - Factify - INFO - Cache hit for predict:479ccc93d1d77289d4c270482c6517f32d3ac15e10a0a3e9ed35763ecfde24f1
2026-08-01 19:56:04,265 - Factify - INFO - Received prediction request for text length: 116
2026-08-01 19:56:04,268 - Factify - INFO - Cache hit for predict:479ccc93d1d77289d4c270482c6517f32d3ac15e10a0a3e9ed35763ecfde24f1
2026-08-01 19:56:04,326 - Factify - INFO - Received prediction request for text length: 116
2026-08-01 19:56:04,326 - Factify - INFO - Cache hit for predict:479ccc93d1d77289d4c270482c6517f32d3ac15e10a0a3e9ed35763ecfde24f1
2026-08-01 19:56:04,352 - Factify - INFO - Received prediction request for text length: 116
2026-08-01 19:56:04,352 - Factify - INFO - Cache hit for predict:479ccc93d1d77289d4c270482c6517f32d3ac15e10a0a3e9ed35763ecfde24f1
2026-08-01 19:56:04,377 - Factify - INFO - Received prediction request for text length: 116
2026-08-01 19:56:04,377 - Factify - INFO - Cache hit for predict:479ccc93d1d77289d4c270482c6517f32d3ac15e10a0a3e9ed35763ecfde24f1
2026-08-01 19:56:04,397 - Factify - INFO - Received prediction request for text length: 116
2026-08-01 19:56:04,397 - Factify - INFO - Cache hit for predict:479ccc93d1d77289d4c270482c6517f32d3ac15e10a0a3e9ed35763ecfde24f1
2026-08-01 19:56:04,421 - Factify - INFO - Received prediction request for text length: 116
2026-08-01 19:56:04,425 - Factify - INFO - Cache hit for predict:479ccc93d1d77289d4c270482c6517f32d3ac15e10a0a3e9ed35763ecfde24f1
2026-08-01 19:56:04,448 - Factify - INFO - Received prediction request for text length: 116
2026-08-01 19:56:04,451 - Factify - INFO - Cache hit for predict:479ccc93d1d77289d4c270482c6517f32d3ac15e10a0a3e9ed35763ecfde24f1
2026-08-01 19:56:04,466 - Factify - INFO - Received prediction request for text length: 116
2026-08-01 19:56:04,466 - Factify - INFO - Cache hit for predict:479ccc93d1d77289d4c270482c6517f32d3ac15e10a0a3e9ed35763ecfde24f1
2026-08-01 19:56:04,478 - Factify - INFO - Received prediction request for text length: 116
2026-08-01 19:56:04,478 - Factify - INFO - Cache hit for predict:479ccc93d1d77289d4c270482c6517f32d3ac15e10a0a3e9ed35763ecfde24f1
2026-08-01 19:56:04,491 - Factify - INFO - Received prediction request for text length: 116
2026-08-01 19:56:04,491 - Factify - INFO - Cache hit for predict:479ccc93d1d77289d4c270482c6517f32d3ac15e10a0a3e9ed35763ecfde24f1
2026-08-01 19:56:04,508 - Factify - INFO - Received prediction request for text length: 116
2026-08-01 19:56:04,509 - Factify - INFO - Cache hit for predict:479ccc93d1d77289d4c270482c6517f32d3ac15e10a0a3e9ed35763ecfde24f1
2026-08-01 19:56:04,518 - Factify - INFO - Received prediction request for text length: 116
2026-08-01 19:56:04,521 - Factify - INFO - Cache hit for predict:479ccc93d1d77289d4c270482c6517f32d3ac15e10a0a3e9ed35763ecfde24f1
2026-08-01 19:56:04,531 - Factify - WARNING - Rate limit exceeded for unknown on /predict
2026-08-01 19:56:04,546 - Factify - INFO - Received prediction request for text length: 116
2026-08-01 19:56:04,547 - Factify - INFO - Cache miss for predict:479ccc93d1d77289d4c270482c6517f32d3ac15e10a0a3e9ed35763ecfde24f1
2026-08-01 19:56:04,559 - Factify - INFO - Received prediction request for text length: 116
2026-08-01 19:56:04,559 - Factify - INFO - Cache hit for predict:479ccc93d1d77289d4c270482c6517f32d3ac15e10a0a3e9ed35763ecfde24f1
2026-08-01 19:56:04,571 - Factify - INFO - Received prediction request for text length: 116
2026-08-01 19:56:04,572 - Factify - INFO - Cache hit for predict:479ccc93d1d77289d4c270482c6517f32d3ac15e10a0a3e9ed35763ecfde24f1
2026-08-01 19:56:04,581 - Factify - INFO - Received prediction request for text length: 116
2026-08-01 19:56:04,582 - Factify - INFO - Cache hit for predict:479ccc93d1d77289d4c270482c6517f32d3ac15e10a0a3e9ed35763ecfde24f1
2026-08-01 19:56:04,595 - Factify - INFO - Received prediction request for text length: 116
2026-08-01 19:56:04,595 - Factify - INFO - Cache hit for predict:479ccc93d1d77289d4c270482c6517f32d3ac15e10a0a3e9ed35763ecfde24f1
2026-08-01 19:56:04,620 - Factify - INFO - Received prediction request for text length: 116
2026-08-01 19:56:04,620 - Factify - INFO - Cache hit for predict:479ccc93d1d77289d4c270482c6517f32d3ac15e10a0a3e9ed35763ecfde24f1
2026-08-01 19:56:04,630 - Factify - INFO - Received prediction request for text length: 116
2026-08-01 19:56:04,630 - Factify - INFO - Cache hit for predict:479ccc93d1d77289d4c270482c6517f32d3ac15e10a0a3e9ed35763ecfde24f1
2026-08-01 19:56:04,655 - Factify - INFO - Received prediction request for text length: 116
2026-08-01 19:56:04,655 - Factify - INFO - Cache hit for predict:479ccc93d1d77289d4c270482c6517f32d3ac15e10a0a3e9ed35763ecfde24f1
2026-08-01 19:56:04,665 - Factify - INFO - Received prediction request for text length: 116
2026-08-01 19:56:04,665 - Factify - INFO - Cache hit for predict:479ccc93d1d77289d4c270482c6517f32d3ac15e10a0a3e9ed35763ecfde24f1
2026-08-01 19:56:04,672 - Factify - INFO - Received prediction request for text length: 116
2026-08-01 19:56:04,679 - Factify - INFO - Cache hit for predict:479ccc93d1d77289d4c270482c6517f32d3ac15e10a0a3e9ed35763ecfde24f1
2026-08-01 19:56:04,692 - Factify - INFO - Received prediction request for text length: 116
2026-08-01 19:56:04,692 - Factify - INFO - Cache hit for predict:479ccc93d1d77289d4c270482c6517f32d3ac15e10a0a3e9ed35763ecfde24f1
2026-08-01 19:56:04,703 - Factify - INFO - Received prediction request for text length: 116
2026-08-01 19:56:04,703 - Factify - INFO - Cache hit for predict:479ccc93d1d77289d4c270482c6517f32d3ac15e10a0a3e9ed35763ecfde24f1
2026-08-01 19:56:04,713 - Factify - INFO - Received prediction request for text length: 116
2026-08-01 19:56:04,713 - Factify - INFO - Cache hit for predict:479ccc93d1d77289d4c270482c6517f32d3ac15e10a0a3e9ed35763ecfde24f1
2026-08-01 19:56:04,723 - Factify - INFO - Received prediction request for text length: 116
2026-08-01 19:56:04,723 - Factify - INFO - Cache hit for predict:479ccc93d1d77289d4c270482c6517f32d3ac15e10a0a3e9ed35763ecfde24f1
2026-08-01 19:56:04,737 - Factify - INFO - Received prediction request for text length: 116
2026-08-01 19:56:04,741 - Factify - INFO - Cache hit for predict:479ccc93d1d77289d4c270482c6517f32d3ac15e10a0a3e9ed35763ecfde24f1
2026-08-01 19:56:04,748 - Factify - INFO - Received prediction request for text length: 116
2026-08-01 19:56:04,751 - Factify - INFO - Cache hit for predict:479ccc93d1d77289d4c270482c6517f32d3ac15e10a0a3e9ed35763ecfde24f1
2026-08-01 19:56:04,762 - Factify - INFO - Received prediction request for text length: 116
2026-08-01 19:56:04,764 - Factify - INFO - Cache hit for predict:479ccc93d1d77289d4c270482c6517f32d3ac15e10a0a3e9ed35763ecfde24f1
2026-08-01 19:56:04,774 - Factify - INFO - Received prediction request for text length: 116
2026-08-01 19:56:04,774 - Factify - INFO - Cache hit for predict:479ccc93d1d77289d4c270482c6517f32d3ac15e10a0a3e9ed35763ecfde24f1
2026-08-01 19:56:04,786 - Factify - INFO - Received prediction request for text length: 116
2026-08-01 19:56:04,790 - Factify - INFO - Cache hit for predict:479ccc93d1d77289d4c270482c6517f32d3ac15e10a0a3e9ed35763ecfde24f1
2026-08-01 19:56:04,795 - Factify - INFO - Received prediction request for text length: 116
2026-08-01 19:56:04,800 - Factify - INFO - Cache hit for predict:479ccc93d1d77289d4c270482c6517f32d3ac15e10a0a3e9ed35763ecfde24f1
2026-08-01 19:56:04,813 - Factify - WARNING - Rate limit exceeded for unknown on /predict
2026-08-01 19:56:04,823 - Factify - INFO - Received prediction request for text length: 116
2026-08-01 19:56:04,823 - Factify - INFO - Cache hit for predict:479ccc93d1d77289d4c270482c6517f32d3ac15e10a0a3e9ed35763ecfde24f1
2026-08-01 19:56:05,480 - Factify - INFO - Received prediction request for text length: 116
2026-08-01 19:56:05,480 - Factify - INFO - Cache miss for predict:479ccc93d1d77289d4c270482c6517f32d3ac15e10a0a3e9ed35763ecfde24f1
2026-08-01 19:56:05,511 - Factify - INFO - Received prediction request for text length: 116
2026-08-01 19:56:05,511 - Factify - INFO - Cache hit for predict:479ccc93d1d77289d4c270482c6517f32d3ac15e10a0a3e9ed35763ecfde24f1
2026-08-01 19:56:05,540 - Factify - INFO - Received prediction request for text length: 116
2026-08-01 19:56:05,540 - Factify - INFO - Cache hit for predict:479ccc93d1d77289d4c270482c6517f32d3ac15e10a0a3e9ed35763ecfde24f1
2026-08-01 19:56:05,568 - Factify - INFO - Received prediction request for text length: 116
2026-08-01 19:56:05,568 - Factify - INFO - Cache hit for predict:479ccc93d1d77289d4c270482c6517f32d3ac15e10a0a3e9ed35763ecfde24f1
2026-08-01 19:56:05,601 - Factify - INFO - Received prediction request for text length: 116
2026-08-01 19:56:05,601 - Factify - INFO - Cache hit for predict:479ccc93d1d77289d4c270482c6517f32d3ac15e10a0a3e9ed35763ecfde24f1
2026-08-01 19:56:05,631 - Factify - INFO - Received prediction request for text length: 116
2026-08-01 19:56:05,631 - Factify - INFO - Cache hit for predict:479ccc93d1d77289d4c270482c6517f32d3ac15e10a0a3e9ed35763ecfde24f1
2026-08-01 19:56:05,684 - Factify - INFO - Received prediction request for text length: 116
2026-08-01 19:56:05,685 - Factify - INFO - Cache hit for predict:479ccc93d1d77289d4c270482c6517f32d3ac15e10a0a3e9ed35763ecfde24f1
2026-08-01 19:56:05,711 - Factify - INFO - Received prediction request for text length: 116
2026-08-01 19:56:05,712 - Factify - INFO - Cache hit for predict:479ccc93d1d77289d4c270482c6517f32d3ac15e10a0a3e9ed35763ecfde24f1
2026-08-01 19:56:05,746 - Factify - INFO - Received prediction request for text length: 116
2026-08-01 19:56:05,746 - Factify - INFO - Cache hit for predict:479ccc93d1d77289d4c270482c6517f32d3ac15e10a0a3e9ed35763ecfde24f1
2026-08-01 19:56:05,764 - Factify - INFO - Received prediction request for text length: 116
2026-08-01 19:56:05,767 - Factify - INFO - Cache hit for predict:479ccc93d1d77289d4c270482c6517f32d3ac15e10a0a3e9ed35763ecfde24f1
2026-08-01 19:56:05,781 - Factify - INFO - Received prediction request for text length: 116
2026-08-01 19:56:05,782 - Factify - INFO - Cache hit for predict:479ccc93d1d77289d4c270482c6517f32d3ac15e10a0a3e9ed35763ecfde24f1
2026-08-01 19:56:05,795 - Factify - INFO - Received prediction request for text length: 116
2026-08-01 19:56:05,795 - Factify - INFO - Cache hit for predict:479ccc93d1d77289d4c270482c6517f32d3ac15e10a0a3e9ed35763ecfde24f1
2026-08-01 19:56:05,813 - Factify - INFO - Received prediction request for text length: 116
2026-08-01 19:56:05,814 - Factify - INFO - Cache hit for predict:479ccc93d1d77289d4c270482c6517f32d3ac15e10a0a3e9ed35763ecfde24f1
2026-08-01 19:56:05,829 - Factify - INFO - Received prediction request for text length: 116
2026-08-01 19:56:05,830 - Factify - INFO - Cache hit for predict:479ccc93d1d77289d4c270482c6517f32d3ac15e10a0a3e9ed35763ecfde24f1
2026-08-01 19:56:05,839 - Factify - INFO - Received prediction request for text length: 116
2026-08-01 19:56:05,840 - Factify - INFO - Cache hit for predict:479ccc93d1d77289d4c270482c6517f32d3ac15e10a0a3e9ed35763ecfde24f1
2026-08-01 19:56:05,851 - Factify - INFO - Received prediction request for text length: 116
2026-08-01 19:56:05,851 - Factify - INFO - Cache hit for predict:479ccc93d1d77289d4c270482c6517f32d3ac15e10a0a3e9ed35763ecfde24f1
2026-08-01 19:56:05,864 - Factify - INFO - Received prediction request for text length: 116
2026-08-01 19:56:05,866 - Factify - INFO - Cache hit for predict:479ccc93d1d77289d4c270482c6517f32d3ac15e10a0a3e9ed35763ecfde24f1
2026-08-01 19:56:05,880 - Factify - INFO - Received prediction request for text length: 116
2026-08-01 19:56:05,880 - Factify - INFO - Cache hit for predict:479ccc93d1d77289d4c270482c6517f32d3ac15e10a0a3e9ed35763ecfde24f1
2026-08-01 19:56:05,893 - Factify - INFO - Received prediction request for text length: 116
2026-08-01 19:56:05,893 - Factify - INFO - Cache hit for predict:479ccc93d1d77289d4c270482c6517f32d3ac15e10a0a3e9ed35763ecfde24f1
2026-08-01 19:56:05,903 - Factify - INFO - Received prediction request for text length: 116
2026-08-01 19:56:05,903 - Factify - INFO - Cache hit for predict:479ccc93d1d77289d4c270482c6517f32d3ac15e10a0a3e9ed35763ecfde24f1
2026-08-01 19:56:05,916 - Factify - INFO - Received prediction request for text length: 116
2026-08-01 19:56:05,916 - Factify - INFO - Cache hit for predict:479ccc93d1d77289d4c270482c6517f32d3ac15e10a0a3e9ed35763ecfde24f1
2026-08-01 19:56:05,926 - Factify - INFO - Received prediction request for text length: 116
2026-08-01 19:56:05,930 - Factify - INFO - Cache hit for predict:479ccc93d1d77289d4c270482c6517f32d3ac15e10a0a3e9ed35763ecfde24f1
2026-08-01 19:56:05,936 - Factify - INFO - Received prediction request for text length: 116
2026-08-01 19:56:05,936 - Factify - INFO - Cache hit for predict:479ccc93d1d77289d4c270482c6517f32d3ac15e10a0a3e9ed35763ecfde24f1
2026-08-01 19:56:05,950 - Factify - INFO - Received prediction request for text length: 116
2026-08-01 19:56:05,950 - Factify - INFO - Cache hit for predict:479ccc93d1d77289d4c270482c6517f32d3ac15e10a0a3e9ed35763ecfde24f1
2026-08-01 19:56:05,965 - Factify - INFO - Received prediction request for text length: 116
2026-08-01 19:56:05,967 - Factify - INFO - Cache hit for predict:479ccc93d1d77289d4c270482c6517f32d3ac15e10a0a3e9ed35763ecfde24f1
2026-08-01 19:56:06,027 - Factify - INFO - Loading data from files...
2026-08-01 19:56:06,081 - Factify - INFO - Removing 1 duplicate entries
2026-08-01 19:56:06,098 - Factify - INFO - Data loaded successfully: 2 rows and 4 columns
2026-08-01 19:56:06,100 - Factify - INFO - Loading data from files...
2026-08-01 19:56:06,109 - Factify - ERROR - Error loading data: [Errno 2] No such file or directory: 'non_existent.csv'
2026-08-01 19:56:06,201 - Factify - INFO - Cleaning text data...
2026-08-01 19:56:06,211 - Factify - INFO - Text data cleaned successfully
2026-08-01 19:56:06,221 - Factify - INFO - Cleaning text data...
2026-08-01 19:56:06,226 - Factify - ERROR - Error cleaning dataframe: 'NoneType' object is not subscriptable
2026-08-01 19:56:06,271 - Factify - WARNING - Model file not found at path
2026-08-01 19:56:06,271 - Factify - WARNING - Tokenizer file not found at path
2026-08-01 19:56:06,279 - Factify - WARNING - Model file not found at bad_path
2026-08-01 19:56:06,280 - Factify - WARNING - Tokenizer file not found at bad_path
2026-08-01 19:56:06,281 - Factify - INFO - Making prediction for text: test...
2026-08-01 19:56:06,281 - Factify - INFO - Text preprocessing and padding successful
2026-08-01 19:56:06,281 - Factify - INFO - Calling model.predict on shape (1, 100) with dtype int32...
2026-08-01 19:56:06,281 - Factify - ERROR - Model prediction failed: 'NoneType' object has no attribute 'predict'
2026-08-01 19:56:06,302 - Factify - WARNING - Model file not found at p
2026-08-01 19:56:06,310 - Factify - WARNING - Tokenizer file not found at t
2026-08-01 19:56:06,312 - Factify - ERROR - Error preprocessing text for prediction: Tokenizer not loaded
2026-08-01 19:56:06,326 - Factify - WARNING - Model file not found at C:\Users\emon1\Desktop\project-1\Factify\backend\models\saved_models\fake_news_detector.h5
2026-08-01 19:56:06,330 - Factify - WARNING - Tokenizer file not found at C:\Users\emon1\Desktop\project-1\Factify\backend\models\saved_models\tokenizer.pickle
2026-08-01 19:56:06,336 - Factify - WARNING - Model file not found at dummy
2026-08-01 19:56:06,336 - Factify - WARNING - Tokenizer file not found at dummy
2026-08-01 19:56:06,340 - Factify - INFO - Making prediction for text: test...
2026-08-01 19:56:06,341 - Factify - INFO - Text preprocessing and padding successful
2026-08-01 19:56:06,342 - Factify - INFO - Calling model.predict on shape (1, 100) with dtype int32...
2026-08-01 19:56:06,344 - Factify - INFO - Raw prediction result: [[0.9]]
2026-08-01 19:56:06,344 - Factify - INFO - Prediction: REAL (probability: 0.9000)
2026-08-01 19:56:06,352 - Factify - WARNING - Model file not found at p
2026-08-01 19:56:06,352 - Factify - WARNING - Tokenizer file not found at t
2026-08-01 19:56:06,364 - Factify - INFO - Tokenizing texts with vocab_size=100, max_length=100...
2026-08-01 19:56:06,364 - Factify - INFO - Tokenization and padding completed successfully
2026-08-01 19:56:06,364 - Factify - INFO - Tokenizing texts with vocab_size=10000, max_length=100...
2026-08-01 19:56:06,370 - Factify - ERROR - Error in tokenization process: 'NoneType' object is not iterable
2026-08-01 19:56:06,376 - Factify - INFO - Preparing data for model training...
2026-08-01 19:56:06,377 - Factify - INFO - Tokenizing texts with vocab_size=10000, max_length=100...
2026-08-01 19:56:06,377 - Factify - INFO - Tokenization and padding completed successfully
2026-08-01 19:56:06,382 - Factify - INFO - Data prepared: X_train shape=(1, 100), X_test shape=(1, 100)
2026-08-01 19:56:06,394 - Factify - INFO - Preparing data for model training...
2026-08-01 19:56:06,394 - Factify - ERROR - Error preparing data: DataFrame must contain 'clean_text' column
2026-08-01 19:56:06,398 - Factify - INFO - Building LSTM-GRU model with vocab_size=100, embedding_dim=100...
2026-08-01 19:56:06,444 - Factify - INFO - LSTM-GRU model built successfully
2026-08-01 19:56:06,451 - Factify - INFO - Building LSTM-GRU model with vocab_size=100, embedding_dim=100...
2026-08-01 19:56:06,481 - Factify - ERROR - Error building model: Build error
2026-08-01 19:56:06,490 - Factify - INFO - Training model for 1 epochs with batch_size=64...
2026-08-01 19:56:06,491 - Factify - INFO - Model training completed successfully
2026-08-01 19:56:06,498 - Factify - INFO - Training model for 5 epochs with batch_size=64...
2026-08-01 19:56:06,501 - Factify - ERROR - Error training model: 'NoneType' object has no attribute 'fit'
2026-08-01 19:56:06,503 - Factify - INFO - Model saved to model_path.h5
2026-08-01 19:56:06,514 - Factify - ERROR - Error saving model: expected str, bytes or os.PathLike object, not NoneType
2026-08-01 19:56:06,533 - Factify - INFO - Model saved to model.h5
2026-08-01 19:56:06,533 - Factify - INFO - Tokenizer saved to tok.pickle
2026-08-01 19:56:06,600 - Factify - INFO - Validation failed on /predict: Text is too short (10 characters). Please provide at least 50 characters so the analysis is meaningful.
2026-08-01 19:56:06,620 - Factify - INFO - Validation failed on /predict: Text has too few words (2). Please provide at least 10 words so the analysis is meaningful.
2026-08-01 19:56:06,634 - Factify - INFO - Validation failed on /predict: Text is too long (24999 characters). Please submit at most 20000 characters.
2026-08-01 19:56:06,653 - Factify - INFO - Validation failed on /predict: Text cannot be empty or whitespace only.
2026-08-01 19:56:06,674 - Factify - INFO - Validation failed on /predict: Text must contain readable words, not only digits or punctuation.
2026-08-01 19:56:06,696 - Factify - INFO - Validation failed on /predict: Field required
2026-08-01 19:56:06,715 - Factify - INFO - Validation failed on /predict: Text is too short (5 characters). Please provide at least 50 characters so the analysis is meaningful.
2026-08-01 19:56:06,731 - Factify - INFO - Received prediction request for text length: 120
2026-08-01 19:56:06,731 - Factify - INFO - Cache miss for predict:db339b7a7d4a648c0d4245578c48a175f9c66861ae69a17f747cde8b2fe5097a
2026-08-01 19:56:06,740 - Factify - INFO - Model warm-up starting...
2026-08-01 19:56:06,745 - Factify - INFO - Model warm-up completed in 0.00s
2026-08-01 19:56:06,771 - Factify - INFO - Application starting up...
2026-08-01 19:56:06,771 - Factify - INFO - Model warm-up starting...
2026-08-01 19:56:06,775 - Factify - ERROR - Model warm-up failed: boom
2026-08-01 19:56:06,781 - Factify - INFO - Application shutting down...
2026-08-01 19:56:06,800 - Factify - INFO - Application starting up...
2026-08-01 19:56:06,806 - Factify - INFO - Application shutting down...
2026-08-01 19:58:24,482 - Factify - INFO - Loading model from C:\Users\emon1\Desktop\project-1\Factify\backend\models\saved_models\fake_news_detector.h5
2026-08-01 19:58:24,930 - Factify - INFO - Model loaded successfully
2026-08-01 19:58:24,930 - Factify - INFO - Loading tokenizer from C:\Users\emon1\Desktop\project-1\Factify\backend\models\saved_models\tokenizer.pickle
2026-08-01 19:58:25,406 - Factify - INFO - Tokenizer loaded successfully
2026-08-01 19:58:28,112 - Factify - INFO - Received prediction request for text length: 9
2026-08-01 19:58:28,115 - Factify - INFO - Cache miss for predict:5b5c7c7cf7b339e0f4737360496d5c3e16108e6b832e732a4d13a634475751f8
2026-08-01 19:58:28,148 - Factify - INFO - Received prediction request for text length: 10
2026-08-01 19:58:28,148 - Factify - INFO - Cache miss for predict:edcadcc919c38f09aa53fbf2af68ebc4d9adad83ee00ab3da40ed9e762bac1c6
2026-08-01 19:58:28,151 - Factify - ERROR - Prediction error: Prediction failed
2026-08-01 19:58:28,179 - Factify - INFO - Application starting up...
2026-08-01 19:58:28,181 - Factify - INFO - Model warm-up disabled, skipping
2026-08-01 19:58:28,187 - Factify - INFO - Application shutting down...
2026-08-01 19:58:28,248 - Factify - INFO - Cache miss for unit:533482076467d952614d83ee8dc409a19e4544fae48262d75e808564ae2d27f7
2026-08-01 19:58:28,250 - Factify - INFO - Cache hit for unit:533482076467d952614d83ee8dc409a19e4544fae48262d75e808564ae2d27f7
2026-08-01 19:58:28,262 - Factify - INFO - Cache miss for unit:02d00c996c4858513b09860b1d1cddd58c51e1de22bf83cfb5360e25f22d1010
2026-08-01 19:58:28,262 - Factify - INFO - Cache hit for unit:02d00c996c4858513b09860b1d1cddd58c51e1de22bf83cfb5360e25f22d1010
2026-08-01 19:58:28,288 - Factify - INFO - Cache miss for unit:7ec7ae4da1700def51b9c9d1795722a172b946213ca33a0a6bbcee54ede2b68d
2026-08-01 19:58:28,291 - Factify - INFO - Cache miss for unit:011c92134eec6a30a95f6a2ff61c99fb82d41407b0d2c77c664cd30fc334f2f8
2026-08-01 19:58:28,312 - Factify - INFO - Cache miss for unit:c34195ab7416c5a58eaf82994fcf7d1ee466e7485ba0a63a445a987adb8a10df
2026-08-01 19:58:28,420 - Factify - INFO - Cache miss for unit:c34195ab7416c5a58eaf82994fcf7d1ee466e7485ba0a63a445a987adb8a10df
2026-08-01 19:58:28,436 - Factify - INFO - Cache miss for unit:047ab2abdeddf6b4969fd760eb4066162c77b0af242263d06f3982b44e8094db
2026-08-01 19:58:28,436 - Factify - INFO - Cache miss for unit:047ab2abdeddf6b4969fd760eb4066162c77b0af242263d06f3982b44e8094db
2026-08-01 19:58:28,454 - Factify - INFO - Cache miss for unit:047ab2abdeddf6b4969fd760eb4066162c77b0af242263d06f3982b44e8094db
2026-08-01 19:58:28,454 - Factify - INFO - Cache miss for unit:047ab2abdeddf6b4969fd760eb4066162c77b0af242263d06f3982b44e8094db
2026-08-01 19:58:28,475 - Factify - INFO - Cache miss for unit:047ab2abdeddf6b4969fd760eb4066162c77b0af242263d06f3982b44e8094db
2026-08-01 19:58:28,475 - Factify - INFO - Cache miss for unit:047ab2abdeddf6b4969fd760eb4066162c77b0af242263d06f3982b44e8094db
2026-08-01 19:58:28,485 - Factify - INFO - Cache miss for unit:047ab2abdeddf6b4969fd760eb4066162c77b0af242263d06f3982b44e8094db
2026-08-01 19:58:28,490 - Factify - INFO - Cache miss for unit:047ab2abdeddf6b4969fd760eb4066162c77b0af242263d06f3982b44e8094db
2026-08-01 19:58:28,504 - Factify - INFO - Cache miss for unit:d5112aa7384d59510033811d23e8de5a550e5475689eb9939a391b088c288feb
2026-08-01 19:58:28,506 - Factify - INFO - Cache hit for unit:d5112aa7384d59510033811d23e8de5a550e5475689eb9939a391b088c288feb
2026-08-01 19:58:28,516 - Factify - INFO - Cache miss for unit:8fa78498512104950be00153e350f720fc462c6fa44590bcafb8789920d4a2c9
2026-08-01 19:58:28,520 - Factify - INFO - Cache hit for unit:8fa78498512104950be00153e350f720fc462c6fa44590bcafb8789920d4a2c9
2026-08-01 19:58:28,551 - Factify - INFO - Received prediction request for text length: 42
2026-08-01 19:58:28,551 - Factify - INFO - Cache miss for predict:85add2b606fc68fe38815511e5705a26a856e5abe7a2dc33868a5ffa6d8732a7
2026-08-01 19:58:28,571 - Factify - INFO - Received prediction request for text length: 42
2026-08-01 19:58:28,571 - Factify - INFO - Cache hit for predict:85add2b606fc68fe38815511e5705a26a856e5abe7a2dc33868a5ffa6d8732a7
2026-08-01 19:58:28,616 - Factify - INFO - Received prediction request for text length: 116
2026-08-01 19:58:28,616 - Factify - INFO - Cache miss for predict:479ccc93d1d77289d4c270482c6517f32d3ac15e10a0a3e9ed35763ecfde24f1
2026-08-01 19:58:28,631 - Factify - INFO - Received prediction request for text length: 116
2026-08-01 19:58:28,636 - Factify - INFO - Cache hit for predict:479ccc93d1d77289d4c270482c6517f32d3ac15e10a0a3e9ed35763ecfde24f1
2026-08-01 19:58:28,671 - Factify - INFO - Received prediction request for text length: 116
2026-08-01 19:58:28,671 - Factify - INFO - Cache hit for predict:479ccc93d1d77289d4c270482c6517f32d3ac15e10a0a3e9ed35763ecfde24f1
2026-08-01 19:58:28,696 - Factify - INFO - Received prediction request for text length: 116
2026-08-01 19:58:28,699 - Factify - INFO - Cache hit for predict:479ccc93d1d77289d4c270482c6517f32d3ac15e10a0a3e9ed35763ecfde24f1
2026-08-01 19:58:28,731 - Factify - INFO - Received prediction request for text length: 116
2026-08-01 19:58:28,731 - Factify - INFO - Cache hit for predict:479ccc93d1d77289d4c270482c6517f32d3ac15e10a0a3e9ed35763ecfde24f1
2026-08-01 19:58:28,776 - Factify - INFO - Received prediction request for text length: 116
2026-08-01 19:58:28,777 - Factify - INFO - Cache miss for predict:479ccc93d1d77289d4c270482c6517f32d3ac15e10a0a3e9ed35763ecfde24f1
2026-08-01 19:58:28,818 - Factify - INFO - Received prediction request for text length: 116
2026-08-01 19:58:28,820 - Factify - INFO - Cache hit for predict:479ccc93d1d77289d4c270482c6517f32d3ac15e10a0a3e9ed35763ecfde24f1
2026-08-01 19:58:28,855 - Factify - INFO - Received prediction request for text length: 116
2026-08-01 19:58:28,861 - Factify - INFO - Cache hit for predict:479ccc93d1d77289d4c270482c6517f32d3ac15e10a0a3e9ed35763ecfde24f1
2026-08-01 19:58:28,894 - Factify - INFO - Received prediction request for text length: 116
2026-08-01 19:58:28,898 - Factify - INFO - Cache hit for predict:479ccc93d1d77289d4c270482c6517f32d3ac15e10a0a3e9ed35763ecfde24f1
2026-08-01 19:58:28,937 - Factify - INFO - Received prediction request for text length: 116
2026-08-01 19:58:28,938 - Factify - INFO - Cache hit for predict:479ccc93d1d77289d4c270482c6517f32d3ac15e10a0a3e9ed35763ecfde24f1
2026-08-01 19:58:28,955 - Factify - INFO - Received prediction request for text length: 116
2026-08-01 19:58:28,957 - Factify - INFO - Cache hit for predict:479ccc93d1d77289d4c270482c6517f32d3ac15e10a0a3e9ed35763ecfde24f1
2026-08-01 19:58:28,977 - Factify - INFO - Received prediction request for text length: 116
2026-08-01 19:58:28,977 - Factify - INFO - Cache hit for predict:479ccc93d1d77289d4c270482c6517f32d3ac15e10a0a3e9ed35763ecfde24f1
2026-08-01 19:58:29,001 - Factify - INFO - Received prediction request for text length: 116
2026-08-01 19:58:29,003 - Factify - INFO - Cache hit for predict:479ccc93d1d77289d4c270482c6517f32d3ac15e10a0a3e9ed35763ecfde24f1
2026-08-01 19:58:29,053 - Factify - INFO - Received prediction request for text length: 116
2026-08-01 19:58:29,053 - Factify - INFO - Cache hit for predict:479ccc93d1d77289d4c270482c6517f32d3ac15e10a0a3e9ed35763ecfde24f1
2026-08-01 19:58:29,184 - Factify - INFO - Received prediction request for text length: 116
2026-08-01 19:58:29,184 - Factify - INFO - Cache hit for predict:479ccc93d1d77289d4c270482c6517f32d3ac15e10a0a3e9ed35763ecfde24f1
2026-08-01 19:58:29,342 - Factify - INFO - Received prediction request for text length: 116
2026-08-01 19:58:29,345 - Factify - INFO - Cache hit for predict:479ccc93d1d77289d4c270482c6517f32d3ac15e10a0a3e9ed35763ecfde24f1
2026-08-01 19:58:29,418 - Factify - INFO - Received prediction request for text length: 116
2026-08-01 19:58:29,418 - Factify - INFO - Cache hit for predict:479ccc93d1d77289d4c270482c6517f32d3ac15e10a0a3e9ed35763ecfde24f1
2026-08-01 19:58:29,465 - Factify - INFO - Received prediction request for text length: 116
2026-08-01 19:58:29,466 - Factify - INFO - Cache hit for predict:479ccc93d1d77289d4c270482c6517f32d3ac15e10a0a3e9ed35763ecfde24f1
2026-08-01 19:58:29,497 - Factify - INFO - Received prediction request for text length: 116
2026-08-01 19:58:29,500 - Factify - INFO - Cache hit for predict:479ccc93d1d77289d4c270482c6517f32d3ac15e10a0a3e9ed35763ecfde24f1
2026-08-01 19:58:29,527 - Factify - INFO - Received prediction request for text length: 116
2026-08-01 19:58:29,529 - Factify - INFO - Cache hit for predict:479ccc93d1d77289d4c270482c6517f32d3ac15e10a0a3e9ed35763ecfde24f1
2026-08-01 19:58:29,558 - Factify - INFO - Received prediction request for text length: 116
2026-08-01 19:58:29,558 - Factify - INFO - Cache hit for predict:479ccc93d1d77289d4c270482c6517f32d3ac15e10a0a3e9ed35763ecfde24f1
2026-08-01 19:58:29,589 - Factify - INFO - Received prediction request for text length: 116
2026-08-01 19:58:29,590 - Factify - INFO - Cache hit for predict:479ccc93d1d77289d4c270482c6517f32d3ac15e10a0a3e9ed35763ecfde24f1
2026-08-01 19:58:29,609 - Factify - INFO - Received prediction request for text length: 116
2026-08-01 19:58:29,614 - Factify - INFO - Cache hit for predict:479ccc93d1d77289d4c270482c6517f32d3ac15e10a0a3e9ed35763ecfde24f1
2026-08-01 19:58:29,641 - Factify - INFO - Received prediction request for text length: 116
2026-08-01 19:58:29,642 - Factify - INFO - Cache hit for predict:479ccc93d1d77289d4c270482c6517f32d3ac15e10a0a3e9ed35763ecfde24f1
2026-08-01 19:58:29,679 - Factify - INFO - Received prediction request for text length: 116
2026-08-01 19:58:29,681 - Factify - INFO - Cache hit for predict:479ccc93d1d77289d4c270482c6517f32d3ac15e10a0a3e9ed35763ecfde24f1
2026-08-01 19:58:29,702 - Factify - WARNING - Rate limit exceeded for unknown on /predict
2026-08-01 19:58:29,733 - Factify - INFO - Received prediction request for text length: 116
2026-08-01 19:58:29,734 - Factify - INFO - Cache miss for predict:479ccc93d1d77289d4c270482c6517f32d3ac15e10a0a3e9ed35763ecfde24f1
2026-08-01 19:58:29,753 - Factify - INFO - Received prediction request for text length: 116
2026-08-01 19:58:29,753 - Factify - INFO - Cache hit for predict:479ccc93d1d77289d4c270482c6517f32d3ac15e10a0a3e9ed35763ecfde24f1
2026-08-01 19:58:29,774 - Factify - INFO - Received prediction request for text length: 116
2026-08-01 19:58:29,781 - Factify - INFO - Cache hit for predict:479ccc93d1d77289d4c270482c6517f32d3ac15e10a0a3e9ed35763ecfde24f1
2026-08-01 19:58:29,800 - Factify - INFO - Received prediction request for text length: 116
2026-08-01 19:58:29,800 - Factify - INFO - Cache hit for predict:479ccc93d1d77289d4c270482c6517f32d3ac15e10a0a3e9ed35763ecfde24f1
2026-08-01 19:58:29,821 - Factify - INFO - Received prediction request for text length: 116
2026-08-01 19:58:29,823 - Factify - INFO - Cache hit for predict:479ccc93d1d77289d4c270482c6517f32d3ac15e10a0a3e9ed35763ecfde24f1
2026-08-01 19:58:29,843 - Factify - INFO - Received prediction request for text length: 116
2026-08-01 19:58:29,843 - Factify - INFO - Cache hit for predict:479ccc93d1d77289d4c270482c6517f32d3ac15e10a0a3e9ed35763ecfde24f1
2026-08-01 19:58:29,866 - Factify - INFO - Received prediction request for text length: 116
2026-08-01 19:58:29,867 - Factify - INFO - Cache hit for predict:479ccc93d1d77289d4c270482c6517f32d3ac15e10a0a3e9ed35763ecfde24f1
2026-08-01 19:58:29,891 - Factify - INFO - Received prediction request for text length: 116
2026-08-01 19:58:29,891 - Factify - INFO - Cache hit for predict:479ccc93d1d77289d4c270482c6517f32d3ac15e10a0a3e9ed35763ecfde24f1
2026-08-01 19:58:29,916 - Factify - INFO - Received prediction request for text length: 116
2026-08-01 19:58:29,918 - Factify - INFO - Cache hit for predict:479ccc93d1d77289d4c270482c6517f32d3ac15e10a0a3e9ed35763ecfde24f1
2026-08-01 19:58:29,941 - Factify - INFO - Received prediction request for text length: 116
2026-08-01 19:58:29,941 - Factify - INFO - Cache hit for predict:479ccc93d1d77289d4c270482c6517f32d3ac15e10a0a3e9ed35763ecfde24f1
2026-08-01 19:58:29,967 - Factify - INFO - Received prediction request for text length: 116
2026-08-01 19:58:29,969 - Factify - INFO - Cache hit for predict:479ccc93d1d77289d4c270482c6517f32d3ac15e10a0a3e9ed35763ecfde24f1
2026-08-01 19:58:30,006 - Factify - INFO - Received prediction request for text length: 116
2026-08-01 19:58:30,007 - Factify - INFO - Cache hit for predict:479ccc93d1d77289d4c270482c6517f32d3ac15e10a0a3e9ed35763ecfde24f1
2026-08-01 19:58:30,026 - Factify - INFO - Received prediction request for text length: 116
2026-08-01 19:58:30,029 - Factify - INFO - Cache hit for predict:479ccc93d1d77289d4c270482c6517f32d3ac15e10a0a3e9ed35763ecfde24f1
2026-08-01 19:58:30,073 - Factify - INFO - Received prediction request for text length: 116
2026-08-01 19:58:30,073 - Factify - INFO - Cache hit for predict:479ccc93d1d77289d4c270482c6517f32d3ac15e10a0a3e9ed35763ecfde24f1
2026-08-01 19:58:30,093 - Factify - INFO - Received prediction request for text length: 116
2026-08-01 19:58:30,095 - Factify - INFO - Cache hit for predict:479ccc93d1d77289d4c270482c6517f32d3ac15e10a0a3e9ed35763ecfde24f1
2026-08-01 19:58:30,115 - Factify - INFO - Received prediction request for text length: 116
2026-08-01 19:58:30,119 - Factify - INFO - Cache hit for predict:479ccc93d1d77289d4c270482c6517f32d3ac15e10a0a3e9ed35763ecfde24f1
2026-08-01 19:58:30,141 - Factify - INFO - Received prediction request for text length: 116
2026-08-01 19:58:30,141 - Factify - INFO - Cache hit for predict:479ccc93d1d77289d4c270482c6517f32d3ac15e10a0a3e9ed35763ecfde24f1
2026-08-01 19:58:30,161 - Factify - INFO - Received prediction request for text length: 116
2026-08-01 19:58:30,166 - Factify - INFO - Cache hit for predict:479ccc93d1d77289d4c270482c6517f32d3ac15e10a0a3e9ed35763ecfde24f1
2026-08-01 19:58:30,186 - Factify - INFO - Received prediction request for text length: 116
2026-08-01 19:58:30,186 - Factify - INFO - Cache hit for predict:479ccc93d1d77289d4c270482c6517f32d3ac15e10a0a3e9ed35763ecfde24f1
2026-08-01 19:58:30,212 - Factify - INFO - Received prediction request for text length: 116
2026-08-01 19:58:30,215 - Factify - INFO - Cache hit for predict:479ccc93d1d77289d4c270482c6517f32d3ac15e10a0a3e9ed35763ecfde24f1
2026-08-01 19:58:30,235 - Factify - WARNING - Rate limit exceeded for unknown on /predict
2026-08-01 19:58:30,276 - Factify - INFO - Received prediction request for text length: 116
2026-08-01 19:58:30,276 - Factify - INFO - Cache hit for predict:479ccc93d1d77289d4c270482c6517f32d3ac15e10a0a3e9ed35763ecfde24f1
2026-08-01 19:58:31,710 - Factify - INFO - Received prediction request for text length: 116
2026-08-01 19:58:31,711 - Factify - INFO - Cache miss for predict:479ccc93d1d77289d4c270482c6517f32d3ac15e10a0a3e9ed35763ecfde24f1
2026-08-01 19:58:31,731 - Factify - INFO - Received prediction request for text length: 116
2026-08-01 19:58:31,733 - Factify - INFO - Cache hit for predict:479ccc93d1d77289d4c270482c6517f32d3ac15e10a0a3e9ed35763ecfde24f1
2026-08-01 19:58:31,751 - Factify - INFO - Received prediction request for text length: 116
2026-08-01 19:58:31,751 - Factify - INFO - Cache hit for predict:479ccc93d1d77289d4c270482c6517f32d3ac15e10a0a3e9ed35763ecfde24f1
2026-08-01 19:58:31,772 - Factify - INFO - Received prediction request for text length: 116
2026-08-01 19:58:31,773 - Factify - INFO - Cache hit for predict:479ccc93d1d77289d4c270482c6517f32d3ac15e10a0a3e9ed35763ecfde24f1
2026-08-01 19:58:31,793 - Factify - INFO - Received prediction request for text length: 116
2026-08-01 19:58:31,794 - Factify - INFO - Cache hit for predict:479ccc93d1d77289d4c270482c6517f32d3ac15e10a0a3e9ed35763ecfde24f1
2026-08-01 19:58:31,813 - Factify - INFO - Received prediction request for text length: 116
2026-08-01 19:58:31,815 - Factify - INFO - Cache hit for predict:479ccc93d1d77289d4c270482c6517f32d3ac15e10a0a3e9ed35763ecfde24f1
2026-08-01 19:58:31,832 - Factify - INFO - Received prediction request for text length: 116
2026-08-01 19:58:31,834 - Factify - INFO - Cache hit for predict:479ccc93d1d77289d4c270482c6517f32d3ac15e10a0a3e9ed35763ecfde24f1
2026-08-01 19:58:31,859 - Factify - INFO - Received prediction request for text length: 116
2026-08-01 19:58:31,860 - Factify - INFO - Cache hit for predict:479ccc93d1d77289d4c270482c6517f32d3ac15e10a0a3e9ed35763ecfde24f1
2026-08-01 19:58:31,875 - Factify - INFO - Received prediction request for text length: 116
2026-08-01 19:58:31,880 - Factify - INFO - Cache hit for predict:479ccc93d1d77289d4c270482c6517f32d3ac15e10a0a3e9ed35763ecfde24f1
2026-08-01 19:58:31,896 - Factify - INFO - Received prediction request for text length: 116
2026-08-01 19:58:31,901 - Factify - INFO - Cache hit for predict:479ccc93d1d77289d4c270482c6517f32d3ac15e10a0a3e9ed35763ecfde24f1
2026-08-01 19:58:31,915 - Factify - INFO - Received prediction request for text length: 116
2026-08-01 19:58:31,915 - Factify - INFO - Cache hit for predict:479ccc93d1d77289d4c270482c6517f32d3ac15e10a0a3e9ed35763ecfde24f1
2026-08-01 19:58:31,938 - Factify - INFO - Received prediction request for text length: 116
2026-08-01 19:58:31,939 - Factify - INFO - Cache hit for predict:479ccc93d1d77289d4c270482c6517f32d3ac15e10a0a3e9ed35763ecfde24f1
2026-08-01 19:58:31,954 - Factify - INFO - Received prediction request for text length: 116
2026-08-01 19:58:31,954 - Factify - INFO - Cache hit for predict:479ccc93d1d77289d4c270482c6517f32d3ac15e10a0a3e9ed35763ecfde24f1
2026-08-01 19:58:31,975 - Factify - INFO - Received prediction request for text length: 116
2026-08-01 19:58:31,975 - Factify - INFO - Cache hit for predict:479ccc93d1d77289d4c270482c6517f32d3ac15e10a0a3e9ed35763ecfde24f1
2026-08-01 19:58:31,998 - Factify - INFO - Received prediction request for text length: 116
2026-08-01 19:58:31,998 - Factify - INFO - Cache hit for predict:479ccc93d1d77289d4c270482c6517f32d3ac15e10a0a3e9ed35763ecfde24f1
2026-08-01 19:58:32,016 - Factify - INFO - Received prediction request for text length: 116
2026-08-01 19:58:32,016 - Factify - INFO - Cache hit for predict:479ccc93d1d77289d4c270482c6517f32d3ac15e10a0a3e9ed35763ecfde24f1
2026-08-01 19:58:32,030 - Factify - INFO - Received prediction request for text length: 116
2026-08-01 19:58:32,030 - Factify - INFO - Cache hit for predict:479ccc93d1d77289d4c270482c6517f32d3ac15e10a0a3e9ed35763ecfde24f1
2026-08-01 19:58:32,051 - Factify - INFO - Received prediction request for text length: 116
2026-08-01 19:58:32,053 - Factify - INFO - Cache hit for predict:479ccc93d1d77289d4c270482c6517f32d3ac15e10a0a3e9ed35763ecfde24f1
2026-08-01 19:58:32,071 - Factify - INFO - Received prediction request for text length: 116
2026-08-01 19:58:32,071 - Factify - INFO - Cache hit for predict:479ccc93d1d77289d4c270482c6517f32d3ac15e10a0a3e9ed35763ecfde24f1
2026-08-01 19:58:32,088 - Factify - INFO - Received prediction request for text length: 116
2026-08-01 19:58:32,088 - Factify - INFO - Cache hit for predict:479ccc93d1d77289d4c270482c6517f32d3ac15e10a0a3e9ed35763ecfde24f1
2026-08-01 19:58:32,105 - Factify - INFO - Received prediction request for text length: 116
2026-08-01 19:58:32,105 - Factify - INFO - Cache hit for predict:479ccc93d1d77289d4c270482c6517f32d3ac15e10a0a3e9ed35763ecfde24f1
2026-08-01 19:58:32,126 - Factify - INFO - Received prediction request for text length: 116
2026-08-01 19:58:32,126 - Factify - INFO - Cache hit for predict:479ccc93d1d77289d4c270482c6517f32d3ac15e10a0a3e9ed35763ecfde24f1
2026-08-01 19:58:32,145 - Factify - INFO - Received prediction request for text length: 116
2026-08-01 19:58:32,151 - Factify - INFO - Cache hit for predict:479ccc93d1d77289d4c270482c6517f32d3ac15e10a0a3e9ed35763ecfde24f1
2026-08-01 19:58:32,172 - Factify - INFO - Received prediction request for text length: 116
2026-08-01 19:58:32,175 - Factify - INFO - Cache hit for predict:479ccc93d1d77289d4c270482c6517f32d3ac15e10a0a3e9ed35763ecfde24f1
2026-08-01 19:58:32,193 - Factify - INFO - Received prediction request for text length: 116
2026-08-01 19:58:32,193 - Factify - INFO - Cache hit for predict:479ccc93d1d77289d4c270482c6517f32d3ac15e10a0a3e9ed35763ecfde24f1
2026-08-01 19:58:32,307 - Factify - INFO - Loading data from files...
2026-08-01 19:58:32,343 - Factify - INFO - Removing 1 duplicate entries
2026-08-01 19:58:32,357 - Factify - INFO - Data loaded successfully: 2 rows and 4 columns
2026-08-01 19:58:32,371 - Factify - INFO - Loading data from files...
2026-08-01 19:58:32,378 - Factify - ERROR - Error loading data: [Errno 2] No such file or directory: 'non_existent.csv'
2026-08-01 19:58:32,506 - Factify - INFO - Cleaning text data...
2026-08-01 19:58:32,527 - Factify - INFO - Text data cleaned successfully
2026-08-01 19:58:32,548 - Factify - INFO - Cleaning text data...
2026-08-01 19:58:32,550 - Factify - ERROR - Error cleaning dataframe: 'NoneType' object is not subscriptable
2026-08-01 19:58:32,672 - Factify - WARNING - Model file not found at path
2026-08-01 19:58:32,674 - Factify - WARNING - Tokenizer file not found at path
2026-08-01 19:58:32,694 - Factify - WARNING - Model file not found at bad_path
2026-08-01 19:58:32,694 - Factify - WARNING - Tokenizer file not found at bad_path
2026-08-01 19:58:32,699 - Factify - INFO - Making prediction for text: test...
2026-08-01 19:58:32,700 - Factify - INFO - Text preprocessing and padding successful
2026-08-01 19:58:32,702 - Factify - INFO - Calling model.predict on shape (1, 100) with dtype int32...
2026-08-01 19:58:32,704 - Factify - ERROR - Model prediction failed: 'NoneType' object has no attribute 'predict'
2026-08-01 19:58:32,781 - Factify - WARNING - Model file not found at p
2026-08-01 19:58:32,784 - Factify - WARNING - Tokenizer file not found at t
2026-08-01 19:58:32,785 - Factify - ERROR - Error preprocessing text for prediction: Tokenizer not loaded
2026-08-01 19:58:32,824 - Factify - WARNING - Model file not found at C:\Users\emon1\Desktop\project-1\Factify\backend\models\saved_models\fake_news_detector.h5
2026-08-01 19:58:32,824 - Factify - WARNING - Tokenizer file not found at C:\Users\emon1\Desktop\project-1\Factify\backend\models\saved_models\tokenizer.pickle
2026-08-01 19:58:32,841 - Factify - WARNING - Model file not found at dummy
2026-08-01 19:58:32,844 - Factify - WARNING - Tokenizer file not found at dummy
2026-08-01 19:58:32,851 - Factify - INFO - Making prediction for text: test...
2026-08-01 19:58:32,854 - Factify - INFO - Text preprocessing and padding successful
2026-08-01 19:58:32,857 - Factify - INFO - Calling model.predict on shape (1, 100) with dtype int32...
2026-08-01 19:58:32,861 - Factify - INFO - Raw prediction result: [[0.9]]
2026-08-01 19:58:32,863 - Factify - INFO - Prediction: REAL (probability: 0.9000)
2026-08-01 19:58:32,877 - Factify - WARNING - Model file not found at p
2026-08-01 19:58:32,879 - Factify - WARNING - Tokenizer file not found at t
2026-08-01 19:58:32,904 - Factify - INFO - Tokenizing texts with vocab_size=100, max_length=100...
2026-08-01 19:58:32,907 - Factify - INFO - Tokenization and padding completed successfully
2026-08-01 19:58:32,915 - Factify - INFO - Tokenizing texts with vocab_size=10000, max_length=100...
2026-08-01 19:58:32,917 - Factify - ERROR - Error in tokenization process: 'NoneType' object is not iterable
2026-08-01 19:58:32,930 - Factify - INFO - Preparing data for model training...
2026-08-01 19:58:32,930 - Factify - INFO - Tokenizing texts with vocab_size=10000, max_length=100...
2026-08-01 19:58:32,935 - Factify - INFO - Tokenization and padding completed successfully
2026-08-01 19:58:32,946 - Factify - INFO - Data prepared: X_train shape=(1, 100), X_test shape=(1, 100)
2026-08-01 19:58:32,958 - Factify - INFO - Preparing data for model training...
2026-08-01 19:58:32,961 - Factify - ERROR - Error preparing data: DataFrame must contain 'clean_text' column
2026-08-01 19:58:32,971 - Factify - INFO - Building LSTM-GRU model with vocab_size=100, embedding_dim=100...
2026-08-01 19:58:33,101 - Factify - INFO - LSTM-GRU model built successfully
2026-08-01 19:58:33,114 - Factify - INFO - Building LSTM-GRU model with vocab_size=100, embedding_dim=100...
2026-08-01 19:58:33,192 - Factify - ERROR - Error building model: Build error
2026-08-01 19:58:33,214 - Factify - INFO - Training model for 1 epochs with batch_size=64...
2026-08-01 19:58:33,214 - Factify - INFO - Model training completed successfully
2026-08-01 19:58:33,232 - Factify - INFO - Training model for 5 epochs with batch_size=64...
2026-08-01 19:58:33,234 - Factify - ERROR - Error training model: 'NoneType' object has no attribute 'fit'
2026-08-01 19:58:33,253 - Factify - INFO - Model saved to model_path.h5
2026-08-01 19:58:33,265 - Factify - ERROR - Error saving model: expected str, bytes or os.PathLike object, not NoneType
2026-08-01 19:58:33,311 - Factify - INFO - Model saved to model.h5
2026-08-01 19:58:33,316 - Factify - INFO - Tokenizer saved to tok.pickle
2026-08-01 19:58:33,487 - Factify - INFO - Validation failed on /predict: Text is too short (10 characters). Please provide at least 50 characters so the analysis is meaningful.
2026-08-01 19:58:33,516 - Factify - INFO - Validation failed on /predict: Text has too few words (2). Please provide at least 10 words so the analysis is meaningful.
2026-08-01 19:58:33,580 - Factify - INFO - Validation failed on /predict: Text is too long (24999 characters). Please submit at most 20000 characters.
2026-08-01 19:58:33,711 - Factify - INFO - Validation failed on /predict: Text cannot be empty or whitespace only.
2026-08-01 19:58:33,816 - Factify - INFO - Validation failed on /predict: Text must contain readable words, not only digits or punctuation.
2026-08-01 19:58:33,881 - Factify - INFO - Validation failed on /predict: Field required
2026-08-01 19:58:33,937 - Factify - INFO - Validation failed on /predict: Text is too short (5 characters). Please provide at least 50 characters so the analysis is meaningful.
2026-08-01 19:58:33,981 - Factify - INFO - Received prediction request for text length: 120
2026-08-01 19:58:33,981 - Factify - INFO - Cache miss for predict:db339b7a7d4a648c0d4245578c48a175f9c66861ae69a17f747cde8b2fe5097a
2026-08-01 19:58:34,004 - Factify - INFO - Model warm-up starting...
2026-08-01 19:58:34,007 - Factify - INFO - Model warm-up completed in 0.00s
2026-08-01 19:58:34,067 - Factify - INFO - Application starting up...
2026-08-01 19:58:34,068 - Factify - INFO - Model warm-up starting...
2026-08-01 19:58:34,069 - Factify - ERROR - Model warm-up failed: boom
2026-08-01 19:58:34,078 - Factify - INFO - Application shutting down...
2026-08-01 19:58:34,116 - Factify - INFO - Application starting up...
2026-08-01 19:58:34,122 - Factify - INFO - Application shutting down...
2026-08-01 20:00:13,549 - Factify - INFO - Loading model from C:\Users\emon1\Desktop\project-1\Factify\backend\models\saved_models\fake_news_detector.h5
2026-08-01 20:00:13,911 - Factify - INFO - Model loaded successfully
2026-08-01 20:00:13,911 - Factify - INFO - Loading tokenizer from C:\Users\emon1\Desktop\project-1\Factify\backend\models\saved_models\tokenizer.pickle
2026-08-01 20:00:14,631 - Factify - INFO - Tokenizer loaded successfully
2026-08-01 20:00:14,681 - Factify - INFO - Application starting up...
2026-08-01 20:00:14,682 - Factify - INFO - Model warm-up starting...
2026-08-01 20:00:14,682 - Factify - INFO - Making prediction for text: the quick brown fox jumps over the lazy dog...
2026-08-01 20:00:15,561 - Factify - INFO - Text preprocessing and padding successful
2026-08-01 20:00:15,562 - Factify - INFO - Calling model.predict on shape (1, 100) with dtype int32...
2026-08-01 20:00:17,026 - Factify - INFO - Raw prediction result: [[0.00207656]]
2026-08-01 20:00:17,027 - Factify - INFO - Prediction: FAKE (probability: 0.0021)
2026-08-01 20:00:17,028 - Factify - INFO - Model warm-up completed in 2.34s
2026-08-01 20:00:50,560 - Factify - INFO - Received prediction request for text length: 184
2026-08-01 20:00:50,560 - Factify - INFO - Cache miss for predict:651afbc799db29612c67925b0f680d476e3df8e8e031368bad82f9f8d8298209
2026-08-01 20:00:50,560 - Factify - INFO - Making prediction for text: Government officials announced on Tuesday that the...
2026-08-01 20:00:50,563 - Factify - INFO - Text preprocessing and padding successful
2026-08-01 20:00:50,563 - Factify - INFO - Calling model.predict on shape (1, 100) with dtype int32...
2026-08-01 20:00:50,775 - Factify - INFO - Raw prediction result: [[0.97733635]]
2026-08-01 20:00:50,776 - Factify - INFO - Prediction: REAL (probability: 0.9773)
2026-08-01 20:00:50,934 - Factify - INFO - Validation failed on /predict: JSON decode error
2026-08-01 20:00:50,990 - Factify - INFO - Validation failed on /predict: Text is too short (10 characters). Please provide at least 50 characters so the analysis is meaningful.
2026-08-01 20:00:51,042 - Factify - INFO - Validation failed on /predict: Text is too short (10 characters). Please provide at least 50 characters so the analysis is meaningful.
2026-08-01 20:01:21,382 - Factify - INFO - Received prediction request for text length: 184
2026-08-01 20:01:21,382 - Factify - INFO - Cache hit for predict:651afbc799db29612c67925b0f680d476e3df8e8e031368bad82f9f8d8298209
2026-08-01 20:01:21,391 - Factify - INFO - Received prediction request for text length: 187
2026-08-01 20:01:21,391 - Factify - INFO - Cache hit for predict:651afbc799db29612c67925b0f680d476e3df8e8e031368bad82f9f8d8298209
2026-08-01 20:01:21,399 - Factify - INFO - Received prediction request for text length: 213
2026-08-01 20:01:21,399 - Factify - INFO - Cache miss for predict:1379de40731726430ab00eb7f98fcb1243b021010346b8e5722c8430906804de
2026-08-01 20:01:21,401 - Factify - INFO - Making prediction for text: Government officials announced on Tuesday that the...
2026-08-01 20:01:21,401 - Factify - INFO - Text preprocessing and padding successful
2026-08-01 20:01:21,401 - Factify - INFO - Calling model.predict on shape (1, 100) with dtype int32...
2026-08-01 20:01:21,616 - Factify - INFO - Raw prediction result: [[0.99693763]]
2026-08-01 20:01:21,616 - Factify - INFO - Prediction: REAL (probability: 0.9969)
2026-08-01 20:01:21,625 - Factify - INFO - Received prediction request for text length: 213
2026-08-01 20:01:21,627 - Factify - INFO - Cache miss for predict:4afbc561ae3902efa89acde63e547a55a8177f0ad99816e740bb505bfc55feea
2026-08-01 20:01:21,628 - Factify - INFO - Making prediction for text: Government officials announced on Tuesday that the...
2026-08-01 20:01:21,631 - Factify - INFO - Text preprocessing and padding successful
2026-08-01 20:01:21,632 - Factify - INFO - Calling model.predict on shape (1, 100) with dtype int32...
2026-08-01 20:01:21,840 - Factify - INFO - Raw prediction result: [[0.99693763]]
2026-08-01 20:01:21,840 - Factify - INFO - Prediction: REAL (probability: 0.9969)
2026-08-01 20:01:21,850 - Factify - INFO - Received prediction request for text length: 213
2026-08-01 20:01:21,850 - Factify - INFO - Cache miss for predict:dfb8ab8e65ee37c29bfc6c954f2b8e5b3251cb94b7163405355a880354bea74f
2026-08-01 20:01:21,850 - Factify - INFO - Making prediction for text: Government officials announced on Tuesday that the...
2026-08-01 20:01:21,855 - Factify - INFO - Text preprocessing and padding successful
2026-08-01 20:01:21,855 - Factify - INFO - Calling model.predict on shape (1, 100) with dtype int32...
2026-08-01 20:01:22,055 - Factify - INFO - Raw prediction result: [[0.99693763]]
2026-08-01 20:01:22,055 - Factify - INFO - Prediction: REAL (probability: 0.9969)
2026-08-01 20:01:22,067 - Factify - INFO - Received prediction request for text length: 213
2026-08-01 20:01:22,067 - Factify - INFO - Cache miss for predict:7dc4780962dfb7bb3d246d707476eeb977d56d7f2e96b4542bbd732847a60b76
2026-08-01 20:01:22,067 - Factify - INFO - Making prediction for text: Government officials announced on Tuesday that the...
2026-08-01 20:01:22,071 - Factify - INFO - Text preprocessing and padding successful
2026-08-01 20:01:22,073 - Factify - INFO - Calling model.predict on shape (1, 100) with dtype int32...
2026-08-01 20:01:22,276 - Factify - INFO - Raw prediction result: [[0.99693763]]
2026-08-01 20:01:22,276 - Factify - INFO - Prediction: REAL (probability: 0.9969)
2026-08-01 20:01:22,285 - Factify - INFO - Received prediction request for text length: 213
2026-08-01 20:01:22,287 - Factify - INFO - Cache miss for predict:090812c57a0d172fe874d7fc150b0e9a6f2eb7de49fec8fd27d42e3e365c31a7
2026-08-01 20:01:22,287 - Factify - INFO - Making prediction for text: Government officials announced on Tuesday that the...
2026-08-01 20:01:22,289 - Factify - INFO - Text preprocessing and padding successful
2026-08-01 20:01:22,289 - Factify - INFO - Calling model.predict on shape (1, 100) with dtype int32...
2026-08-01 20:01:22,492 - Factify - INFO - Raw prediction result: [[0.99693763]]
2026-08-01 20:01:22,492 - Factify - INFO - Prediction: REAL (probability: 0.9969)
2026-08-01 20:01:22,492 - Factify - INFO - Received prediction request for text length: 213
2026-08-01 20:01:22,501 - Factify - INFO - Cache miss for predict:c8922d710e7ec020edae3ba3d9c82a125d5e949d3f8c5b6b691497ed80c47b73
2026-08-01 20:01:22,501 - Factify - INFO - Making prediction for text: Government officials announced on Tuesday that the...
2026-08-01 20:01:22,504 - Factify - INFO - Text preprocessing and padding successful
2026-08-01 20:01:22,505 - Factify - INFO - Calling model.predict on shape (1, 100) with dtype int32...
2026-08-01 20:01:22,700 - Factify - INFO - Raw prediction result: [[0.99693763]]
2026-08-01 20:01:22,702 - Factify - INFO - Prediction: REAL (probability: 0.9969)
2026-08-01 20:01:22,708 - Factify - INFO - Received prediction request for text length: 213
2026-08-01 20:01:22,708 - Factify - INFO - Cache miss for predict:3d35c2f600f42dac69ae59d98596264efd02e131fa9df3176c9443818229da18
2026-08-01 20:01:22,710 - Factify - INFO - Making prediction for text: Government officials announced on Tuesday that the...
2026-08-01 20:01:22,710 - Factify - INFO - Text preprocessing and padding successful
2026-08-01 20:01:22,710 - Factify - INFO - Calling model.predict on shape (1, 100) with dtype int32...
2026-08-01 20:01:22,903 - Factify - INFO - Raw prediction result: [[0.99693763]]
2026-08-01 20:01:22,903 - Factify - INFO - Prediction: REAL (probability: 0.9969)
2026-08-01 20:01:22,911 - Factify - INFO - Received prediction request for text length: 213
2026-08-01 20:01:22,916 - Factify - INFO - Cache miss for predict:4558a17ffe34e1a92ea8320f2f62100311455713ac807ab614197107ac445e5e
2026-08-01 20:01:22,916 - Factify - INFO - Making prediction for text: Government officials announced on Tuesday that the...
2026-08-01 20:01:22,918 - Factify - INFO - Text preprocessing and padding successful
2026-08-01 20:01:22,919 - Factify - INFO - Calling model.predict on shape (1, 100) with dtype int32...
2026-08-01 20:01:23,106 - Factify - INFO - Raw prediction result: [[0.99693763]]
2026-08-01 20:01:23,107 - Factify - INFO - Prediction: REAL (probability: 0.9969)
2026-08-01 20:01:23,112 - Factify - INFO - Received prediction request for text length: 213
2026-08-01 20:01:23,112 - Factify - INFO - Cache miss for predict:c716d75fbd33ff775d53820b4c37bb2c4cf7d63c09dbdf26805f8473086bfbec
2026-08-01 20:01:23,112 - Factify - INFO - Making prediction for text: Government officials announced on Tuesday that the...
2026-08-01 20:01:23,112 - Factify - INFO - Text preprocessing and padding successful
2026-08-01 20:01:23,112 - Factify - INFO - Calling model.predict on shape (1, 100) with dtype int32...
2026-08-01 20:01:23,333 - Factify - INFO - Raw prediction result: [[0.99693763]]
2026-08-01 20:01:23,335 - Factify - INFO - Prediction: REAL (probability: 0.9969)
2026-08-01 20:01:23,341 - Factify - INFO - Received prediction request for text length: 213
2026-08-01 20:01:23,343 - Factify - INFO - Cache miss for predict:fe9de400365d5c92ac6a8b521b9d2ad19d600dfb19cee571b1c9cc48c5b165fd
2026-08-01 20:01:23,343 - Factify - INFO - Making prediction for text: Government officials announced on Tuesday that the...
2026-08-01 20:01:23,345 - Factify - INFO - Text preprocessing and padding successful
2026-08-01 20:01:23,347 - Factify - INFO - Calling model.predict on shape (1, 100) with dtype int32...
2026-08-01 20:01:23,517 - Factify - INFO - Raw prediction result: [[0.99693763]]
2026-08-01 20:01:23,517 - Factify - INFO - Prediction: REAL (probability: 0.9969)
2026-08-01 20:01:23,527 - Factify - INFO - Received prediction request for text length: 214
2026-08-01 20:01:23,527 - Factify - INFO - Cache miss for predict:0cb91886ccd65b0818b6070924cd302dd0d9455c94bc7c3bbf58e069de202067
2026-08-01 20:01:23,527 - Factify - INFO - Making prediction for text: Government officials announced on Tuesday that the...
2026-08-01 20:01:23,530 - Factify - INFO - Text preprocessing and padding successful
2026-08-01 20:01:23,531 - Factify - INFO - Calling model.predict on shape (1, 100) with dtype int32...
2026-08-01 20:01:23,742 - Factify - INFO - Raw prediction result: [[0.99693763]]
2026-08-01 20:01:23,743 - Factify - INFO - Prediction: REAL (probability: 0.9969)
2026-08-01 20:01:23,751 - Factify - INFO - Received prediction request for text length: 214
2026-08-01 20:01:23,751 - Factify - INFO - Cache miss for predict:6bdc031a0e872a460be82963917d08206467decd4720a3ba7dcf279ad4a2f8a5
2026-08-01 20:01:23,751 - Factify - INFO - Making prediction for text: Government officials announced on Tuesday that the...
2026-08-01 20:01:23,751 - Factify - INFO - Text preprocessing and padding successful
2026-08-01 20:01:23,751 - Factify - INFO - Calling model.predict on shape (1, 100) with dtype int32...
2026-08-01 20:01:24,182 - Factify - INFO - Raw prediction result: [[0.99693763]]
2026-08-01 20:01:24,183 - Factify - INFO - Prediction: REAL (probability: 0.9969)
2026-08-01 20:01:24,187 - Factify - INFO - Received prediction request for text length: 214
2026-08-01 20:01:24,191 - Factify - INFO - Cache miss for predict:5f5e9a1a402a8ba9b25233159111f01dd7e46706dd50458335fed6bbd030849a
2026-08-01 20:01:24,193 - Factify - INFO - Making prediction for text: Government officials announced on Tuesday that the...
2026-08-01 20:01:24,195 - Factify - INFO - Text preprocessing and padding successful
2026-08-01 20:01:24,196 - Factify - INFO - Calling model.predict on shape (1, 100) with dtype int32...
2026-08-01 20:01:24,411 - Factify - INFO - Raw prediction result: [[0.99693763]]
2026-08-01 20:01:24,412 - Factify - INFO - Prediction: REAL (probability: 0.9969)
2026-08-01 20:01:24,418 - Factify - INFO - Received prediction request for text length: 214
2026-08-01 20:01:24,420 - Factify - INFO - Cache miss for predict:50ca5414128877d7909e5ef921b7cedd165efd968a26e3e7b4988de8ff30773a
2026-08-01 20:01:24,420 - Factify - INFO - Making prediction for text: Government officials announced on Tuesday that the...
2026-08-01 20:01:24,420 - Factify - INFO - Text preprocessing and padding successful
2026-08-01 20:01:24,420 - Factify - INFO - Calling model.predict on shape (1, 100) with dtype int32...
2026-08-01 20:01:24,664 - Factify - INFO - Raw prediction result: [[0.99693763]]
2026-08-01 20:01:24,664 - Factify - INFO - Prediction: REAL (probability: 0.9969)
2026-08-01 20:01:24,673 - Factify - INFO - Received prediction request for text length: 214
2026-08-01 20:01:24,674 - Factify - INFO - Cache miss for predict:51f14d5c9e8d378b9bacd888b2736fa4d3c2f5f123729d788e817a53c1ef27a6
2026-08-01 20:01:24,674 - Factify - INFO - Making prediction for text: Government officials announced on Tuesday that the...
2026-08-01 20:01:24,678 - Factify - INFO - Text preprocessing and padding successful
2026-08-01 20:01:24,678 - Factify - INFO - Calling model.predict on shape (1, 100) with dtype int32...
2026-08-01 20:01:24,866 - Factify - INFO - Raw prediction result: [[0.99693763]]
2026-08-01 20:01:24,866 - Factify - INFO - Prediction: REAL (probability: 0.9969)
2026-08-01 20:01:24,873 - Factify - INFO - Received prediction request for text length: 214
2026-08-01 20:01:24,873 - Factify - INFO - Cache miss for predict:053d6f07d27a3209004ab89e1f5211ea41d1bef980b03ba86495e9238d5c76c3
2026-08-01 20:01:24,873 - Factify - INFO - Making prediction for text: Government officials announced on Tuesday that the...
2026-08-01 20:01:24,876 - Factify - INFO - Text preprocessing and padding successful
2026-08-01 20:01:24,878 - Factify - INFO - Calling model.predict on shape (1, 100) with dtype int32...
2026-08-01 20:01:25,062 - Factify - INFO - Raw prediction result: [[0.99693763]]
2026-08-01 20:01:25,062 - Factify - INFO - Prediction: REAL (probability: 0.9969)
2026-08-01 20:01:25,076 - Factify - INFO - Received prediction request for text length: 214
2026-08-01 20:01:25,078 - Factify - INFO - Cache miss for predict:973b8c8200742cb1571acf10d4e18d7b17c18d39978996a8eedc64d210cf7471
2026-08-01 20:01:25,078 - Factify - INFO - Making prediction for text: Government officials announced on Tuesday that the...
2026-08-01 20:01:25,081 - Factify - INFO - Text preprocessing and padding successful
2026-08-01 20:01:25,082 - Factify - INFO - Calling model.predict on shape (1, 100) with dtype int32...
2026-08-01 20:01:25,286 - Factify - INFO - Raw prediction result: [[0.99693763]]
2026-08-01 20:01:25,287 - Factify - INFO - Prediction: REAL (probability: 0.9969)
2026-08-01 20:01:25,295 - Factify - INFO - Received prediction request for text length: 214
2026-08-01 20:01:25,296 - Factify - INFO - Cache miss for predict:53afe2be615eaa5d97811684616df9fe74d9a59d42ccdc5bf132d849197d8d56
2026-08-01 20:01:25,296 - Factify - INFO - Making prediction for text: Government officials announced on Tuesday that the...
2026-08-01 20:01:25,296 - Factify - INFO - Text preprocessing and padding successful
2026-08-01 20:01:25,296 - Factify - INFO - Calling model.predict on shape (1, 100) with dtype int32...
2026-08-01 20:01:25,522 - Factify - INFO - Raw prediction result: [[0.99693763]]
2026-08-01 20:01:25,522 - Factify - INFO - Prediction: REAL (probability: 0.9969)
2026-08-01 20:01:25,531 - Factify - INFO - Received prediction request for text length: 214
2026-08-01 20:01:25,531 - Factify - INFO - Cache miss for predict:65407ce049a428e8f2a83078f86c91f87cb96b6129d72980e14b020076b6d25b
2026-08-01 20:01:25,531 - Factify - INFO - Making prediction for text: Government officials announced on Tuesday that the...
2026-08-01 20:01:25,536 - Factify - INFO - Text preprocessing and padding successful
2026-08-01 20:01:25,536 - Factify - INFO - Calling model.predict on shape (1, 100) with dtype int32...
2026-08-01 20:01:25,723 - Factify - INFO - Raw prediction result: [[0.99693763]]
2026-08-01 20:01:25,723 - Factify - INFO - Prediction: REAL (probability: 0.9969)
2026-08-01 20:01:25,731 - Factify - INFO - Received prediction request for text length: 214
2026-08-01 20:01:25,731 - Factify - INFO - Cache miss for predict:fc1ca94a55e27a78e6d9cf41206cde2b387840ab4bb003ad032e5225a313464d
2026-08-01 20:01:25,731 - Factify - INFO - Making prediction for text: Government officials announced on Tuesday that the...
2026-08-01 20:01:25,734 - Factify - INFO - Text preprocessing and padding successful
2026-08-01 20:01:25,734 - Factify - INFO - Calling model.predict on shape (1, 100) with dtype int32...
2026-08-01 20:01:25,896 - Factify - INFO - Raw prediction result: [[0.99693763]]
2026-08-01 20:01:25,898 - Factify - INFO - Prediction: REAL (probability: 0.9969)
2026-08-01 20:01:25,906 - Factify - WARNING - Rate limit exceeded for 203.0.113.55 on /predict
2026-08-01 20:01:25,911 - Factify - WARNING - Rate limit exceeded for 203.0.113.55 on /predict
2026-08-01 20:01:25,914 - Factify - WARNING - Rate limit exceeded for 203.0.113.55 on /predict
2026-08-01 20:01:25,921 - Factify - WARNING - Rate limit exceeded for 203.0.113.55 on /predict
2026-08-01 20:01:25,923 - Factify - INFO - Received prediction request for text length: 184
2026-08-01 20:01:25,923 - Factify - INFO - Cache hit for predict:651afbc799db29612c67925b0f680d476e3df8e8e031368bad82f9f8d8298209
2026-08-01 20:05:15,869 - Factify - INFO - Loading model from C:\Users\emon1\Desktop\project-1\Factify\backend\models\saved_models\fake_news_detector.h5
2026-08-01 20:05:16,573 - Factify - INFO - Model loaded successfully
2026-08-01 20:05:16,575 - Factify - INFO - Loading tokenizer from C:\Users\emon1\Desktop\project-1\Factify\backend\models\saved_models\tokenizer.pickle
2026-08-01 20:05:17,163 - Factify - INFO - Tokenizer loaded successfully
2026-08-01 20:05:17,197 - Factify - INFO - Application starting up...
2026-08-01 20:05:17,198 - Factify - INFO - Model warm-up starting...
2026-08-01 20:05:17,198 - Factify - INFO - Making prediction for text: the quick brown fox jumps over the lazy dog...
2026-08-01 20:05:18,641 - Factify - INFO - Text preprocessing and padding successful
2026-08-01 20:05:18,642 - Factify - INFO - Calling model.predict on shape (1, 100) with dtype int32...
2026-08-01 20:05:20,166 - Factify - INFO - Raw prediction result: [[0.00207656]]
2026-08-01 20:05:20,167 - Factify - INFO - Prediction: FAKE (probability: 0.0021)
2026-08-01 20:05:20,168 - Factify - INFO - Model warm-up completed in 2.97s
2026-08-01 20:15:07,759 - Factify - INFO - Received prediction request for text length: 184
2026-08-01 20:15:07,763 - Factify - INFO - Cache miss for predict:651afbc799db29612c67925b0f680d476e3df8e8e031368bad82f9f8d8298209
2026-08-01 20:15:07,763 - Factify - INFO - Making prediction for text: Government officials announced on Tuesday that the...
2026-08-01 20:15:07,768 - Factify - INFO - Text preprocessing and padding successful
2026-08-01 20:15:07,768 - Factify - INFO - Calling model.predict on shape (1, 100) with dtype int32...
2026-08-01 20:15:08,215 - Factify - INFO - Raw prediction result: [[0.97733635]]
2026-08-01 20:15:08,219 - Factify - INFO - Prediction: REAL (probability: 0.9773)
2026-08-01 20:15:08,235 - Factify - INFO - Validation failed on /predict: Text is too short (10 characters). Please provide at least 50 characters so the analysis is meaningful.
2026-08-01 20:16:26,262 - Factify - INFO - Loading model from C:\Users\emon1\Desktop\project-1\Factify\backend\models\saved_models\fake_news_detector.h5
2026-08-01 20:16:27,016 - Factify - INFO - Model loaded successfully
2026-08-01 20:16:27,016 - Factify - INFO - Loading tokenizer from C:\Users\emon1\Desktop\project-1\Factify\backend\models\saved_models\tokenizer.pickle
2026-08-01 20:16:27,970 - Factify - INFO - Tokenizer loaded successfully
2026-08-01 20:16:33,781 - Factify - INFO - Received prediction request for text length: 9
2026-08-01 20:16:33,783 - Factify - INFO - Cache miss for predict:5b5c7c7cf7b339e0f4737360496d5c3e16108e6b832e732a4d13a634475751f8
2026-08-01 20:16:34,211 - Factify - INFO - Received prediction request for text length: 10
2026-08-01 20:16:34,213 - Factify - INFO - Cache miss for predict:edcadcc919c38f09aa53fbf2af68ebc4d9adad83ee00ab3da40ed9e762bac1c6
2026-08-01 20:16:34,214 - Factify - ERROR - Prediction error: Prediction failed
2026-08-01 20:16:34,269 - Factify - INFO - Application starting up...
2026-08-01 20:16:34,271 - Factify - INFO - Model warm-up disabled, skipping
2026-08-01 20:16:34,276 - Factify - INFO - Application shutting down...
2026-08-01 20:16:34,305 - Factify - INFO - Cache miss for unit:533482076467d952614d83ee8dc409a19e4544fae48262d75e808564ae2d27f7
2026-08-01 20:16:34,306 - Factify - INFO - Cache hit for unit:533482076467d952614d83ee8dc409a19e4544fae48262d75e808564ae2d27f7
2026-08-01 20:16:34,341 - Factify - INFO - Cache miss for unit:02d00c996c4858513b09860b1d1cddd58c51e1de22bf83cfb5360e25f22d1010
2026-08-01 20:16:34,343 - Factify - INFO - Cache hit for unit:02d00c996c4858513b09860b1d1cddd58c51e1de22bf83cfb5360e25f22d1010
2026-08-01 20:16:34,362 - Factify - INFO - Cache miss for unit:7ec7ae4da1700def51b9c9d1795722a172b946213ca33a0a6bbcee54ede2b68d
2026-08-01 20:16:34,375 - Factify - INFO - Cache miss for unit:011c92134eec6a30a95f6a2ff61c99fb82d41407b0d2c77c664cd30fc334f2f8
2026-08-01 20:16:34,444 - Factify - INFO - Cache miss for unit:c34195ab7416c5a58eaf82994fcf7d1ee466e7485ba0a63a445a987adb8a10df
2026-08-01 20:16:34,550 - Factify - INFO - Cache miss for unit:c34195ab7416c5a58eaf82994fcf7d1ee466e7485ba0a63a445a987adb8a10df
2026-08-01 20:16:34,570 - Factify - INFO - Cache miss for unit:047ab2abdeddf6b4969fd760eb4066162c77b0af242263d06f3982b44e8094db
2026-08-01 20:16:34,579 - Factify - INFO - Cache miss for unit:047ab2abdeddf6b4969fd760eb4066162c77b0af242263d06f3982b44e8094db
2026-08-01 20:16:34,601 - Factify - INFO - Cache miss for unit:047ab2abdeddf6b4969fd760eb4066162c77b0af242263d06f3982b44e8094db
2026-08-01 20:16:34,603 - Factify - INFO - Cache miss for unit:047ab2abdeddf6b4969fd760eb4066162c77b0af242263d06f3982b44e8094db
2026-08-01 20:16:34,645 - Factify - INFO - Cache miss for unit:047ab2abdeddf6b4969fd760eb4066162c77b0af242263d06f3982b44e8094db
2026-08-01 20:16:34,646 - Factify - INFO - Cache miss for unit:047ab2abdeddf6b4969fd760eb4066162c77b0af242263d06f3982b44e8094db
2026-08-01 20:16:34,661 - Factify - INFO - Cache miss for unit:047ab2abdeddf6b4969fd760eb4066162c77b0af242263d06f3982b44e8094db
2026-08-01 20:16:34,663 - Factify - INFO - Cache miss for unit:047ab2abdeddf6b4969fd760eb4066162c77b0af242263d06f3982b44e8094db
2026-08-01 20:16:34,708 - Factify - INFO - Cache miss for unit:d5112aa7384d59510033811d23e8de5a550e5475689eb9939a391b088c288feb
2026-08-01 20:16:34,711 - Factify - INFO - Cache hit for unit:d5112aa7384d59510033811d23e8de5a550e5475689eb9939a391b088c288feb
2026-08-01 20:16:34,725 - Factify - INFO - Cache miss for unit:8fa78498512104950be00153e350f720fc462c6fa44590bcafb8789920d4a2c9
2026-08-01 20:16:34,729 - Factify - INFO - Cache hit for unit:8fa78498512104950be00153e350f720fc462c6fa44590bcafb8789920d4a2c9
2026-08-01 20:16:34,866 - Factify - INFO - Received prediction request for text length: 42
2026-08-01 20:16:34,868 - Factify - INFO - Cache miss for predict:85add2b606fc68fe38815511e5705a26a856e5abe7a2dc33868a5ffa6d8732a7
2026-08-01 20:16:34,997 - Factify - INFO - Received prediction request for text length: 42
2026-08-01 20:16:34,999 - Factify - INFO - Cache hit for predict:85add2b606fc68fe38815511e5705a26a856e5abe7a2dc33868a5ffa6d8732a7
2026-08-01 20:16:35,104 - Factify - INFO - Received prediction request for text length: 116
2026-08-01 20:16:35,106 - Factify - INFO - Cache miss for predict:479ccc93d1d77289d4c270482c6517f32d3ac15e10a0a3e9ed35763ecfde24f1
2026-08-01 20:16:35,245 - Factify - INFO - Received prediction request for text length: 116
2026-08-01 20:16:35,247 - Factify - INFO - Cache hit for predict:479ccc93d1d77289d4c270482c6517f32d3ac15e10a0a3e9ed35763ecfde24f1
2026-08-01 20:16:35,360 - Factify - INFO - Received prediction request for text length: 116
2026-08-01 20:16:35,361 - Factify - INFO - Cache hit for predict:479ccc93d1d77289d4c270482c6517f32d3ac15e10a0a3e9ed35763ecfde24f1
2026-08-01 20:16:35,553 - Factify - INFO - Received prediction request for text length: 116
2026-08-01 20:16:35,555 - Factify - INFO - Cache hit for predict:479ccc93d1d77289d4c270482c6517f32d3ac15e10a0a3e9ed35763ecfde24f1
2026-08-01 20:16:35,686 - Factify - INFO - Received prediction request for text length: 116
2026-08-01 20:16:35,688 - Factify - INFO - Cache hit for predict:479ccc93d1d77289d4c270482c6517f32d3ac15e10a0a3e9ed35763ecfde24f1
2026-08-01 20:16:35,790 - Factify - INFO - Received prediction request for text length: 116
2026-08-01 20:16:35,793 - Factify - INFO - Cache miss for predict:479ccc93d1d77289d4c270482c6517f32d3ac15e10a0a3e9ed35763ecfde24f1
2026-08-01 20:16:35,858 - Factify - INFO - Received prediction request for text length: 116
2026-08-01 20:16:35,860 - Factify - INFO - Cache hit for predict:479ccc93d1d77289d4c270482c6517f32d3ac15e10a0a3e9ed35763ecfde24f1
2026-08-01 20:16:35,999 - Factify - INFO - Received prediction request for text length: 116
2026-08-01 20:16:36,001 - Factify - INFO - Cache hit for predict:479ccc93d1d77289d4c270482c6517f32d3ac15e10a0a3e9ed35763ecfde24f1
2026-08-01 20:16:36,099 - Factify - INFO - Received prediction request for text length: 116
2026-08-01 20:16:36,100 - Factify - INFO - Cache hit for predict:479ccc93d1d77289d4c270482c6517f32d3ac15e10a0a3e9ed35763ecfde24f1
2026-08-01 20:16:36,245 - Factify - INFO - Received prediction request for text length: 116
2026-08-01 20:16:36,246 - Factify - INFO - Cache hit for predict:479ccc93d1d77289d4c270482c6517f32d3ac15e10a0a3e9ed35763ecfde24f1
2026-08-01 20:16:36,459 - Factify - INFO - Received prediction request for text length: 116
2026-08-01 20:16:36,464 - Factify - INFO - Cache hit for predict:479ccc93d1d77289d4c270482c6517f32d3ac15e10a0a3e9ed35763ecfde24f1
2026-08-01 20:16:36,674 - Factify - INFO - Received prediction request for text length: 116
2026-08-01 20:16:36,677 - Factify - INFO - Cache hit for predict:479ccc93d1d77289d4c270482c6517f32d3ac15e10a0a3e9ed35763ecfde24f1
2026-08-01 20:16:36,869 - Factify - INFO - Received prediction request for text length: 116
2026-08-01 20:16:36,870 - Factify - INFO - Cache hit for predict:479ccc93d1d77289d4c270482c6517f32d3ac15e10a0a3e9ed35763ecfde24f1
2026-08-01 20:16:37,073 - Factify - INFO - Received prediction request for text length: 116
2026-08-01 20:16:37,075 - Factify - INFO - Cache hit for predict:479ccc93d1d77289d4c270482c6517f32d3ac15e10a0a3e9ed35763ecfde24f1
2026-08-01 20:16:37,168 - Factify - INFO - Received prediction request for text length: 116
2026-08-01 20:16:37,170 - Factify - INFO - Cache hit for predict:479ccc93d1d77289d4c270482c6517f32d3ac15e10a0a3e9ed35763ecfde24f1
2026-08-01 20:16:37,304 - Factify - INFO - Received prediction request for text length: 116
2026-08-01 20:16:37,305 - Factify - INFO - Cache hit for predict:479ccc93d1d77289d4c270482c6517f32d3ac15e10a0a3e9ed35763ecfde24f1
2026-08-01 20:16:37,596 - Factify - INFO - Received prediction request for text length: 116
2026-08-01 20:16:37,597 - Factify - INFO - Cache hit for predict:479ccc93d1d77289d4c270482c6517f32d3ac15e10a0a3e9ed35763ecfde24f1
2026-08-01 20:16:37,873 - Factify - INFO - Received prediction request for text length: 116
2026-08-01 20:16:37,873 - Factify - INFO - Cache hit for predict:479ccc93d1d77289d4c270482c6517f32d3ac15e10a0a3e9ed35763ecfde24f1
2026-08-01 20:16:38,105 - Factify - INFO - Received prediction request for text length: 116
2026-08-01 20:16:38,106 - Factify - INFO - Cache hit for predict:479ccc93d1d77289d4c270482c6517f32d3ac15e10a0a3e9ed35763ecfde24f1
2026-08-01 20:16:38,389 - Factify - INFO - Received prediction request for text length: 116
2026-08-01 20:16:38,389 - Factify - INFO - Cache hit for predict:479ccc93d1d77289d4c270482c6517f32d3ac15e10a0a3e9ed35763ecfde24f1
2026-08-01 20:16:38,672 - Factify - INFO - Received prediction request for text length: 116
2026-08-01 20:16:38,675 - Factify - INFO - Cache hit for predict:479ccc93d1d77289d4c270482c6517f32d3ac15e10a0a3e9ed35763ecfde24f1
2026-08-01 20:16:38,994 - Factify - INFO - Received prediction request for text length: 116
2026-08-01 20:16:38,997 - Factify - INFO - Cache hit for predict:479ccc93d1d77289d4c270482c6517f32d3ac15e10a0a3e9ed35763ecfde24f1
2026-08-01 20:16:39,261 - Factify - INFO - Received prediction request for text length: 116
2026-08-01 20:16:39,262 - Factify - INFO - Cache hit for predict:479ccc93d1d77289d4c270482c6517f32d3ac15e10a0a3e9ed35763ecfde24f1
2026-08-01 20:16:39,417 - Factify - INFO - Received prediction request for text length: 116
2026-08-01 20:16:39,419 - Factify - INFO - Cache hit for predict:479ccc93d1d77289d4c270482c6517f32d3ac15e10a0a3e9ed35763ecfde24f1
2026-08-01 20:16:39,955 - Factify - INFO - Received prediction request for text length: 116
2026-08-01 20:16:39,959 - Factify - INFO - Cache hit for predict:479ccc93d1d77289d4c270482c6517f32d3ac15e10a0a3e9ed35763ecfde24f1
2026-08-01 20:16:40,182 - Factify - WARNING - Rate limit exceeded for unknown on /predict
2026-08-01 20:16:40,414 - Factify - INFO - Received prediction request for text length: 116
2026-08-01 20:16:40,416 - Factify - INFO - Cache miss for predict:479ccc93d1d77289d4c270482c6517f32d3ac15e10a0a3e9ed35763ecfde24f1
2026-08-01 20:16:40,648 - Factify - INFO - Received prediction request for text length: 116
2026-08-01 20:16:40,649 - Factify - INFO - Cache hit for predict:479ccc93d1d77289d4c270482c6517f32d3ac15e10a0a3e9ed35763ecfde24f1
2026-08-01 20:16:40,855 - Factify - INFO - Received prediction request for text length: 116
2026-08-01 20:16:40,857 - Factify - INFO - Cache hit for predict:479ccc93d1d77289d4c270482c6517f32d3ac15e10a0a3e9ed35763ecfde24f1
2026-08-01 20:16:41,103 - Factify - INFO - Received prediction request for text length: 116
2026-08-01 20:16:41,105 - Factify - INFO - Cache hit for predict:479ccc93d1d77289d4c270482c6517f32d3ac15e10a0a3e9ed35763ecfde24f1
2026-08-01 20:16:41,339 - Factify - INFO - Received prediction request for text length: 116
2026-08-01 20:16:41,340 - Factify - INFO - Cache hit for predict:479ccc93d1d77289d4c270482c6517f32d3ac15e10a0a3e9ed35763ecfde24f1
2026-08-01 20:16:41,502 - Factify - INFO - Received prediction request for text length: 116
2026-08-01 20:16:41,504 - Factify - INFO - Cache hit for predict:479ccc93d1d77289d4c270482c6517f32d3ac15e10a0a3e9ed35763ecfde24f1
2026-08-01 20:16:41,777 - Factify - INFO - Received prediction request for text length: 116
2026-08-01 20:16:41,780 - Factify - INFO - Cache hit for predict:479ccc93d1d77289d4c270482c6517f32d3ac15e10a0a3e9ed35763ecfde24f1
2026-08-01 20:16:42,029 - Factify - INFO - Received prediction request for text length: 116
2026-08-01 20:16:42,033 - Factify - INFO - Cache hit for predict:479ccc93d1d77289d4c270482c6517f32d3ac15e10a0a3e9ed35763ecfde24f1
2026-08-01 20:16:42,197 - Factify - INFO - Received prediction request for text length: 116
2026-08-01 20:16:42,201 - Factify - INFO - Cache hit for predict:479ccc93d1d77289d4c270482c6517f32d3ac15e10a0a3e9ed35763ecfde24f1
2026-08-01 20:16:42,310 - Factify - INFO - Received prediction request for text length: 116
2026-08-01 20:16:42,312 - Factify - INFO - Cache hit for predict:479ccc93d1d77289d4c270482c6517f32d3ac15e10a0a3e9ed35763ecfde24f1
2026-08-01 20:16:42,444 - Factify - INFO - Received prediction request for text length: 116
2026-08-01 20:16:42,446 - Factify - INFO - Cache hit for predict:479ccc93d1d77289d4c270482c6517f32d3ac15e10a0a3e9ed35763ecfde24f1
2026-08-01 20:16:42,615 - Factify - INFO - Received prediction request for text length: 116
2026-08-01 20:16:42,619 - Factify - INFO - Cache hit for predict:479ccc93d1d77289d4c270482c6517f32d3ac15e10a0a3e9ed35763ecfde24f1
2026-08-01 20:16:42,748 - Factify - INFO - Received prediction request for text length: 116
2026-08-01 20:16:42,779 - Factify - INFO - Cache hit for predict:479ccc93d1d77289d4c270482c6517f32d3ac15e10a0a3e9ed35763ecfde24f1
2026-08-01 20:16:42,993 - Factify - INFO - Received prediction request for text length: 116
2026-08-01 20:16:42,994 - Factify - INFO - Cache hit for predict:479ccc93d1d77289d4c270482c6517f32d3ac15e10a0a3e9ed35763ecfde24f1
2026-08-01 20:16:43,148 - Factify - INFO - Received prediction request for text length: 116
2026-08-01 20:16:43,151 - Factify - INFO - Cache hit for predict:479ccc93d1d77289d4c270482c6517f32d3ac15e10a0a3e9ed35763ecfde24f1
2026-08-01 20:16:43,375 - Factify - INFO - Received prediction request for text length: 116
2026-08-01 20:16:43,376 - Factify - INFO - Cache hit for predict:479ccc93d1d77289d4c270482c6517f32d3ac15e10a0a3e9ed35763ecfde24f1
2026-08-01 20:16:43,656 - Factify - INFO - Received prediction request for text length: 116
2026-08-01 20:16:43,660 - Factify - INFO - Cache hit for predict:479ccc93d1d77289d4c270482c6517f32d3ac15e10a0a3e9ed35763ecfde24f1
2026-08-01 20:16:43,995 - Factify - INFO - Received prediction request for text length: 116
2026-08-01 20:16:43,996 - Factify - INFO - Cache hit for predict:479ccc93d1d77289d4c270482c6517f32d3ac15e10a0a3e9ed35763ecfde24f1
2026-08-01 20:16:44,275 - Factify - INFO - Received prediction request for text length: 116
2026-08-01 20:16:44,277 - Factify - INFO - Cache hit for predict:479ccc93d1d77289d4c270482c6517f32d3ac15e10a0a3e9ed35763ecfde24f1
2026-08-01 20:16:44,436 - Factify - INFO - Received prediction request for text length: 116
2026-08-01 20:16:44,436 - Factify - INFO - Cache hit for predict:479ccc93d1d77289d4c270482c6517f32d3ac15e10a0a3e9ed35763ecfde24f1
2026-08-01 20:16:44,706 - Factify - WARNING - Rate limit exceeded for unknown on /predict
2026-08-01 20:16:44,799 - Factify - INFO - Received prediction request for text length: 116
2026-08-01 20:16:44,800 - Factify - INFO - Cache hit for predict:479ccc93d1d77289d4c270482c6517f32d3ac15e10a0a3e9ed35763ecfde24f1
2026-08-01 20:16:55,925 - Factify - INFO - Received prediction request for text length: 116
2026-08-01 20:16:55,929 - Factify - INFO - Cache miss for predict:479ccc93d1d77289d4c270482c6517f32d3ac15e10a0a3e9ed35763ecfde24f1
2026-08-01 20:16:56,091 - Factify - INFO - Received prediction request for text length: 116
2026-08-01 20:16:56,092 - Factify - INFO - Cache hit for predict:479ccc93d1d77289d4c270482c6517f32d3ac15e10a0a3e9ed35763ecfde24f1
2026-08-01 20:16:56,462 - Factify - INFO - Received prediction request for text length: 116
2026-08-01 20:16:56,465 - Factify - INFO - Cache hit for predict:479ccc93d1d77289d4c270482c6517f32d3ac15e10a0a3e9ed35763ecfde24f1
2026-08-01 20:16:56,620 - Factify - INFO - Received prediction request for text length: 116
2026-08-01 20:16:56,623 - Factify - INFO - Cache hit for predict:479ccc93d1d77289d4c270482c6517f32d3ac15e10a0a3e9ed35763ecfde24f1
2026-08-01 20:16:56,716 - Factify - INFO - Received prediction request for text length: 116
2026-08-01 20:16:56,719 - Factify - INFO - Cache hit for predict:479ccc93d1d77289d4c270482c6517f32d3ac15e10a0a3e9ed35763ecfde24f1
2026-08-01 20:16:56,796 - Factify - INFO - Received prediction request for text length: 116
2026-08-01 20:16:56,799 - Factify - INFO - Cache hit for predict:479ccc93d1d77289d4c270482c6517f32d3ac15e10a0a3e9ed35763ecfde24f1
2026-08-01 20:16:56,906 - Factify - INFO - Received prediction request for text length: 116
2026-08-01 20:16:56,908 - Factify - INFO - Cache hit for predict:479ccc93d1d77289d4c270482c6517f32d3ac15e10a0a3e9ed35763ecfde24f1
2026-08-01 20:16:57,004 - Factify - INFO - Received prediction request for text length: 116
2026-08-01 20:16:57,004 - Factify - INFO - Cache hit for predict:479ccc93d1d77289d4c270482c6517f32d3ac15e10a0a3e9ed35763ecfde24f1
2026-08-01 20:16:57,104 - Factify - INFO - Received prediction request for text length: 116
2026-08-01 20:16:57,104 - Factify - INFO - Cache hit for predict:479ccc93d1d77289d4c270482c6517f32d3ac15e10a0a3e9ed35763ecfde24f1
2026-08-01 20:16:57,195 - Factify - INFO - Received prediction request for text length: 116
2026-08-01 20:16:57,195 - Factify - INFO - Cache hit for predict:479ccc93d1d77289d4c270482c6517f32d3ac15e10a0a3e9ed35763ecfde24f1
2026-08-01 20:16:57,292 - Factify - INFO - Received prediction request for text length: 116
2026-08-01 20:16:57,292 - Factify - INFO - Cache hit for predict:479ccc93d1d77289d4c270482c6517f32d3ac15e10a0a3e9ed35763ecfde24f1
2026-08-01 20:16:57,415 - Factify - INFO - Received prediction request for text length: 116
2026-08-01 20:16:57,416 - Factify - INFO - Cache hit for predict:479ccc93d1d77289d4c270482c6517f32d3ac15e10a0a3e9ed35763ecfde24f1
2026-08-01 20:16:57,543 - Factify - INFO - Received prediction request for text length: 116
2026-08-01 20:16:57,546 - Factify - INFO - Cache hit for predict:479ccc93d1d77289d4c270482c6517f32d3ac15e10a0a3e9ed35763ecfde24f1
2026-08-01 20:16:57,674 - Factify - INFO - Received prediction request for text length: 116
2026-08-01 20:16:57,676 - Factify - INFO - Cache hit for predict:479ccc93d1d77289d4c270482c6517f32d3ac15e10a0a3e9ed35763ecfde24f1
2026-08-01 20:16:57,810 - Factify - INFO - Received prediction request for text length: 116
2026-08-01 20:16:57,833 - Factify - INFO - Cache hit for predict:479ccc93d1d77289d4c270482c6517f32d3ac15e10a0a3e9ed35763ecfde24f1
2026-08-01 20:16:57,997 - Factify - INFO - Received prediction request for text length: 116
2026-08-01 20:16:58,001 - Factify - INFO - Cache hit for predict:479ccc93d1d77289d4c270482c6517f32d3ac15e10a0a3e9ed35763ecfde24f1
2026-08-01 20:16:58,134 - Factify - INFO - Received prediction request for text length: 116
2026-08-01 20:16:58,136 - Factify - INFO - Cache hit for predict:479ccc93d1d77289d4c270482c6517f32d3ac15e10a0a3e9ed35763ecfde24f1
2026-08-01 20:16:58,245 - Factify - INFO - Received prediction request for text length: 116
2026-08-01 20:16:58,246 - Factify - INFO - Cache hit for predict:479ccc93d1d77289d4c270482c6517f32d3ac15e10a0a3e9ed35763ecfde24f1
2026-08-01 20:16:58,411 - Factify - INFO - Received prediction request for text length: 116
2026-08-01 20:16:58,412 - Factify - INFO - Cache hit for predict:479ccc93d1d77289d4c270482c6517f32d3ac15e10a0a3e9ed35763ecfde24f1
2026-08-01 20:16:58,608 - Factify - INFO - Received prediction request for text length: 116
2026-08-01 20:16:58,612 - Factify - INFO - Cache hit for predict:479ccc93d1d77289d4c270482c6517f32d3ac15e10a0a3e9ed35763ecfde24f1
2026-08-01 20:16:58,828 - Factify - INFO - Received prediction request for text length: 116
2026-08-01 20:16:58,828 - Factify - INFO - Cache hit for predict:479ccc93d1d77289d4c270482c6517f32d3ac15e10a0a3e9ed35763ecfde24f1
2026-08-01 20:16:59,030 - Factify - INFO - Received prediction request for text length: 116
2026-08-01 20:16:59,031 - Factify - INFO - Cache hit for predict:479ccc93d1d77289d4c270482c6517f32d3ac15e10a0a3e9ed35763ecfde24f1
2026-08-01 20:16:59,211 - Factify - INFO - Received prediction request for text length: 116
2026-08-01 20:16:59,213 - Factify - INFO - Cache hit for predict:479ccc93d1d77289d4c270482c6517f32d3ac15e10a0a3e9ed35763ecfde24f1
2026-08-01 20:16:59,418 - Factify - INFO - Received prediction request for text length: 116
2026-08-01 20:16:59,418 - Factify - INFO - Cache hit for predict:479ccc93d1d77289d4c270482c6517f32d3ac15e10a0a3e9ed35763ecfde24f1
2026-08-01 20:16:59,773 - Factify - INFO - Received prediction request for text length: 116
2026-08-01 20:16:59,779 - Factify - INFO - Cache hit for predict:479ccc93d1d77289d4c270482c6517f32d3ac15e10a0a3e9ed35763ecfde24f1
2026-08-01 20:17:00,039 - Factify - INFO - Loading data from files...
2026-08-01 20:17:00,206 - Factify - INFO - Removing 1 duplicate entries
2026-08-01 20:17:00,235 - Factify - INFO - Data loaded successfully: 2 rows and 4 columns
2026-08-01 20:17:00,245 - Factify - INFO - Loading data from files...
2026-08-01 20:17:00,303 - Factify - ERROR - Error loading data: [Errno 2] No such file or directory: 'non_existent.csv'
2026-08-01 20:17:00,666 - Factify - INFO - Cleaning text data...
2026-08-01 20:17:00,692 - Factify - INFO - Text data cleaned successfully
2026-08-01 20:17:00,807 - Factify - INFO - Cleaning text data...
2026-08-01 20:17:00,924 - Factify - ERROR - Error cleaning dataframe: 'NoneType' object is not subscriptable
2026-08-01 20:17:01,292 - Factify - WARNING - Model file not found at path
2026-08-01 20:17:01,292 - Factify - WARNING - Tokenizer file not found at path
2026-08-01 20:17:01,314 - Factify - WARNING - Model file not found at bad_path
2026-08-01 20:17:01,349 - Factify - WARNING - Tokenizer file not found at bad_path
2026-08-01 20:17:01,391 - Factify - INFO - Making prediction for text: test...
2026-08-01 20:17:01,392 - Factify - INFO - Text preprocessing and padding successful
2026-08-01 20:17:01,392 - Factify - INFO - Calling model.predict on shape (1, 100) with dtype int32...
2026-08-01 20:17:01,395 - Factify - ERROR - Model prediction failed: 'NoneType' object has no attribute 'predict'
2026-08-01 20:17:01,656 - Factify - WARNING - Model file not found at p
2026-08-01 20:17:01,688 - Factify - WARNING - Tokenizer file not found at t
2026-08-01 20:17:01,689 - Factify - ERROR - Error preprocessing text for prediction: Tokenizer not loaded
2026-08-01 20:17:01,781 - Factify - WARNING - Model file not found at C:\Users\emon1\Desktop\project-1\Factify\backend\models\saved_models\fake_news_detector.h5
2026-08-01 20:17:01,794 - Factify - WARNING - Tokenizer file not found at C:\Users\emon1\Desktop\project-1\Factify\backend\models\saved_models\tokenizer.pickle
2026-08-01 20:17:01,843 - Factify - WARNING - Model file not found at dummy
2026-08-01 20:17:01,853 - Factify - WARNING - Tokenizer file not found at dummy
2026-08-01 20:17:01,871 - Factify - INFO - Making prediction for text: test...
2026-08-01 20:17:01,874 - Factify - INFO - Text preprocessing and padding successful
2026-08-01 20:17:01,874 - Factify - INFO - Calling model.predict on shape (1, 100) with dtype int32...
2026-08-01 20:17:01,881 - Factify - INFO - Raw prediction result: [[0.9]]
2026-08-01 20:17:01,882 - Factify - INFO - Prediction: REAL (probability: 0.9000)
2026-08-01 20:17:01,971 - Factify - WARNING - Model file not found at p
2026-08-01 20:17:01,987 - Factify - WARNING - Tokenizer file not found at t
2026-08-01 20:17:02,048 - Factify - INFO - Tokenizing texts with vocab_size=100, max_length=100...
2026-08-01 20:17:02,052 - Factify - INFO - Tokenization and padding completed successfully
2026-08-01 20:17:02,072 - Factify - INFO - Tokenizing texts with vocab_size=10000, max_length=100...
2026-08-01 20:17:02,078 - Factify - ERROR - Error in tokenization process: 'NoneType' object is not iterable
2026-08-01 20:17:02,153 - Factify - INFO - Preparing data for model training...
2026-08-01 20:17:02,153 - Factify - INFO - Tokenizing texts with vocab_size=10000, max_length=100...
2026-08-01 20:17:02,157 - Factify - INFO - Tokenization and padding completed successfully
2026-08-01 20:17:02,190 - Factify - INFO - Data prepared: X_train shape=(1, 100), X_test shape=(1, 100)
2026-08-01 20:17:02,241 - Factify - INFO - Preparing data for model training...
2026-08-01 20:17:02,245 - Factify - ERROR - Error preparing data: DataFrame must contain 'clean_text' column
2026-08-01 20:17:02,258 - Factify - INFO - Building LSTM-GRU model with vocab_size=100, embedding_dim=100...
2026-08-01 20:17:02,746 - Factify - INFO - LSTM-GRU model built successfully
2026-08-01 20:17:02,806 - Factify - INFO - Building LSTM-GRU model with vocab_size=100, embedding_dim=100...
2026-08-01 20:17:03,185 - Factify - ERROR - Error building model: Build error
2026-08-01 20:17:03,236 - Factify - INFO - Training model for 1 epochs with batch_size=64...
2026-08-01 20:17:03,275 - Factify - INFO - Model training completed successfully
2026-08-01 20:17:03,318 - Factify - INFO - Training model for 5 epochs with batch_size=64...
2026-08-01 20:17:03,326 - Factify - ERROR - Error training model: 'NoneType' object has no attribute 'fit'
2026-08-01 20:17:03,441 - Factify - INFO - Model saved to model_path.h5
2026-08-01 20:17:03,460 - Factify - ERROR - Error saving model: expected str, bytes or os.PathLike object, not NoneType
2026-08-01 20:17:03,616 - Factify - INFO - Model saved to model.h5
2026-08-01 20:17:03,626 - Factify - INFO - Tokenizer saved to tok.pickle
2026-08-01 20:17:04,249 - Factify - INFO - Validation failed on /predict: Text is too short (10 characters). Please provide at least 50 characters so the analysis is meaningful.
2026-08-01 20:17:04,417 - Factify - INFO - Validation failed on /predict: Text has too few words (2). Please provide at least 10 words so the analysis is meaningful.
2026-08-01 20:17:04,501 - Factify - INFO - Validation failed on /predict: Text is too long (24999 characters). Please submit at most 20000 characters.
2026-08-01 20:17:04,591 - Factify - INFO - Validation failed on /predict: Text cannot be empty or whitespace only.
2026-08-01 20:17:04,729 - Factify - INFO - Validation failed on /predict: Text must contain readable words, not only digits or punctuation.
2026-08-01 20:17:04,802 - Factify - INFO - Validation failed on /predict: Field required
2026-08-01 20:17:04,886 - Factify - INFO - Validation failed on /predict: Text is too short (5 characters). Please provide at least 50 characters so the analysis is meaningful.
2026-08-01 20:17:04,981 - Factify - INFO - Received prediction request for text length: 120
2026-08-01 20:17:04,981 - Factify - INFO - Cache miss for predict:db339b7a7d4a648c0d4245578c48a175f9c66861ae69a17f747cde8b2fe5097a
2026-08-01 20:17:05,019 - Factify - INFO - Model warm-up starting...
2026-08-01 20:17:05,021 - Factify - INFO - Model warm-up completed in 0.00s
2026-08-01 20:17:05,318 - Factify - INFO - Application starting up...
2026-08-01 20:17:05,337 - Factify - INFO - Model warm-up starting...
2026-08-01 20:17:05,342 - Factify - ERROR - Model warm-up failed: boom
2026-08-01 20:17:05,369 - Factify - INFO - Application shutting down...
2026-08-01 20:17:05,533 - Factify - INFO - Application starting up...
2026-08-01 20:17:05,541 - Factify - INFO - Application shutting down...
2026-08-01 21:06:06,927 - Factify - INFO - Loading model from C:\Users\emon1\Desktop\project-1\Factify\backend\models\saved_models\fake_news_detector.h5
2026-08-01 21:06:07,515 - Factify - INFO - Model loaded successfully
2026-08-01 21:06:07,516 - Factify - INFO - Loading tokenizer from C:\Users\emon1\Desktop\project-1\Factify\backend\models\saved_models\tokenizer.pickle
2026-08-01 21:06:08,002 - Factify - INFO - Tokenizer loaded successfully
2026-08-01 21:06:11,569 - Factify - INFO - Received prediction request for text length: 9
2026-08-01 21:06:11,570 - Factify - INFO - Cache miss for predict:5b5c7c7cf7b339e0f4737360496d5c3e16108e6b832e732a4d13a634475751f8
2026-08-01 21:06:11,613 - Factify - INFO - Received prediction request for text length: 10
2026-08-01 21:06:11,614 - Factify - INFO - Cache miss for predict:edcadcc919c38f09aa53fbf2af68ebc4d9adad83ee00ab3da40ed9e762bac1c6
2026-08-01 21:06:11,615 - Factify - ERROR - Prediction error: Prediction failed
2026-08-01 21:06:11,646 - Factify - INFO - Application starting up...
2026-08-01 21:06:11,647 - Factify - INFO - Model warm-up disabled, skipping
2026-08-01 21:06:11,650 - Factify - INFO - Application shutting down...
2026-08-01 21:06:11,673 - Factify - INFO - Cache miss for unit:533482076467d952614d83ee8dc409a19e4544fae48262d75e808564ae2d27f7
2026-08-01 21:06:11,675 - Factify - INFO - Cache hit for unit:533482076467d952614d83ee8dc409a19e4544fae48262d75e808564ae2d27f7
2026-08-01 21:06:11,685 - Factify - INFO - Cache miss for unit:02d00c996c4858513b09860b1d1cddd58c51e1de22bf83cfb5360e25f22d1010
2026-08-01 21:06:11,686 - Factify - INFO - Cache hit for unit:02d00c996c4858513b09860b1d1cddd58c51e1de22bf83cfb5360e25f22d1010
2026-08-01 21:06:11,696 - Factify - INFO - Cache miss for unit:7ec7ae4da1700def51b9c9d1795722a172b946213ca33a0a6bbcee54ede2b68d
2026-08-01 21:06:11,698 - Factify - INFO - Cache miss for unit:011c92134eec6a30a95f6a2ff61c99fb82d41407b0d2c77c664cd30fc334f2f8
2026-08-01 21:06:11,721 - Factify - INFO - Cache miss for unit:c34195ab7416c5a58eaf82994fcf7d1ee466e7485ba0a63a445a987adb8a10df
2026-08-01 21:06:11,823 - Factify - INFO - Cache miss for unit:c34195ab7416c5a58eaf82994fcf7d1ee466e7485ba0a63a445a987adb8a10df
2026-08-01 21:06:11,833 - Factify - INFO - Cache miss for unit:047ab2abdeddf6b4969fd760eb4066162c77b0af242263d06f3982b44e8094db
2026-08-01 21:06:11,834 - Factify - INFO - Cache miss for unit:047ab2abdeddf6b4969fd760eb4066162c77b0af242263d06f3982b44e8094db
2026-08-01 21:06:11,845 - Factify - INFO - Cache miss for unit:047ab2abdeddf6b4969fd760eb4066162c77b0af242263d06f3982b44e8094db
2026-08-01 21:06:11,846 - Factify - INFO - Cache miss for unit:047ab2abdeddf6b4969fd760eb4066162c77b0af242263d06f3982b44e8094db
2026-08-01 21:06:11,852 - Factify - INFO - Cache miss for unit:047ab2abdeddf6b4969fd760eb4066162c77b0af242263d06f3982b44e8094db
2026-08-01 21:06:11,853 - Factify - INFO - Cache miss for unit:047ab2abdeddf6b4969fd760eb4066162c77b0af242263d06f3982b44e8094db
2026-08-01 21:06:11,865 - Factify - INFO - Cache miss for unit:047ab2abdeddf6b4969fd760eb4066162c77b0af242263d06f3982b44e8094db
2026-08-01 21:06:11,866 - Factify - INFO - Cache miss for unit:047ab2abdeddf6b4969fd760eb4066162c77b0af242263d06f3982b44e8094db
2026-08-01 21:06:11,884 - Factify - INFO - Cache miss for unit:d5112aa7384d59510033811d23e8de5a550e5475689eb9939a391b088c288feb
2026-08-01 21:06:11,886 - Factify - INFO - Cache hit for unit:d5112aa7384d59510033811d23e8de5a550e5475689eb9939a391b088c288feb
2026-08-01 21:06:11,895 - Factify - INFO - Cache miss for unit:8fa78498512104950be00153e350f720fc462c6fa44590bcafb8789920d4a2c9
2026-08-01 21:06:11,896 - Factify - INFO - Cache hit for unit:8fa78498512104950be00153e350f720fc462c6fa44590bcafb8789920d4a2c9
2026-08-01 21:06:11,918 - Factify - INFO - Received prediction request for text length: 42
2026-08-01 21:06:11,918 - Factify - INFO - Cache miss for predict:85add2b606fc68fe38815511e5705a26a856e5abe7a2dc33868a5ffa6d8732a7
2026-08-01 21:06:11,938 - Factify - INFO - Received prediction request for text length: 42
2026-08-01 21:06:11,939 - Factify - INFO - Cache hit for predict:85add2b606fc68fe38815511e5705a26a856e5abe7a2dc33868a5ffa6d8732a7
2026-08-01 21:06:11,979 - Factify - INFO - Received prediction request for text length: 116
2026-08-01 21:06:11,981 - Factify - INFO - Cache miss for predict:479ccc93d1d77289d4c270482c6517f32d3ac15e10a0a3e9ed35763ecfde24f1
2026-08-01 21:06:12,003 - Factify - INFO - Received prediction request for text length: 116
2026-08-01 21:06:12,005 - Factify - INFO - Cache hit for predict:479ccc93d1d77289d4c270482c6517f32d3ac15e10a0a3e9ed35763ecfde24f1
2026-08-01 21:06:12,021 - Factify - INFO - Received prediction request for text length: 116
2026-08-01 21:06:12,022 - Factify - INFO - Cache hit for predict:479ccc93d1d77289d4c270482c6517f32d3ac15e10a0a3e9ed35763ecfde24f1
2026-08-01 21:06:12,035 - Factify - INFO - Received prediction request for text length: 116
2026-08-01 21:06:12,036 - Factify - INFO - Cache hit for predict:479ccc93d1d77289d4c270482c6517f32d3ac15e10a0a3e9ed35763ecfde24f1
2026-08-01 21:06:12,050 - Factify - INFO - Received prediction request for text length: 116
2026-08-01 21:06:12,051 - Factify - INFO - Cache hit for predict:479ccc93d1d77289d4c270482c6517f32d3ac15e10a0a3e9ed35763ecfde24f1
2026-08-01 21:06:12,073 - Factify - INFO - Received prediction request for text length: 116
2026-08-01 21:06:12,074 - Factify - INFO - Cache miss for predict:479ccc93d1d77289d4c270482c6517f32d3ac15e10a0a3e9ed35763ecfde24f1
2026-08-01 21:06:12,093 - Factify - INFO - Received prediction request for text length: 116
2026-08-01 21:06:12,096 - Factify - INFO - Cache hit for predict:479ccc93d1d77289d4c270482c6517f32d3ac15e10a0a3e9ed35763ecfde24f1
2026-08-01 21:06:12,115 - Factify - INFO - Received prediction request for text length: 116
2026-08-01 21:06:12,116 - Factify - INFO - Cache hit for predict:479ccc93d1d77289d4c270482c6517f32d3ac15e10a0a3e9ed35763ecfde24f1
2026-08-01 21:06:12,133 - Factify - INFO - Received prediction request for text length: 116
2026-08-01 21:06:12,135 - Factify - INFO - Cache hit for predict:479ccc93d1d77289d4c270482c6517f32d3ac15e10a0a3e9ed35763ecfde24f1
2026-08-01 21:06:12,150 - Factify - INFO - Received prediction request for text length: 116
2026-08-01 21:06:12,151 - Factify - INFO - Cache hit for predict:479ccc93d1d77289d4c270482c6517f32d3ac15e10a0a3e9ed35763ecfde24f1
2026-08-01 21:06:12,169 - Factify - INFO - Received prediction request for text length: 116
2026-08-01 21:06:12,170 - Factify - INFO - Cache hit for predict:479ccc93d1d77289d4c270482c6517f32d3ac15e10a0a3e9ed35763ecfde24f1
2026-08-01 21:06:12,187 - Factify - INFO - Received prediction request for text length: 116
2026-08-01 21:06:12,188 - Factify - INFO - Cache hit for predict:479ccc93d1d77289d4c270482c6517f32d3ac15e10a0a3e9ed35763ecfde24f1
2026-08-01 21:06:12,200 - Factify - INFO - Received prediction request for text length: 116
2026-08-01 21:06:12,201 - Factify - INFO - Cache hit for predict:479ccc93d1d77289d4c270482c6517f32d3ac15e10a0a3e9ed35763ecfde24f1
2026-08-01 21:06:12,219 - Factify - INFO - Received prediction request for text length: 116
2026-08-01 21:06:12,220 - Factify - INFO - Cache hit for predict:479ccc93d1d77289d4c270482c6517f32d3ac15e10a0a3e9ed35763ecfde24f1
2026-08-01 21:06:12,233 - Factify - INFO - Received prediction request for text length: 116
2026-08-01 21:06:12,234 - Factify - INFO - Cache hit for predict:479ccc93d1d77289d4c270482c6517f32d3ac15e10a0a3e9ed35763ecfde24f1
2026-08-01 21:06:12,249 - Factify - INFO - Received prediction request for text length: 116
2026-08-01 21:06:12,250 - Factify - INFO - Cache hit for predict:479ccc93d1d77289d4c270482c6517f32d3ac15e10a0a3e9ed35763ecfde24f1
2026-08-01 21:06:12,264 - Factify - INFO - Received prediction request for text length: 116
2026-08-01 21:06:12,265 - Factify - INFO - Cache hit for predict:479ccc93d1d77289d4c270482c6517f32d3ac15e10a0a3e9ed35763ecfde24f1
2026-08-01 21:06:12,278 - Factify - INFO - Received prediction request for text length: 116
2026-08-01 21:06:12,279 - Factify - INFO - Cache hit for predict:479ccc93d1d77289d4c270482c6517f32d3ac15e10a0a3e9ed35763ecfde24f1
2026-08-01 21:06:12,300 - Factify - INFO - Received prediction request for text length: 116
2026-08-01 21:06:12,301 - Factify - INFO - Cache hit for predict:479ccc93d1d77289d4c270482c6517f32d3ac15e10a0a3e9ed35763ecfde24f1
2026-08-01 21:06:12,314 - Factify - INFO - Received prediction request for text length: 116
2026-08-01 21:06:12,315 - Factify - INFO - Cache hit for predict:479ccc93d1d77289d4c270482c6517f32d3ac15e10a0a3e9ed35763ecfde24f1
2026-08-01 21:06:12,330 - Factify - INFO - Received prediction request for text length: 116
2026-08-01 21:06:12,331 - Factify - INFO - Cache hit for predict:479ccc93d1d77289d4c270482c6517f32d3ac15e10a0a3e9ed35763ecfde24f1
2026-08-01 21:06:12,349 - Factify - INFO - Received prediction request for text length: 116
2026-08-01 21:06:12,350 - Factify - INFO - Cache hit for predict:479ccc93d1d77289d4c270482c6517f32d3ac15e10a0a3e9ed35763ecfde24f1
2026-08-01 21:06:12,364 - Factify - INFO - Received prediction request for text length: 116
2026-08-01 21:06:12,365 - Factify - INFO - Cache hit for predict:479ccc93d1d77289d4c270482c6517f32d3ac15e10a0a3e9ed35763ecfde24f1
2026-08-01 21:06:12,379 - Factify - INFO - Received prediction request for text length: 116
2026-08-01 21:06:12,380 - Factify - INFO - Cache hit for predict:479ccc93d1d77289d4c270482c6517f32d3ac15e10a0a3e9ed35763ecfde24f1
2026-08-01 21:06:12,393 - Factify - INFO - Received prediction request for text length: 116
2026-08-01 21:06:12,395 - Factify - INFO - Cache hit for predict:479ccc93d1d77289d4c270482c6517f32d3ac15e10a0a3e9ed35763ecfde24f1
2026-08-01 21:06:12,408 - Factify - WARNING - Rate limit exceeded for unknown on /predict
2026-08-01 21:06:12,428 - Factify - INFO - Received prediction request for text length: 116
2026-08-01 21:06:12,430 - Factify - INFO - Cache miss for predict:479ccc93d1d77289d4c270482c6517f32d3ac15e10a0a3e9ed35763ecfde24f1
2026-08-01 21:06:12,440 - Factify - INFO - Received prediction request for text length: 116
2026-08-01 21:06:12,441 - Factify - INFO - Cache hit for predict:479ccc93d1d77289d4c270482c6517f32d3ac15e10a0a3e9ed35763ecfde24f1
2026-08-01 21:06:12,453 - Factify - INFO - Received prediction request for text length: 116
2026-08-01 21:06:12,455 - Factify - INFO - Cache hit for predict:479ccc93d1d77289d4c270482c6517f32d3ac15e10a0a3e9ed35763ecfde24f1
2026-08-01 21:06:12,469 - Factify - INFO - Received prediction request for text length: 116
2026-08-01 21:06:12,470 - Factify - INFO - Cache hit for predict:479ccc93d1d77289d4c270482c6517f32d3ac15e10a0a3e9ed35763ecfde24f1
2026-08-01 21:06:12,482 - Factify - INFO - Received prediction request for text length: 116
2026-08-01 21:06:12,483 - Factify - INFO - Cache hit for predict:479ccc93d1d77289d4c270482c6517f32d3ac15e10a0a3e9ed35763ecfde24f1
2026-08-01 21:06:12,495 - Factify - INFO - Received prediction request for text length: 116
2026-08-01 21:06:12,495 - Factify - INFO - Cache hit for predict:479ccc93d1d77289d4c270482c6517f32d3ac15e10a0a3e9ed35763ecfde24f1
2026-08-01 21:06:12,509 - Factify - INFO - Received prediction request for text length: 116
2026-08-01 21:06:12,510 - Factify - INFO - Cache hit for predict:479ccc93d1d77289d4c270482c6517f32d3ac15e10a0a3e9ed35763ecfde24f1
2026-08-01 21:06:12,524 - Factify - INFO - Received prediction request for text length: 116
2026-08-01 21:06:12,525 - Factify - INFO - Cache hit for predict:479ccc93d1d77289d4c270482c6517f32d3ac15e10a0a3e9ed35763ecfde24f1
2026-08-01 21:06:12,536 - Factify - INFO - Received prediction request for text length: 116
2026-08-01 21:06:12,537 - Factify - INFO - Cache hit for predict:479ccc93d1d77289d4c270482c6517f32d3ac15e10a0a3e9ed35763ecfde24f1
2026-08-01 21:06:12,553 - Factify - INFO - Received prediction request for text length: 116
2026-08-01 21:06:12,555 - Factify - INFO - Cache hit for predict:479ccc93d1d77289d4c270482c6517f32d3ac15e10a0a3e9ed35763ecfde24f1
2026-08-01 21:06:12,566 - Factify - INFO - Received prediction request for text length: 116
2026-08-01 21:06:12,566 - Factify - INFO - Cache hit for predict:479ccc93d1d77289d4c270482c6517f32d3ac15e10a0a3e9ed35763ecfde24f1
2026-08-01 21:06:12,578 - Factify - INFO - Received prediction request for text length: 116
2026-08-01 21:06:12,579 - Factify - INFO - Cache hit for predict:479ccc93d1d77289d4c270482c6517f32d3ac15e10a0a3e9ed35763ecfde24f1
2026-08-01 21:06:12,590 - Factify - INFO - Received prediction request for text length: 116
2026-08-01 21:06:12,591 - Factify - INFO - Cache hit for predict:479ccc93d1d77289d4c270482c6517f32d3ac15e10a0a3e9ed35763ecfde24f1
2026-08-01 21:06:12,604 - Factify - INFO - Received prediction request for text length: 116
2026-08-01 21:06:12,605 - Factify - INFO - Cache hit for predict:479ccc93d1d77289d4c270482c6517f32d3ac15e10a0a3e9ed35763ecfde24f1
2026-08-01 21:06:12,617 - Factify - INFO - Received prediction request for text length: 116
2026-08-01 21:06:12,618 - Factify - INFO - Cache hit for predict:479ccc93d1d77289d4c270482c6517f32d3ac15e10a0a3e9ed35763ecfde24f1
2026-08-01 21:06:12,632 - Factify - INFO - Received prediction request for text length: 116
2026-08-01 21:06:12,633 - Factify - INFO - Cache hit for predict:479ccc93d1d77289d4c270482c6517f32d3ac15e10a0a3e9ed35763ecfde24f1
2026-08-01 21:06:12,643 - Factify - INFO - Received prediction request for text length: 116
2026-08-01 21:06:12,645 - Factify - INFO - Cache hit for predict:479ccc93d1d77289d4c270482c6517f32d3ac15e10a0a3e9ed35763ecfde24f1
2026-08-01 21:06:12,660 - Factify - INFO - Received prediction request for text length: 116
2026-08-01 21:06:12,662 - Factify - INFO - Cache hit for predict:479ccc93d1d77289d4c270482c6517f32d3ac15e10a0a3e9ed35763ecfde24f1
2026-08-01 21:06:12,692 - Factify - INFO - Received prediction request for text length: 116
2026-08-01 21:06:12,693 - Factify - INFO - Cache hit for predict:479ccc93d1d77289d4c270482c6517f32d3ac15e10a0a3e9ed35763ecfde24f1
2026-08-01 21:06:12,714 - Factify - INFO - Received prediction request for text length: 116
2026-08-01 21:06:12,715 - Factify - INFO - Cache hit for predict:479ccc93d1d77289d4c270482c6517f32d3ac15e10a0a3e9ed35763ecfde24f1
2026-08-01 21:06:12,727 - Factify - WARNING - Rate limit exceeded for unknown on /predict
2026-08-01 21:06:12,738 - Factify - INFO - Received prediction request for text length: 116
2026-08-01 21:06:12,739 - Factify - INFO - Cache hit for predict:479ccc93d1d77289d4c270482c6517f32d3ac15e10a0a3e9ed35763ecfde24f1
2026-08-01 21:06:13,510 - Factify - INFO - Received prediction request for text length: 116
2026-08-01 21:06:13,511 - Factify - INFO - Cache miss for predict:479ccc93d1d77289d4c270482c6517f32d3ac15e10a0a3e9ed35763ecfde24f1
2026-08-01 21:06:13,525 - Factify - INFO - Received prediction request for text length: 116
2026-08-01 21:06:13,526 - Factify - INFO - Cache hit for predict:479ccc93d1d77289d4c270482c6517f32d3ac15e10a0a3e9ed35763ecfde24f1
2026-08-01 21:06:13,536 - Factify - INFO - Received prediction request for text length: 116
2026-08-01 21:06:13,537 - Factify - INFO - Cache hit for predict:479ccc93d1d77289d4c270482c6517f32d3ac15e10a0a3e9ed35763ecfde24f1
2026-08-01 21:06:13,548 - Factify - INFO - Received prediction request for text length: 116
2026-08-01 21:06:13,550 - Factify - INFO - Cache hit for predict:479ccc93d1d77289d4c270482c6517f32d3ac15e10a0a3e9ed35763ecfde24f1
2026-08-01 21:06:13,560 - Factify - INFO - Received prediction request for text length: 116
2026-08-01 21:06:13,560 - Factify - INFO - Cache hit for predict:479ccc93d1d77289d4c270482c6517f32d3ac15e10a0a3e9ed35763ecfde24f1
2026-08-01 21:06:13,571 - Factify - INFO - Received prediction request for text length: 116
2026-08-01 21:06:13,572 - Factify - INFO - Cache hit for predict:479ccc93d1d77289d4c270482c6517f32d3ac15e10a0a3e9ed35763ecfde24f1
2026-08-01 21:06:13,586 - Factify - INFO - Received prediction request for text length: 116
2026-08-01 21:06:13,587 - Factify - INFO - Cache hit for predict:479ccc93d1d77289d4c270482c6517f32d3ac15e10a0a3e9ed35763ecfde24f1
2026-08-01 21:06:13,600 - Factify - INFO - Received prediction request for text length: 116
2026-08-01 21:06:13,601 - Factify - INFO - Cache hit for predict:479ccc93d1d77289d4c270482c6517f32d3ac15e10a0a3e9ed35763ecfde24f1
2026-08-01 21:06:13,613 - Factify - INFO - Received prediction request for text length: 116
2026-08-01 21:06:13,615 - Factify - INFO - Cache hit for predict:479ccc93d1d77289d4c270482c6517f32d3ac15e10a0a3e9ed35763ecfde24f1
2026-08-01 21:06:13,625 - Factify - INFO - Received prediction request for text length: 116
2026-08-01 21:06:13,626 - Factify - INFO - Cache hit for predict:479ccc93d1d77289d4c270482c6517f32d3ac15e10a0a3e9ed35763ecfde24f1
2026-08-01 21:06:13,639 - Factify - INFO - Received prediction request for text length: 116
2026-08-01 21:06:13,640 - Factify - INFO - Cache hit for predict:479ccc93d1d77289d4c270482c6517f32d3ac15e10a0a3e9ed35763ecfde24f1
2026-08-01 21:06:13,652 - Factify - INFO - Received prediction request for text length: 116
2026-08-01 21:06:13,652 - Factify - INFO - Cache hit for predict:479ccc93d1d77289d4c270482c6517f32d3ac15e10a0a3e9ed35763ecfde24f1
2026-08-01 21:06:13,663 - Factify - INFO - Received prediction request for text length: 116
2026-08-01 21:06:13,663 - Factify - INFO - Cache hit for predict:479ccc93d1d77289d4c270482c6517f32d3ac15e10a0a3e9ed35763ecfde24f1
2026-08-01 21:06:13,677 - Factify - INFO - Received prediction request for text length: 116
2026-08-01 21:06:13,678 - Factify - INFO - Cache hit for predict:479ccc93d1d77289d4c270482c6517f32d3ac15e10a0a3e9ed35763ecfde24f1
2026-08-01 21:06:13,689 - Factify - INFO - Received prediction request for text length: 116
2026-08-01 21:06:13,690 - Factify - INFO - Cache hit for predict:479ccc93d1d77289d4c270482c6517f32d3ac15e10a0a3e9ed35763ecfde24f1
2026-08-01 21:06:13,701 - Factify - INFO - Received prediction request for text length: 116
2026-08-01 21:06:13,701 - Factify - INFO - Cache hit for predict:479ccc93d1d77289d4c270482c6517f32d3ac15e10a0a3e9ed35763ecfde24f1
2026-08-01 21:06:13,713 - Factify - INFO - Received prediction request for text length: 116
2026-08-01 21:06:13,713 - Factify - INFO - Cache hit for predict:479ccc93d1d77289d4c270482c6517f32d3ac15e10a0a3e9ed35763ecfde24f1
2026-08-01 21:06:13,725 - Factify - INFO - Received prediction request for text length: 116
2026-08-01 21:06:13,726 - Factify - INFO - Cache hit for predict:479ccc93d1d77289d4c270482c6517f32d3ac15e10a0a3e9ed35763ecfde24f1
2026-08-01 21:06:13,737 - Factify - INFO - Received prediction request for text length: 116
2026-08-01 21:06:13,738 - Factify - INFO - Cache hit for predict:479ccc93d1d77289d4c270482c6517f32d3ac15e10a0a3e9ed35763ecfde24f1
2026-08-01 21:06:13,752 - Factify - INFO - Received prediction request for text length: 116
2026-08-01 21:06:13,753 - Factify - INFO - Cache hit for predict:479ccc93d1d77289d4c270482c6517f32d3ac15e10a0a3e9ed35763ecfde24f1
2026-08-01 21:06:13,765 - Factify - INFO - Received prediction request for text length: 116
2026-08-01 21:06:13,767 - Factify - INFO - Cache hit for predict:479ccc93d1d77289d4c270482c6517f32d3ac15e10a0a3e9ed35763ecfde24f1
2026-08-01 21:06:13,777 - Factify - INFO - Received prediction request for text length: 116
2026-08-01 21:06:13,778 - Factify - INFO - Cache hit for predict:479ccc93d1d77289d4c270482c6517f32d3ac15e10a0a3e9ed35763ecfde24f1
2026-08-01 21:06:13,788 - Factify - INFO - Received prediction request for text length: 116
2026-08-01 21:06:13,790 - Factify - INFO - Cache hit for predict:479ccc93d1d77289d4c270482c6517f32d3ac15e10a0a3e9ed35763ecfde24f1
2026-08-01 21:06:13,803 - Factify - INFO - Received prediction request for text length: 116
2026-08-01 21:06:13,803 - Factify - INFO - Cache hit for predict:479ccc93d1d77289d4c270482c6517f32d3ac15e10a0a3e9ed35763ecfde24f1
2026-08-01 21:06:13,814 - Factify - INFO - Received prediction request for text length: 116
2026-08-01 21:06:13,815 - Factify - INFO - Cache hit for predict:479ccc93d1d77289d4c270482c6517f32d3ac15e10a0a3e9ed35763ecfde24f1
2026-08-01 21:06:13,870 - Factify - INFO - Loading data from files...
2026-08-01 21:06:13,901 - Factify - INFO - Removing 1 duplicate entries
2026-08-01 21:06:13,912 - Factify - INFO - Data loaded successfully: 2 rows and 4 columns
2026-08-01 21:06:13,923 - Factify - INFO - Loading data from files...
2026-08-01 21:06:13,923 - Factify - ERROR - Error loading data: [Errno 2] No such file or directory: 'non_existent.csv'
2026-08-01 21:06:13,995 - Factify - INFO - Cleaning text data...
2026-08-01 21:06:14,005 - Factify - INFO - Text data cleaned successfully
2026-08-01 21:06:14,011 - Factify - INFO - Cleaning text data...
2026-08-01 21:06:14,012 - Factify - ERROR - Error cleaning dataframe: 'NoneType' object is not subscriptable
2026-08-01 21:06:14,052 - Factify - WARNING - Model file not found at path
2026-08-01 21:06:14,053 - Factify - WARNING - Tokenizer file not found at path
2026-08-01 21:06:14,059 - Factify - WARNING - Model file not found at bad_path
2026-08-01 21:06:14,061 - Factify - WARNING - Tokenizer file not found at bad_path
2026-08-01 21:06:14,063 - Factify - INFO - Making prediction for text: test...
2026-08-01 21:06:14,064 - Factify - INFO - Text preprocessing and padding successful
2026-08-01 21:06:14,066 - Factify - INFO - Calling model.predict on shape (1, 100) with dtype int32...
2026-08-01 21:06:14,068 - Factify - ERROR - Model prediction failed: 'NoneType' object has no attribute 'predict'
2026-08-01 21:06:14,104 - Factify - WARNING - Model file not found at p
2026-08-01 21:06:14,105 - Factify - WARNING - Tokenizer file not found at t
2026-08-01 21:06:14,106 - Factify - ERROR - Error preprocessing text for prediction: Tokenizer not loaded
2026-08-01 21:06:14,126 - Factify - WARNING - Model file not found at C:\Users\emon1\Desktop\project-1\Factify\backend\models\saved_models\fake_news_detector.h5
2026-08-01 21:06:14,127 - Factify - WARNING - Tokenizer file not found at C:\Users\emon1\Desktop\project-1\Factify\backend\models\saved_models\tokenizer.pickle
2026-08-01 21:06:14,137 - Factify - WARNING - Model file not found at dummy
2026-08-01 21:06:14,138 - Factify - WARNING - Tokenizer file not found at dummy
2026-08-01 21:06:14,143 - Factify - INFO - Making prediction for text: test...
2026-08-01 21:06:14,144 - Factify - INFO - Text preprocessing and padding successful
2026-08-01 21:06:14,145 - Factify - INFO - Calling model.predict on shape (1, 100) with dtype int32...
2026-08-01 21:06:14,147 - Factify - INFO - Raw prediction result: [[0.9]]
2026-08-01 21:06:14,147 - Factify - INFO - Prediction: REAL (probability: 0.9000)
2026-08-01 21:06:14,155 - Factify - WARNING - Model file not found at p
2026-08-01 21:06:14,156 - Factify - WARNING - Tokenizer file not found at t
2026-08-01 21:06:14,166 - Factify - INFO - Tokenizing texts with vocab_size=100, max_length=100...
2026-08-01 21:06:14,167 - Factify - INFO - Tokenization and padding completed successfully
2026-08-01 21:06:14,174 - Factify - INFO - Tokenizing texts with vocab_size=10000, max_length=100...
2026-08-01 21:06:14,175 - Factify - ERROR - Error in tokenization process: 'NoneType' object is not iterable
2026-08-01 21:06:14,181 - Factify - INFO - Preparing data for model training...
2026-08-01 21:06:14,182 - Factify - INFO - Tokenizing texts with vocab_size=10000, max_length=100...
2026-08-01 21:06:14,184 - Factify - INFO - Tokenization and padding completed successfully
2026-08-01 21:06:14,189 - Factify - INFO - Data prepared: X_train shape=(1, 100), X_test shape=(1, 100)
2026-08-01 21:06:14,194 - Factify - INFO - Preparing data for model training...
2026-08-01 21:06:14,195 - Factify - ERROR - Error preparing data: DataFrame must contain 'clean_text' column
2026-08-01 21:06:14,201 - Factify - INFO - Building LSTM-GRU model with vocab_size=100, embedding_dim=100...
2026-08-01 21:06:14,251 - Factify - INFO - LSTM-GRU model built successfully
2026-08-01 21:06:14,258 - Factify - INFO - Building LSTM-GRU model with vocab_size=100, embedding_dim=100...
2026-08-01 21:06:14,295 - Factify - ERROR - Error building model: Build error
2026-08-01 21:06:14,308 - Factify - INFO - Training model for 1 epochs with batch_size=64...
2026-08-01 21:06:14,309 - Factify - INFO - Model training completed successfully
2026-08-01 21:06:14,317 - Factify - INFO - Training model for 5 epochs with batch_size=64...
2026-08-01 21:06:14,318 - Factify - ERROR - Error training model: 'NoneType' object has no attribute 'fit'
2026-08-01 21:06:14,328 - Factify - INFO - Model saved to model_path.h5
2026-08-01 21:06:14,336 - Factify - ERROR - Error saving model: expected str, bytes or os.PathLike object, not NoneType
2026-08-01 21:06:14,353 - Factify - INFO - Model saved to model.h5
2026-08-01 21:06:14,356 - Factify - INFO - Tokenizer saved to tok.pickle
2026-08-01 21:06:14,424 - Factify - INFO - Validation failed on /predict: Text is too short (10 characters). Please provide at least 50 characters so the analysis is meaningful.
2026-08-01 21:06:14,440 - Factify - INFO - Validation failed on /predict: Text has too few words (2). Please provide at least 10 words so the analysis is meaningful.
2026-08-01 21:06:14,456 - Factify - INFO - Validation failed on /predict: Text is too long (24999 characters). Please submit at most 20000 characters.
2026-08-01 21:06:14,473 - Factify - INFO - Validation failed on /predict: Text cannot be empty or whitespace only.
2026-08-01 21:06:14,489 - Factify - INFO - Validation failed on /predict: Text must contain readable words, not only digits or punctuation.
2026-08-01 21:06:14,509 - Factify - INFO - Validation failed on /predict: Field required
2026-08-01 21:06:14,525 - Factify - INFO - Validation failed on /predict: Text is too short (5 characters). Please provide at least 50 characters so the analysis is meaningful.
2026-08-01 21:06:14,543 - Factify - INFO - Received prediction request for text length: 120
2026-08-01 21:06:14,545 - Factify - INFO - Cache miss for predict:db339b7a7d4a648c0d4245578c48a175f9c66861ae69a17f747cde8b2fe5097a
2026-08-01 21:06:14,559 - Factify - INFO - Model warm-up starting...
2026-08-01 21:06:14,560 - Factify - INFO - Model warm-up completed in 0.00s
2026-08-01 21:06:14,593 - Factify - INFO - Application starting up...
2026-08-01 21:06:14,594 - Factify - INFO - Model warm-up starting...
2026-08-01 21:06:14,594 - Factify - ERROR - Model warm-up failed: boom
2026-08-01 21:06:14,599 - Factify - INFO - Application shutting down...
2026-08-01 21:06:14,621 - Factify - INFO - Application starting up...
2026-08-01 21:06:14,626 - Factify - INFO - Application shutting down...
2026-08-01 21:16:12,122 - Factify - INFO - Loading model from C:\Users\emon1\Desktop\project-1\Factify\backend\models\saved_models\fake_news_detector.h5
2026-08-01 21:16:12,435 - Factify - INFO - Model loaded successfully
2026-08-01 21:16:12,438 - Factify - INFO - Loading tokenizer from C:\Users\emon1\Desktop\project-1\Factify\backend\models\saved_models\tokenizer.pickle
2026-08-01 21:16:12,818 - Factify - INFO - Tokenizer loaded successfully
2026-08-01 21:16:12,860 - Factify - INFO - Application starting up...
2026-08-01 21:16:12,860 - Factify - INFO - Model warm-up starting...
2026-08-01 21:16:12,860 - Factify - INFO - Making prediction for text: the quick brown fox jumps over the lazy dog...
2026-08-01 21:16:13,972 - Factify - INFO - Text preprocessing and padding successful
2026-08-01 21:16:13,978 - Factify - INFO - Calling model.predict on shape (1, 100) with dtype int32...
2026-08-01 21:16:14,661 - Factify - INFO - Raw prediction result: [[0.00207656]]
2026-08-01 21:16:14,661 - Factify - INFO - Prediction: FAKE (probability: 0.0021)
2026-08-01 21:16:14,661 - Factify - INFO - Model warm-up completed in 1.80s
2026-08-01 21:16:23,259 - Factify - INFO - Validation failed on /predict: Text is too short (5 characters). Please provide at least 50 characters so the analysis is meaningful.
2026-08-01 21:16:34,236 - Factify - INFO - Validation failed on /predict: Text is too short (5 characters). Please provide at least 50 characters so the analysis is meaningful.
2026-08-01 21:16:35,262 - Factify - INFO - Validation failed on /predict: Text is too short (5 characters). Please provide at least 50 characters so the analysis is meaningful.
2026-08-01 21:17:12,994 - Factify - INFO - Received prediction request for text length: 167
2026-08-01 21:17:12,999 - Factify - INFO - Cache miss for predict:5dbfb308ad0d618f0c861357a0d2c7571e731dca75d61566095e6dc3090ef3dc
2026-08-01 21:17:13,002 - Factify - INFO - Making prediction for text: Sir, I am preparing for big tech company sde 1 rol...
2026-08-01 21:17:13,002 - Factify - INFO - Text preprocessing and padding successful
2026-08-01 21:17:13,006 - Factify - INFO - Calling model.predict on shape (1, 100) with dtype int32...
2026-08-01 21:17:13,423 - Factify - INFO - Raw prediction result: [[0.0025426]]
2026-08-01 21:17:13,423 - Factify - INFO - Prediction: FAKE (probability: 0.0025)
