2026-02-10 19:19:58,628 - Factify - INFO - Application shutting down...
2026-02-10 19:20:04,365 - Factify - INFO - Loading model from c:\Users\emon1\Desktop\zzz\Factify\models\saved_models\fake_news_detector.h5
2026-02-10 19:20:04,501 - Factify - INFO - Model loaded successfully
2026-02-10 19:20:04,502 - Factify - INFO - Loading tokenizer from c:\Users\emon1\Desktop\zzz\Factify\models\saved_models\tokenizer.pickle
2026-02-10 19:20:04,750 - Factify - INFO - Tokenizer loaded successfully
2026-02-10 19:20:04,754 - Factify - INFO - Application starting up...
2026-02-10 19:20:52,609 - Factify - INFO - Application shutting down...
2026-02-10 19:20:53,948 - Factify - INFO - Loading model from c:\Users\emon1\Desktop\zzz\Factify\models\saved_models\fake_news_detector.h5
2026-02-10 19:20:54,074 - Factify - INFO - Model loaded successfully
2026-02-10 19:20:54,074 - Factify - INFO - Loading tokenizer from c:\Users\emon1\Desktop\zzz\Factify\models\saved_models\tokenizer.pickle
2026-02-10 19:20:54,298 - Factify - INFO - Tokenizer loaded successfully
2026-02-10 19:20:54,303 - Factify - INFO - Application starting up...
2026-02-10 19:20:58,380 - Factify - INFO - Loading model from C:\Users\emon1\Desktop\zzz\Factify\models\saved_models\fake_news_detector.h5
2026-02-10 19:20:58,484 - Factify - INFO - Model loaded successfully
2026-02-10 19:20:58,485 - Factify - INFO - Loading tokenizer from C:\Users\emon1\Desktop\zzz\Factify\models\saved_models\tokenizer.pickle
2026-02-10 19:20:58,664 - Factify - INFO - Tokenizer loaded successfully
2026-02-10 19:20:58,668 - Factify - INFO - Application starting up...
2026-02-10 19:21:39,751 - Factify - INFO - Received prediction request for text length: 147
2026-02-10 19:21:39,751 - Factify - INFO - Making prediction for text: NASA confirmed the successful launch of a weather-...
2026-02-10 19:21:40,078 - Factify - INFO - Text preprocessing and padding successful
2026-02-10 19:21:40,078 - Factify - INFO - Calling model.predict on shape (1, 100) with dtype int32...
2026-02-10 19:21:40,396 - Factify - INFO - Raw prediction result: [[0.9949547]]
2026-02-10 19:21:40,397 - Factify - INFO - Prediction: REAL (probability: 0.9950)
2026-02-10 19:22:07,230 - Factify - INFO - Received prediction request for text length: 5310
2026-02-10 19:22:07,230 - Factify - INFO - Making prediction for text: Trump wants Postal Service to charge 'much more' f...
2026-02-10 19:22:07,233 - Factify - INFO - Text preprocessing and padding successful
2026-02-10 19:22:07,233 - Factify - INFO - Calling model.predict on shape (1, 100) with dtype int32...
2026-02-10 19:22:07,311 - Factify - INFO - Raw prediction result: [[0.87610894]]
2026-02-10 19:22:07,311 - Factify - INFO - Prediction: REAL (probability: 0.8761)
2026-02-10 19:22:21,598 - Factify - INFO - Received prediction request for text length: 145
2026-02-10 19:22:21,598 - Factify - INFO - Making prediction for text: The U.S. government secretly approved a law allowi...
2026-02-10 19:22:21,599 - Factify - INFO - Text preprocessing and padding successful
2026-02-10 19:22:21,599 - Factify - INFO - Calling model.predict on shape (1, 100) with dtype int32...
2026-02-10 19:22:21,676 - Factify - INFO - Raw prediction result: [[0.9612902]]
2026-02-10 19:22:21,676 - Factify - INFO - Prediction: REAL (probability: 0.9613)
2026-02-10 19:22:37,677 - Factify - INFO - Received prediction request for text length: 3714
2026-02-10 19:22:37,677 - Factify - INFO - Making prediction for text: Sheriff David Clarke Becomes An Internet Joke For ...
2026-02-10 19:22:37,681 - Factify - INFO - Text preprocessing and padding successful
2026-02-10 19:22:37,682 - Factify - INFO - Calling model.predict on shape (1, 100) with dtype int32...
2026-02-10 19:22:37,757 - Factify - INFO - Raw prediction result: [[0.00060136]]
2026-02-10 19:22:37,757 - Factify - INFO - Prediction: FAKE (probability: 0.0006)
2026-02-10 19:23:17,327 - Factify - INFO - Received prediction request for text length: 3714
2026-02-10 19:23:17,327 - Factify - INFO - Making prediction for text: Sheriff David Clarke Becomes An Internet Joke For ...
2026-02-10 19:23:17,329 - Factify - INFO - Text preprocessing and padding successful
2026-02-10 19:23:17,330 - Factify - INFO - Calling model.predict on shape (1, 100) with dtype int32...
2026-02-10 19:23:17,402 - Factify - INFO - Raw prediction result: [[0.00060136]]
2026-02-10 19:23:17,403 - Factify - INFO - Prediction: FAKE (probability: 0.0006)
2026-02-10 19:23:19,161 - Factify - INFO - Received prediction request for text length: 3714
2026-02-10 19:23:19,162 - Factify - INFO - Making prediction for text: Sheriff David Clarke Becomes An Internet Joke For ...
2026-02-10 19:23:19,164 - Factify - INFO - Text preprocessing and padding successful
2026-02-10 19:23:19,164 - Factify - INFO - Calling model.predict on shape (1, 100) with dtype int32...
2026-02-10 19:23:19,236 - Factify - INFO - Raw prediction result: [[0.00060136]]
2026-02-10 19:23:19,237 - Factify - INFO - Prediction: FAKE (probability: 0.0006)
2026-02-10 19:23:46,726 - Factify - INFO - Received prediction request for text length: 2132
2026-02-10 19:23:46,727 - Factify - INFO - Making prediction for text: Accused Child Molesting Senate Candidate Roy Moore...
2026-02-10 19:23:46,728 - Factify - INFO - Text preprocessing and padding successful
2026-02-10 19:23:46,728 - Factify - INFO - Calling model.predict on shape (1, 100) with dtype int32...
2026-02-10 19:23:46,801 - Factify - INFO - Raw prediction result: [[5.7942223e-05]]
2026-02-10 19:23:46,802 - Factify - INFO - Prediction: FAKE (probability: 0.0001)
2026-02-10 19:24:01,981 - Factify - INFO - Received prediction request for text length: 3075
2026-02-10 19:24:01,982 - Factify - INFO - Making prediction for text: DOJ CONTINUES OBSESSION WITH DISCREDITING FERGUSON...
2026-02-10 19:24:01,984 - Factify - INFO - Text preprocessing and padding successful
2026-02-10 19:24:01,984 - Factify - INFO - Calling model.predict on shape (1, 100) with dtype int32...
2026-02-10 19:24:02,062 - Factify - INFO - Raw prediction result: [[0.00120486]]
2026-02-10 19:24:02,062 - Factify - INFO - Prediction: FAKE (probability: 0.0012)
2026-02-10 19:24:26,264 - Factify - INFO - Received prediction request for text length: 2919
2026-02-10 19:24:26,265 - Factify - INFO - Making prediction for text: U.S. seeks meeting soon to revive Asia-Pacific 'Qu...
2026-02-10 19:24:26,267 - Factify - INFO - Text preprocessing and padding successful
2026-02-10 19:24:26,268 - Factify - INFO - Calling model.predict on shape (1, 100) with dtype int32...
2026-02-10 19:24:26,341 - Factify - INFO - Raw prediction result: [[0.99596614]]
2026-02-10 19:24:26,342 - Factify - INFO - Prediction: REAL (probability: 0.9960)
2026-02-10 19:24:36,838 - Factify - INFO - Received prediction request for text length: 2919
2026-02-10 19:24:36,838 - Factify - INFO - Making prediction for text: U.S. seeks meeting soon to revive Asia-Pacific 'Qu...
2026-02-10 19:24:36,840 - Factify - INFO - Text preprocessing and padding successful
2026-02-10 19:24:36,840 - Factify - INFO - Calling model.predict on shape (1, 100) with dtype int32...
2026-02-10 19:24:36,915 - Factify - INFO - Raw prediction result: [[0.99596614]]
2026-02-10 19:24:36,915 - Factify - INFO - Prediction: REAL (probability: 0.9960)
2026-02-10 19:25:07,646 - Factify - INFO - Received prediction request for text length: 2722
2026-02-10 19:25:07,647 - Factify - INFO - Making prediction for text: CROOKED HARRY REID Threatens FBI Director James Co...
2026-02-10 19:25:07,649 - Factify - INFO - Text preprocessing and padding successful
2026-02-10 19:25:07,649 - Factify - INFO - Calling model.predict on shape (1, 100) with dtype int32...
2026-02-10 19:25:07,723 - Factify - INFO - Raw prediction result: [[0.00593944]]
2026-02-10 19:25:07,723 - Factify - INFO - Prediction: FAKE (probability: 0.0059)
2026-02-10 19:26:07,539 - Factify - INFO - Received prediction request for text length: 2290
2026-02-10 19:26:07,539 - Factify - INFO - Making prediction for text: Norway says sunken Russian helicopter wreckage may...
2026-02-10 19:26:07,541 - Factify - INFO - Text preprocessing and padding successful
2026-02-10 19:26:07,541 - Factify - INFO - Calling model.predict on shape (1, 100) with dtype int32...
2026-02-10 19:26:07,620 - Factify - INFO - Raw prediction result: [[0.98960495]]
2026-02-10 19:26:07,621 - Factify - INFO - Prediction: REAL (probability: 0.9896)
2026-02-10 19:34:13,744 - Factify - INFO - Received prediction request for text length: 342
2026-02-10 19:34:13,744 - Factify - INFO - Making prediction for text: **Md Emon Hasan**  
**Email:** emon.mlengineer@gma...
2026-02-10 19:34:13,745 - Factify - INFO - Text preprocessing and padding successful
2026-02-10 19:34:13,745 - Factify - INFO - Calling model.predict on shape (1, 100) with dtype int32...
2026-02-10 19:34:13,830 - Factify - INFO - Raw prediction result: [[0.00170056]]
2026-02-10 19:34:13,831 - Factify - INFO - Prediction: FAKE (probability: 0.0017)
2026-02-10 19:37:52,070 - Factify - INFO - Received prediction request for text length: 342
2026-02-10 19:37:52,070 - Factify - INFO - Making prediction for text: **Md Emon Hasan**  
**Email:** emon.mlengineer@gma...
2026-02-10 19:37:52,071 - Factify - INFO - Text preprocessing and padding successful
2026-02-10 19:37:52,071 - Factify - INFO - Calling model.predict on shape (1, 100) with dtype int32...
2026-02-10 19:37:52,161 - Factify - INFO - Raw prediction result: [[0.00170056]]
2026-02-10 19:37:52,162 - Factify - INFO - Prediction: FAKE (probability: 0.0017)
2026-02-10 19:38:14,346 - Factify - INFO - Loading model from c:\Users\emon1\Desktop\zzz\Factify\models\saved_models\fake_news_detector.h5
2026-02-10 19:38:14,464 - Factify - INFO - Model loaded successfully
2026-02-10 19:38:14,466 - Factify - INFO - Loading tokenizer from c:\Users\emon1\Desktop\zzz\Factify\models\saved_models\tokenizer.pickle
2026-02-10 19:38:14,678 - Factify - INFO - Tokenizer loaded successfully
2026-02-10 19:38:14,683 - Factify - INFO - Application starting up...
2026-02-10 19:38:30,213 - Factify - INFO - Received prediction request for text length: 342
2026-02-10 19:38:30,213 - Factify - INFO - Making prediction for text: **Md Emon Hasan**  
**Email:** emon.mlengineer@gma...
2026-02-10 19:38:30,214 - Factify - INFO - Text preprocessing and padding successful
2026-02-10 19:38:30,215 - Factify - INFO - Calling model.predict on shape (1, 100) with dtype int32...
2026-02-10 19:38:30,331 - Factify - INFO - Raw prediction result: [[0.00170056]]
2026-02-10 19:38:30,331 - Factify - INFO - Prediction: FAKE (probability: 0.0017)
2026-02-10 20:53:13,892 - Factify - INFO - Loading model from C:\Users\emon1\Desktop\zzz\Factify\models\saved_models\fake_news_detector.h5
2026-02-10 20:53:14,665 - Factify - INFO - Model loaded successfully
2026-02-10 20:53:14,666 - Factify - INFO - Loading tokenizer from C:\Users\emon1\Desktop\zzz\Factify\models\saved_models\tokenizer.pickle
2026-02-10 20:53:14,855 - Factify - INFO - Tokenizer loaded successfully
2026-02-10 20:53:14,861 - Factify - INFO - Application starting up...
2026-02-10 20:54:57,509 - Factify - INFO - Received prediction request for text length: 2101
2026-02-10 20:54:57,509 - Factify - INFO - Making prediction for text: Barca's Valverde skirts independence debate as Ini...
2026-02-10 20:54:58,739 - Factify - INFO - Text preprocessing and padding successful
2026-02-10 20:54:58,740 - Factify - INFO - Calling model.predict on shape (1, 100) with dtype int32...
2026-02-10 20:54:59,975 - Factify - INFO - Raw prediction result: [[0.9268524]]
2026-02-10 20:54:59,976 - Factify - INFO - Prediction: REAL (probability: 0.9269)
2026-02-10 20:55:27,203 - Factify - INFO - Received prediction request for text length: 1757
2026-02-10 20:55:27,205 - Factify - INFO - Making prediction for text: WOW! Governor Kasich Just Revealed How He Did His ...
2026-02-10 20:55:27,208 - Factify - INFO - Text preprocessing and padding successful
2026-02-10 20:55:27,209 - Factify - INFO - Calling model.predict on shape (1, 100) with dtype int32...
2026-02-10 20:55:27,308 - Factify - INFO - Raw prediction result: [[0.00201357]]
2026-02-10 20:55:27,308 - Factify - INFO - Prediction: FAKE (probability: 0.0020)
2026-02-10 21:08:49,346 - Factify - INFO - Application shutting down...
2026-02-10 21:08:55,013 - Factify - INFO - Loading model from C:\Users\emon1\Desktop\zzz\Factify\models\saved_models\fake_news_detector.h5
2026-02-10 21:08:55,122 - Factify - INFO - Model loaded successfully
2026-02-10 21:08:55,124 - Factify - INFO - Loading tokenizer from C:\Users\emon1\Desktop\zzz\Factify\models\saved_models\tokenizer.pickle
2026-02-10 21:08:55,309 - Factify - INFO - Tokenizer loaded successfully
2026-02-10 21:08:55,313 - Factify - INFO - Application starting up...
2026-02-10 21:09:31,838 - Factify - INFO - Application shutting down...
2026-02-10 21:09:37,642 - Factify - INFO - Loading model from C:\Users\emon1\Desktop\zzz\Factify\models\saved_models\fake_news_detector.h5
2026-02-10 21:09:37,772 - Factify - INFO - Model loaded successfully
2026-02-10 21:09:37,773 - Factify - INFO - Loading tokenizer from C:\Users\emon1\Desktop\zzz\Factify\models\saved_models\tokenizer.pickle
2026-02-10 21:09:37,979 - Factify - INFO - Tokenizer loaded successfully
2026-02-10 21:09:37,983 - Factify - INFO - Application starting up...
2026-02-10 21:09:38,751 - Factify - INFO - Loading model from C:\Users\emon1\Desktop\zzz\Factify\models\saved_models\fake_news_detector.h5
2026-02-10 21:09:39,066 - Factify - INFO - Model loaded successfully
2026-02-10 21:09:39,067 - Factify - INFO - Loading tokenizer from C:\Users\emon1\Desktop\zzz\Factify\models\saved_models\tokenizer.pickle
2026-02-10 21:09:39,245 - Factify - INFO - Tokenizer loaded successfully
2026-02-10 21:09:39,949 - Factify - INFO - Received prediction request for text length: 9
2026-02-10 21:09:39,957 - Factify - INFO - Received prediction request for text length: 10
2026-02-10 21:09:39,957 - Factify - ERROR - Prediction error: Prediction failed
2026-02-10 21:09:39,966 - Factify - INFO - Application starting up...
2026-02-10 21:09:39,968 - Factify - INFO - Application shutting down...
2026-02-10 21:09:39,993 - Factify - INFO - Loading data from files...
2026-02-10 21:09:40,056 - Factify - INFO - Removing 1 duplicate entries
2026-02-10 21:09:40,084 - Factify - INFO - Data loaded successfully: 2 rows and 4 columns
2026-02-10 21:09:40,087 - Factify - INFO - Loading data from files...
2026-02-10 21:09:40,087 - Factify - ERROR - Error loading data: [Errno 2] No such file or directory: 'non_existent.csv'
2026-02-10 21:09:40,142 - Factify - INFO - Cleaning text data...
2026-02-10 21:09:40,144 - Factify - INFO - Text data cleaned successfully
2026-02-10 21:09:40,146 - Factify - INFO - Cleaning text data...
2026-02-10 21:09:40,147 - Factify - ERROR - Error cleaning dataframe: 'NoneType' object is not subscriptable
2026-02-10 21:09:40,995 - Factify - WARNING - Model file not found at path
2026-02-10 21:09:40,995 - Factify - WARNING - Tokenizer file not found at path
2026-02-10 21:09:40,997 - Factify - WARNING - Model file not found at bad_path
2026-02-10 21:09:40,997 - Factify - WARNING - Tokenizer file not found at bad_path
2026-02-10 21:09:40,998 - Factify - INFO - Making prediction for text: test...
2026-02-10 21:09:40,998 - Factify - ERROR - Error preprocessing text for prediction: Tokenizer not loaded
2026-02-10 21:09:40,999 - Factify - ERROR - Preprocessing failed: Tokenizer not loaded
2026-02-10 21:09:40,999 - Factify - ERROR - Error making prediction: Tokenizer not loaded
2026-02-10 21:09:41,033 - Factify - WARNING - Model file not found at p
2026-02-10 21:09:41,033 - Factify - WARNING - Tokenizer file not found at t
2026-02-10 21:09:41,033 - Factify - ERROR - Error preprocessing text for prediction: Tokenizer not loaded
2026-02-10 21:09:41,042 - Factify - INFO - Loading model from C:\Users\emon1\Desktop\zzz\Factify\models\saved_models\fake_news_detector.h5
2026-02-10 21:09:41,136 - Factify - INFO - Model loaded successfully
2026-02-10 21:09:41,137 - Factify - INFO - Loading tokenizer from C:\Users\emon1\Desktop\zzz\Factify\models\saved_models\tokenizer.pickle
2026-02-10 21:09:41,341 - Factify - INFO - Tokenizer loaded successfully
2026-02-10 21:09:41,344 - Factify - INFO - Tokenizing texts with vocab_size=100, max_length=100...
2026-02-10 21:09:41,345 - Factify - INFO - Tokenization and padding completed successfully
2026-02-10 21:09:41,347 - Factify - INFO - Tokenizing texts with vocab_size=10000, max_length=100...
2026-02-10 21:09:41,348 - Factify - ERROR - Error in tokenization process: 'NoneType' object is not iterable
2026-02-10 21:09:41,351 - Factify - INFO - Preparing data for model training...
2026-02-10 21:09:41,351 - Factify - INFO - Tokenizing texts with vocab_size=10000, max_length=100...
2026-02-10 21:09:41,352 - Factify - INFO - Tokenization and padding completed successfully
2026-02-10 21:09:41,355 - Factify - INFO - Data prepared: X_train shape=(1, 100), X_test shape=(1, 100)
2026-02-10 21:09:41,358 - Factify - INFO - Preparing data for model training...
2026-02-10 21:09:41,358 - Factify - ERROR - Error preparing data: DataFrame must contain 'clean_text' column
2026-02-10 21:09:41,360 - Factify - INFO - Building LSTM-GRU model with vocab_size=100, embedding_dim=100...
2026-02-10 21:09:41,383 - Factify - INFO - LSTM-GRU model built successfully
2026-02-10 21:09:41,386 - Factify - INFO - Building LSTM-GRU model with vocab_size=100, embedding_dim=100...
2026-02-10 21:09:41,407 - Factify - ERROR - Error building model: Build error
2026-02-10 21:09:41,413 - Factify - INFO - Training model for 1 epochs with batch_size=64...
2026-02-10 21:09:41,415 - Factify - INFO - Model training completed successfully
2026-02-10 21:09:41,420 - Factify - INFO - Training model for 5 epochs with batch_size=64...
2026-02-10 21:09:41,421 - Factify - ERROR - Error training model: 'NoneType' object has no attribute 'fit'
2026-02-10 21:09:41,460 - Factify - INFO - Model saved to model_path.h5
2026-02-10 21:09:41,463 - Factify - ERROR - Error saving model: expected str, bytes or os.PathLike object, not NoneType
2026-02-10 21:10:15,491 - Factify - INFO - Application shutting down...
2026-02-10 21:10:20,910 - Factify - INFO - Loading model from C:\Users\emon1\Desktop\zzz\Factify\models\saved_models\fake_news_detector.h5
2026-02-10 21:10:21,019 - Factify - INFO - Model loaded successfully
2026-02-10 21:10:21,020 - Factify - INFO - Loading tokenizer from C:\Users\emon1\Desktop\zzz\Factify\models\saved_models\tokenizer.pickle
2026-02-10 21:10:21,210 - Factify - INFO - Tokenizer loaded successfully
2026-02-10 21:10:21,214 - Factify - INFO - Application starting up...
2026-02-10 21:10:50,462 - Factify - INFO - Application shutting down...
2026-02-10 21:10:56,353 - Factify - INFO - Loading model from C:\Users\emon1\Desktop\zzz\Factify\models\saved_models\fake_news_detector.h5
2026-02-10 21:10:56,468 - Factify - INFO - Model loaded successfully
2026-02-10 21:10:56,468 - Factify - INFO - Loading tokenizer from C:\Users\emon1\Desktop\zzz\Factify\models\saved_models\tokenizer.pickle
2026-02-10 21:10:56,686 - Factify - INFO - Tokenizer loaded successfully
2026-02-10 21:10:56,691 - Factify - INFO - Application starting up...
2026-02-10 21:11:03,506 - Factify - INFO - Loading model from C:\Users\emon1\Desktop\zzz\Factify\models\saved_models\fake_news_detector.h5
2026-02-10 21:11:03,659 - Factify - INFO - Model loaded successfully
2026-02-10 21:11:03,659 - Factify - INFO - Loading tokenizer from C:\Users\emon1\Desktop\zzz\Factify\models\saved_models\tokenizer.pickle
2026-02-10 21:11:03,878 - Factify - INFO - Tokenizer loaded successfully
2026-02-10 21:11:04,587 - Factify - INFO - Received prediction request for text length: 9
2026-02-10 21:11:04,594 - Factify - INFO - Received prediction request for text length: 10
2026-02-10 21:11:04,596 - Factify - ERROR - Prediction error: Prediction failed
2026-02-10 21:11:04,603 - Factify - INFO - Application starting up...
2026-02-10 21:11:04,605 - Factify - INFO - Application shutting down...
2026-02-10 21:11:04,620 - Factify - INFO - Loading data from files...
2026-02-10 21:11:04,628 - Factify - INFO - Removing 1 duplicate entries
2026-02-10 21:11:04,631 - Factify - INFO - Data loaded successfully: 2 rows and 4 columns
2026-02-10 21:11:04,635 - Factify - INFO - Loading data from files...
2026-02-10 21:11:04,636 - Factify - ERROR - Error loading data: [Errno 2] No such file or directory: 'non_existent.csv'
2026-02-10 21:11:04,695 - Factify - INFO - Cleaning text data...
2026-02-10 21:11:04,698 - Factify - INFO - Text data cleaned successfully
2026-02-10 21:11:04,700 - Factify - INFO - Cleaning text data...
2026-02-10 21:11:04,701 - Factify - ERROR - Error cleaning dataframe: 'NoneType' object is not subscriptable
2026-02-10 21:11:05,561 - Factify - WARNING - Model file not found at path
2026-02-10 21:11:05,561 - Factify - WARNING - Tokenizer file not found at path
2026-02-10 21:11:05,563 - Factify - WARNING - Model file not found at bad_path
2026-02-10 21:11:05,564 - Factify - WARNING - Tokenizer file not found at bad_path
2026-02-10 21:11:05,565 - Factify - INFO - Making prediction for text: test...
2026-02-10 21:11:05,565 - Factify - INFO - Text preprocessing and padding successful
2026-02-10 21:11:05,565 - Factify - INFO - Calling model.predict on shape (1, 100) with dtype int32...
2026-02-10 21:11:05,566 - Factify - ERROR - Model prediction failed: 'NoneType' object has no attribute 'predict'
2026-02-10 21:11:05,574 - Factify - WARNING - Model file not found at p
2026-02-10 21:11:05,574 - Factify - WARNING - Tokenizer file not found at t
2026-02-10 21:11:05,575 - Factify - ERROR - Error preprocessing text for prediction: Tokenizer not loaded
2026-02-10 21:11:05,582 - Factify - WARNING - Model file not found at C:\Users\emon1\Desktop\zzz\Factify\models\saved_models\fake_news_detector.h5
2026-02-10 21:11:05,583 - Factify - WARNING - Tokenizer file not found at C:\Users\emon1\Desktop\zzz\Factify\models\saved_models\tokenizer.pickle
2026-02-10 21:11:05,584 - Factify - WARNING - Model file not found at dummy
2026-02-10 21:11:05,585 - Factify - WARNING - Tokenizer file not found at dummy
2026-02-10 21:11:05,587 - Factify - INFO - Making prediction for text: test...
2026-02-10 21:11:05,588 - Factify - INFO - Text preprocessing and padding successful
2026-02-10 21:11:05,588 - Factify - INFO - Calling model.predict on shape (1, 100) with dtype int32...
2026-02-10 21:11:05,589 - Factify - INFO - Raw prediction result: [[0.9]]
2026-02-10 21:11:05,590 - Factify - INFO - Prediction: REAL (probability: 0.9000)
2026-02-10 21:11:05,593 - Factify - INFO - Tokenizing texts with vocab_size=100, max_length=100...
2026-02-10 21:11:05,593 - Factify - INFO - Tokenization and padding completed successfully
2026-02-10 21:11:05,596 - Factify - INFO - Tokenizing texts with vocab_size=10000, max_length=100...
2026-02-10 21:11:05,596 - Factify - ERROR - Error in tokenization process: 'NoneType' object is not iterable
2026-02-10 21:11:05,600 - Factify - INFO - Preparing data for model training...
2026-02-10 21:11:05,600 - Factify - INFO - Tokenizing texts with vocab_size=10000, max_length=100...
2026-02-10 21:11:05,601 - Factify - INFO - Tokenization and padding completed successfully
2026-02-10 21:11:05,603 - Factify - INFO - Data prepared: X_train shape=(1, 100), X_test shape=(1, 100)
2026-02-10 21:11:05,606 - Factify - INFO - Preparing data for model training...
2026-02-10 21:11:05,606 - Factify - ERROR - Error preparing data: DataFrame must contain 'clean_text' column
2026-02-10 21:11:05,608 - Factify - INFO - Building LSTM-GRU model with vocab_size=100, embedding_dim=100...
2026-02-10 21:11:05,630 - Factify - INFO - LSTM-GRU model built successfully
2026-02-10 21:11:05,633 - Factify - INFO - Building LSTM-GRU model with vocab_size=100, embedding_dim=100...
2026-02-10 21:11:05,651 - Factify - ERROR - Error building model: Build error
2026-02-10 21:11:05,659 - Factify - INFO - Training model for 1 epochs with batch_size=64...
2026-02-10 21:11:05,660 - Factify - INFO - Model training completed successfully
2026-02-10 21:11:05,664 - Factify - INFO - Training model for 5 epochs with batch_size=64...
2026-02-10 21:11:05,665 - Factify - ERROR - Error training model: 'NoneType' object has no attribute 'fit'
2026-02-10 21:11:05,671 - Factify - INFO - Model saved to model_path.h5
2026-02-10 21:11:05,676 - Factify - ERROR - Error saving model: expected str, bytes or os.PathLike object, not NoneType
2026-02-10 21:12:04,460 - Factify - INFO - Application shutting down...
2026-02-10 21:12:09,849 - Factify - INFO - Loading model from C:\Users\emon1\Desktop\zzz\Factify\models\saved_models\fake_news_detector.h5
2026-02-10 21:12:09,957 - Factify - INFO - Model loaded successfully
2026-02-10 21:12:09,957 - Factify - INFO - Loading tokenizer from C:\Users\emon1\Desktop\zzz\Factify\models\saved_models\tokenizer.pickle
2026-02-10 21:12:10,131 - Factify - INFO - Tokenizer loaded successfully
2026-02-10 21:12:10,131 - Factify - INFO - Application starting up...
2026-02-10 21:13:55,010 - Factify - INFO - Loading model from C:\Users\emon1\Desktop\zzz\Factify\models\saved_models\fake_news_detector.h5
2026-02-10 21:13:55,173 - Factify - INFO - Model loaded successfully
2026-02-10 21:13:55,174 - Factify - INFO - Loading tokenizer from C:\Users\emon1\Desktop\zzz\Factify\models\saved_models\tokenizer.pickle
2026-02-10 21:13:55,369 - Factify - INFO - Tokenizer loaded successfully
2026-02-10 21:13:56,172 - Factify - INFO - Received prediction request for text length: 9
2026-02-10 21:13:56,179 - Factify - INFO - Received prediction request for text length: 10
2026-02-10 21:13:56,180 - Factify - ERROR - Prediction error: Prediction failed
2026-02-10 21:13:56,189 - Factify - INFO - Application starting up...
2026-02-10 21:13:56,190 - Factify - INFO - Application shutting down...
2026-02-10 21:13:56,205 - Factify - INFO - Loading data from files...
2026-02-10 21:13:56,214 - Factify - INFO - Removing 1 duplicate entries
2026-02-10 21:13:56,217 - Factify - INFO - Data loaded successfully: 2 rows and 4 columns
2026-02-10 21:13:56,221 - Factify - INFO - Loading data from files...
2026-02-10 21:13:56,222 - Factify - ERROR - Error loading data: [Errno 2] No such file or directory: 'non_existent.csv'
2026-02-10 21:13:56,281 - Factify - INFO - Cleaning text data...
2026-02-10 21:13:56,283 - Factify - INFO - Text data cleaned successfully
2026-02-10 21:13:56,286 - Factify - INFO - Cleaning text data...
2026-02-10 21:13:56,287 - Factify - ERROR - Error cleaning dataframe: 'NoneType' object is not subscriptable
2026-02-10 21:13:57,145 - Factify - WARNING - Model file not found at path
2026-02-10 21:13:57,145 - Factify - WARNING - Tokenizer file not found at path
2026-02-10 21:13:57,148 - Factify - WARNING - Model file not found at bad_path
2026-02-10 21:13:57,149 - Factify - WARNING - Tokenizer file not found at bad_path
2026-02-10 21:13:57,150 - Factify - INFO - Making prediction for text: test...
2026-02-10 21:13:57,150 - Factify - INFO - Text preprocessing and padding successful
2026-02-10 21:13:57,150 - Factify - INFO - Calling model.predict on shape (1, 100) with dtype int32...
2026-02-10 21:13:57,151 - Factify - ERROR - Model prediction failed: 'NoneType' object has no attribute 'predict'
2026-02-10 21:13:57,161 - Factify - WARNING - Model file not found at p
2026-02-10 21:13:57,161 - Factify - WARNING - Tokenizer file not found at t
2026-02-10 21:13:57,162 - Factify - ERROR - Error preprocessing text for prediction: Tokenizer not loaded
2026-02-10 21:13:57,171 - Factify - WARNING - Model file not found at C:\Users\emon1\Desktop\zzz\Factify\models\saved_models\fake_news_detector.h5
2026-02-10 21:13:57,171 - Factify - WARNING - Tokenizer file not found at C:\Users\emon1\Desktop\zzz\Factify\models\saved_models\tokenizer.pickle
2026-02-10 21:13:57,174 - Factify - WARNING - Model file not found at dummy
2026-02-10 21:13:57,175 - Factify - WARNING - Tokenizer file not found at dummy
2026-02-10 21:13:57,178 - Factify - INFO - Making prediction for text: test...
2026-02-10 21:13:57,178 - Factify - INFO - Text preprocessing and padding successful
2026-02-10 21:13:57,179 - Factify - INFO - Calling model.predict on shape (1, 100) with dtype int32...
2026-02-10 21:13:57,180 - Factify - INFO - Raw prediction result: [[0.9]]
2026-02-10 21:13:57,180 - Factify - INFO - Prediction: REAL (probability: 0.9000)
2026-02-10 21:13:57,185 - Factify - WARNING - Model file not found at p
2026-02-10 21:13:57,185 - Factify - WARNING - Tokenizer file not found at t
2026-02-10 21:13:57,485 - Factify - INFO - Tokenizing texts with vocab_size=100, max_length=100...
2026-02-10 21:13:57,486 - Factify - INFO - Tokenization and padding completed successfully
2026-02-10 21:13:57,488 - Factify - INFO - Tokenizing texts with vocab_size=10000, max_length=100...
2026-02-10 21:13:57,489 - Factify - ERROR - Error in tokenization process: 'NoneType' object is not iterable
2026-02-10 21:13:57,491 - Factify - INFO - Preparing data for model training...
2026-02-10 21:13:57,491 - Factify - INFO - Tokenizing texts with vocab_size=10000, max_length=100...
2026-02-10 21:13:57,492 - Factify - INFO - Tokenization and padding completed successfully
2026-02-10 21:13:57,494 - Factify - INFO - Data prepared: X_train shape=(1, 100), X_test shape=(1, 100)
2026-02-10 21:13:57,496 - Factify - INFO - Preparing data for model training...
2026-02-10 21:13:57,497 - Factify - ERROR - Error preparing data: DataFrame must contain 'clean_text' column
2026-02-10 21:13:57,499 - Factify - INFO - Building LSTM-GRU model with vocab_size=100, embedding_dim=100...
2026-02-10 21:13:57,519 - Factify - INFO - LSTM-GRU model built successfully
2026-02-10 21:13:57,522 - Factify - INFO - Building LSTM-GRU model with vocab_size=100, embedding_dim=100...
2026-02-10 21:13:57,536 - Factify - ERROR - Error building model: Build error
2026-02-10 21:13:57,540 - Factify - INFO - Training model for 1 epochs with batch_size=64...
2026-02-10 21:13:57,542 - Factify - INFO - Model training completed successfully
2026-02-10 21:13:57,545 - Factify - INFO - Training model for 5 epochs with batch_size=64...
2026-02-10 21:13:57,545 - Factify - ERROR - Error training model: 'NoneType' object has no attribute 'fit'
2026-02-10 21:13:57,551 - Factify - INFO - Model saved to model_path.h5
2026-02-10 21:13:57,554 - Factify - ERROR - Error saving model: expected str, bytes or os.PathLike object, not NoneType
2026-02-10 21:14:49,046 - Factify - INFO - Application shutting down...
2026-02-10 21:14:55,371 - Factify - INFO - Loading model from C:\Users\emon1\Desktop\zzz\Factify\models\saved_models\fake_news_detector.h5
2026-02-10 21:14:55,518 - Factify - INFO - Model loaded successfully
2026-02-10 21:14:55,519 - Factify - INFO - Loading tokenizer from C:\Users\emon1\Desktop\zzz\Factify\models\saved_models\tokenizer.pickle
2026-02-10 21:14:55,733 - Factify - INFO - Tokenizer loaded successfully
2026-02-10 21:14:55,741 - Factify - INFO - Application starting up...
2026-02-10 21:15:02,445 - Factify - INFO - Loading model from C:\Users\emon1\Desktop\zzz\Factify\models\saved_models\fake_news_detector.h5
2026-02-10 21:15:02,730 - Factify - INFO - Model loaded successfully
2026-02-10 21:15:02,731 - Factify - INFO - Loading tokenizer from C:\Users\emon1\Desktop\zzz\Factify\models\saved_models\tokenizer.pickle
2026-02-10 21:15:02,913 - Factify - INFO - Tokenizer loaded successfully
2026-02-10 21:15:03,640 - Factify - INFO - Received prediction request for text length: 9
2026-02-10 21:15:03,649 - Factify - INFO - Received prediction request for text length: 10
2026-02-10 21:15:03,650 - Factify - ERROR - Prediction error: Prediction failed
2026-02-10 21:15:03,659 - Factify - INFO - Application starting up...
2026-02-10 21:15:03,660 - Factify - INFO - Application shutting down...
2026-02-10 21:15:03,674 - Factify - INFO - Loading data from files...
2026-02-10 21:15:03,681 - Factify - INFO - Removing 1 duplicate entries
2026-02-10 21:15:03,684 - Factify - INFO - Data loaded successfully: 2 rows and 4 columns
2026-02-10 21:15:03,687 - Factify - INFO - Loading data from files...
2026-02-10 21:15:03,688 - Factify - ERROR - Error loading data: [Errno 2] No such file or directory: 'non_existent.csv'
2026-02-10 21:15:03,744 - Factify - INFO - Cleaning text data...
2026-02-10 21:15:03,746 - Factify - INFO - Text data cleaned successfully
2026-02-10 21:15:03,749 - Factify - INFO - Cleaning text data...
2026-02-10 21:15:03,750 - Factify - ERROR - Error cleaning dataframe: 'NoneType' object is not subscriptable
2026-02-10 21:15:04,612 - Factify - WARNING - Model file not found at path
2026-02-10 21:15:04,613 - Factify - WARNING - Tokenizer file not found at path
2026-02-10 21:15:04,615 - Factify - WARNING - Model file not found at bad_path
2026-02-10 21:15:04,615 - Factify - WARNING - Tokenizer file not found at bad_path
2026-02-10 21:15:04,616 - Factify - INFO - Making prediction for text: test...
2026-02-10 21:15:04,616 - Factify - INFO - Text preprocessing and padding successful
2026-02-10 21:15:04,617 - Factify - INFO - Calling model.predict on shape (1, 100) with dtype int32...
2026-02-10 21:15:04,617 - Factify - ERROR - Model prediction failed: 'NoneType' object has no attribute 'predict'
2026-02-10 21:15:04,625 - Factify - WARNING - Model file not found at p
2026-02-10 21:15:04,626 - Factify - WARNING - Tokenizer file not found at t
2026-02-10 21:15:04,626 - Factify - ERROR - Error preprocessing text for prediction: Tokenizer not loaded
2026-02-10 21:15:04,632 - Factify - WARNING - Model file not found at C:\Users\emon1\Desktop\zzz\Factify\models\saved_models\fake_news_detector.h5
2026-02-10 21:15:04,633 - Factify - WARNING - Tokenizer file not found at C:\Users\emon1\Desktop\zzz\Factify\models\saved_models\tokenizer.pickle
2026-02-10 21:15:04,636 - Factify - WARNING - Model file not found at dummy
2026-02-10 21:15:04,637 - Factify - WARNING - Tokenizer file not found at dummy
2026-02-10 21:15:04,640 - Factify - INFO - Making prediction for text: test...
2026-02-10 21:15:04,641 - Factify - INFO - Text preprocessing and padding successful
2026-02-10 21:15:04,641 - Factify - INFO - Calling model.predict on shape (1, 100) with dtype int32...
2026-02-10 21:15:04,642 - Factify - INFO - Raw prediction result: [[0.9]]
2026-02-10 21:15:04,643 - Factify - INFO - Prediction: REAL (probability: 0.9000)
2026-02-10 21:15:04,646 - Factify - WARNING - Model file not found at p
2026-02-10 21:15:04,646 - Factify - WARNING - Tokenizer file not found at t
2026-02-10 21:15:04,650 - Factify - INFO - Tokenizing texts with vocab_size=100, max_length=100...
2026-02-10 21:15:04,651 - Factify - INFO - Tokenization and padding completed successfully
2026-02-10 21:15:04,655 - Factify - INFO - Tokenizing texts with vocab_size=10000, max_length=100...
2026-02-10 21:15:04,656 - Factify - ERROR - Error in tokenization process: 'NoneType' object is not iterable
2026-02-10 21:15:04,658 - Factify - INFO - Preparing data for model training...
2026-02-10 21:15:04,659 - Factify - INFO - Tokenizing texts with vocab_size=10000, max_length=100...
2026-02-10 21:15:04,660 - Factify - INFO - Tokenization and padding completed successfully
2026-02-10 21:15:04,662 - Factify - INFO - Data prepared: X_train shape=(1, 100), X_test shape=(1, 100)
2026-02-10 21:15:04,664 - Factify - INFO - Preparing data for model training...
2026-02-10 21:15:04,665 - Factify - ERROR - Error preparing data: DataFrame must contain 'clean_text' column
2026-02-10 21:15:04,667 - Factify - INFO - Building LSTM-GRU model with vocab_size=100, embedding_dim=100...
2026-02-10 21:15:04,687 - Factify - INFO - LSTM-GRU model built successfully
2026-02-10 21:15:04,691 - Factify - INFO - Building LSTM-GRU model with vocab_size=100, embedding_dim=100...
2026-02-10 21:15:04,707 - Factify - ERROR - Error building model: Build error
2026-02-10 21:15:04,711 - Factify - INFO - Training model for 1 epochs with batch_size=64...
2026-02-10 21:15:04,712 - Factify - INFO - Model training completed successfully
2026-02-10 21:15:04,715 - Factify - INFO - Training model for 5 epochs with batch_size=64...
2026-02-10 21:15:04,716 - Factify - ERROR - Error training model: 'NoneType' object has no attribute 'fit'
2026-02-10 21:15:04,719 - Factify - INFO - Model saved to model_path.h5
2026-02-10 21:15:04,723 - Factify - ERROR - Error saving model: expected str, bytes or os.PathLike object, not NoneType
2026-02-10 21:16:26,208 - Factify - INFO - Loading model from C:\Users\emon1\Desktop\zzz\Factify\models\saved_models\fake_news_detector.h5
2026-02-10 21:16:26,963 - Factify - INFO - Model loaded successfully
2026-02-10 21:16:26,964 - Factify - INFO - Loading tokenizer from C:\Users\emon1\Desktop\zzz\Factify\models\saved_models\tokenizer.pickle
2026-02-10 21:16:27,147 - Factify - INFO - Tokenizer loaded successfully
2026-02-10 21:16:27,835 - Factify - INFO - Received prediction request for text length: 9
2026-02-10 21:16:27,842 - Factify - INFO - Received prediction request for text length: 10
2026-02-10 21:16:27,843 - Factify - ERROR - Prediction error: Prediction failed
2026-02-10 21:16:27,851 - Factify - INFO - Application starting up...
2026-02-10 21:16:27,852 - Factify - INFO - Application shutting down...
2026-02-10 21:16:27,868 - Factify - INFO - Loading data from files...
2026-02-10 21:16:27,881 - Factify - INFO - Removing 1 duplicate entries
2026-02-10 21:16:27,889 - Factify - INFO - Data loaded successfully: 2 rows and 4 columns
2026-02-10 21:16:27,898 - Factify - INFO - Loading data from files...
2026-02-10 21:16:27,901 - Factify - ERROR - Error loading data: [Errno 2] No such file or directory: 'non_existent.csv'
2026-02-10 21:16:27,977 - Factify - INFO - Cleaning text data...
2026-02-10 21:16:27,979 - Factify - INFO - Text data cleaned successfully
2026-02-10 21:16:27,982 - Factify - INFO - Cleaning text data...
2026-02-10 21:16:27,982 - Factify - ERROR - Error cleaning dataframe: 'NoneType' object is not subscriptable
2026-02-10 21:16:28,848 - Factify - WARNING - Model file not found at path
2026-02-10 21:16:28,849 - Factify - WARNING - Tokenizer file not found at path
2026-02-10 21:16:28,851 - Factify - WARNING - Model file not found at bad_path
2026-02-10 21:16:28,852 - Factify - WARNING - Tokenizer file not found at bad_path
2026-02-10 21:16:28,852 - Factify - INFO - Making prediction for text: test...
2026-02-10 21:16:28,853 - Factify - INFO - Text preprocessing and padding successful
2026-02-10 21:16:28,854 - Factify - INFO - Calling model.predict on shape (1, 100) with dtype int32...
2026-02-10 21:16:28,855 - Factify - ERROR - Model prediction failed: 'NoneType' object has no attribute 'predict'
2026-02-10 21:16:28,863 - Factify - WARNING - Model file not found at p
2026-02-10 21:16:28,863 - Factify - WARNING - Tokenizer file not found at t
2026-02-10 21:16:28,864 - Factify - ERROR - Error preprocessing text for prediction: Tokenizer not loaded
2026-02-10 21:16:28,871 - Factify - WARNING - Model file not found at C:\Users\emon1\Desktop\zzz\Factify\models\saved_models\fake_news_detector.h5
2026-02-10 21:16:28,871 - Factify - WARNING - Tokenizer file not found at C:\Users\emon1\Desktop\zzz\Factify\models\saved_models\tokenizer.pickle
2026-02-10 21:16:28,874 - Factify - WARNING - Model file not found at dummy
2026-02-10 21:16:28,875 - Factify - WARNING - Tokenizer file not found at dummy
2026-02-10 21:16:28,877 - Factify - INFO - Making prediction for text: test...
2026-02-10 21:16:28,877 - Factify - INFO - Text preprocessing and padding successful
2026-02-10 21:16:28,877 - Factify - INFO - Calling model.predict on shape (1, 100) with dtype int32...
2026-02-10 21:16:28,878 - Factify - INFO - Raw prediction result: [[0.9]]
2026-02-10 21:16:28,879 - Factify - INFO - Prediction: REAL (probability: 0.9000)
2026-02-10 21:16:28,882 - Factify - WARNING - Model file not found at p
2026-02-10 21:16:28,883 - Factify - WARNING - Tokenizer file not found at t
2026-02-10 21:16:28,888 - Factify - INFO - Tokenizing texts with vocab_size=100, max_length=100...
2026-02-10 21:16:28,888 - Factify - INFO - Tokenization and padding completed successfully
2026-02-10 21:16:28,891 - Factify - INFO - Tokenizing texts with vocab_size=10000, max_length=100...
2026-02-10 21:16:28,892 - Factify - ERROR - Error in tokenization process: 'NoneType' object is not iterable
2026-02-10 21:16:28,895 - Factify - INFO - Preparing data for model training...
2026-02-10 21:16:28,896 - Factify - INFO - Tokenizing texts with vocab_size=10000, max_length=100...
2026-02-10 21:16:28,896 - Factify - INFO - Tokenization and padding completed successfully
2026-02-10 21:16:28,898 - Factify - INFO - Data prepared: X_train shape=(1, 100), X_test shape=(1, 100)
2026-02-10 21:16:28,901 - Factify - INFO - Preparing data for model training...
2026-02-10 21:16:28,902 - Factify - ERROR - Error preparing data: DataFrame must contain 'clean_text' column
2026-02-10 21:16:28,905 - Factify - INFO - Building LSTM-GRU model with vocab_size=100, embedding_dim=100...
2026-02-10 21:16:28,926 - Factify - INFO - LSTM-GRU model built successfully
2026-02-10 21:16:28,929 - Factify - INFO - Building LSTM-GRU model with vocab_size=100, embedding_dim=100...
2026-02-10 21:16:28,946 - Factify - ERROR - Error building model: Build error
2026-02-10 21:16:28,952 - Factify - INFO - Training model for 1 epochs with batch_size=64...
2026-02-10 21:16:28,953 - Factify - INFO - Model training completed successfully
2026-02-10 21:16:28,957 - Factify - INFO - Training model for 5 epochs with batch_size=64...
2026-02-10 21:16:28,958 - Factify - ERROR - Error training model: 'NoneType' object has no attribute 'fit'
2026-02-10 21:16:28,962 - Factify - INFO - Model saved to model_path.h5
2026-02-10 21:16:28,967 - Factify - ERROR - Error saving model: expected str, bytes or os.PathLike object, not NoneType
2026-02-10 21:17:23,637 - Factify - INFO - Application shutting down...
2026-02-10 21:17:29,491 - Factify - INFO - Loading model from C:\Users\emon1\Desktop\zzz\Factify\models\saved_models\fake_news_detector.h5
2026-02-10 21:17:29,612 - Factify - INFO - Model loaded successfully
2026-02-10 21:17:29,613 - Factify - INFO - Loading tokenizer from C:\Users\emon1\Desktop\zzz\Factify\models\saved_models\tokenizer.pickle
2026-02-10 21:17:29,842 - Factify - INFO - Tokenizer loaded successfully
2026-02-10 21:17:29,847 - Factify - INFO - Application starting up...
2026-02-10 21:17:38,353 - Factify - INFO - Loading model from C:\Users\emon1\Desktop\zzz\Factify\models\saved_models\fake_news_detector.h5
2026-02-10 21:17:38,506 - Factify - INFO - Model loaded successfully
2026-02-10 21:17:38,507 - Factify - INFO - Loading tokenizer from C:\Users\emon1\Desktop\zzz\Factify\models\saved_models\tokenizer.pickle
2026-02-10 21:17:38,693 - Factify - INFO - Tokenizer loaded successfully
2026-02-10 21:17:39,456 - Factify - INFO - Received prediction request for text length: 9
2026-02-10 21:17:39,464 - Factify - INFO - Received prediction request for text length: 10
2026-02-10 21:17:39,465 - Factify - ERROR - Prediction error: Prediction failed
2026-02-10 21:17:39,473 - Factify - INFO - Application starting up...
2026-02-10 21:17:39,474 - Factify - INFO - Application shutting down...
2026-02-10 21:17:39,489 - Factify - INFO - Loading data from files...
2026-02-10 21:17:39,496 - Factify - INFO - Removing 1 duplicate entries
2026-02-10 21:17:39,499 - Factify - INFO - Data loaded successfully: 2 rows and 4 columns
2026-02-10 21:17:39,504 - Factify - INFO - Loading data from files...
2026-02-10 21:17:39,504 - Factify - ERROR - Error loading data: [Errno 2] No such file or directory: 'non_existent.csv'
2026-02-10 21:17:39,605 - Factify - INFO - Cleaning text data...
2026-02-10 21:17:39,608 - Factify - INFO - Text data cleaned successfully
2026-02-10 21:17:39,611 - Factify - INFO - Cleaning text data...
2026-02-10 21:17:39,613 - Factify - ERROR - Error cleaning dataframe: 'NoneType' object is not subscriptable
2026-02-10 21:17:40,489 - Factify - WARNING - Model file not found at path
2026-02-10 21:17:40,489 - Factify - WARNING - Tokenizer file not found at path
2026-02-10 21:17:40,491 - Factify - WARNING - Model file not found at bad_path
2026-02-10 21:17:40,492 - Factify - WARNING - Tokenizer file not found at bad_path
2026-02-10 21:17:40,493 - Factify - INFO - Making prediction for text: test...
2026-02-10 21:17:40,493 - Factify - INFO - Text preprocessing and padding successful
2026-02-10 21:17:40,494 - Factify - INFO - Calling model.predict on shape (1, 100) with dtype int32...
2026-02-10 21:17:40,494 - Factify - ERROR - Model prediction failed: 'NoneType' object has no attribute 'predict'
2026-02-10 21:17:40,502 - Factify - WARNING - Model file not found at p
2026-02-10 21:17:40,503 - Factify - WARNING - Tokenizer file not found at t
2026-02-10 21:17:40,503 - Factify - ERROR - Error preprocessing text for prediction: Tokenizer not loaded
2026-02-10 21:17:40,510 - Factify - WARNING - Model file not found at C:\Users\emon1\Desktop\zzz\Factify\models\saved_models\fake_news_detector.h5
2026-02-10 21:17:40,511 - Factify - WARNING - Tokenizer file not found at C:\Users\emon1\Desktop\zzz\Factify\models\saved_models\tokenizer.pickle
2026-02-10 21:17:40,513 - Factify - WARNING - Model file not found at dummy
2026-02-10 21:17:40,513 - Factify - WARNING - Tokenizer file not found at dummy
2026-02-10 21:17:40,516 - Factify - INFO - Making prediction for text: test...
2026-02-10 21:17:40,517 - Factify - INFO - Text preprocessing and padding successful
2026-02-10 21:17:40,517 - Factify - INFO - Calling model.predict on shape (1, 100) with dtype int32...
2026-02-10 21:17:40,519 - Factify - INFO - Raw prediction result: [[0.9]]
2026-02-10 21:17:40,519 - Factify - INFO - Prediction: REAL (probability: 0.9000)
2026-02-10 21:17:40,522 - Factify - WARNING - Model file not found at p
2026-02-10 21:17:40,522 - Factify - WARNING - Tokenizer file not found at t
2026-02-10 21:17:40,526 - Factify - INFO - Tokenizing texts with vocab_size=100, max_length=100...
2026-02-10 21:17:40,526 - Factify - INFO - Tokenization and padding completed successfully
2026-02-10 21:17:40,529 - Factify - INFO - Tokenizing texts with vocab_size=10000, max_length=100...
2026-02-10 21:17:40,529 - Factify - ERROR - Error in tokenization process: 'NoneType' object is not iterable
2026-02-10 21:17:40,532 - Factify - INFO - Preparing data for model training...
2026-02-10 21:17:40,533 - Factify - INFO - Tokenizing texts with vocab_size=10000, max_length=100...
2026-02-10 21:17:40,534 - Factify - INFO - Tokenization and padding completed successfully
2026-02-10 21:17:40,535 - Factify - INFO - Data prepared: X_train shape=(1, 100), X_test shape=(1, 100)
2026-02-10 21:17:40,538 - Factify - INFO - Preparing data for model training...
2026-02-10 21:17:40,539 - Factify - ERROR - Error preparing data: DataFrame must contain 'clean_text' column
2026-02-10 21:17:40,541 - Factify - INFO - Building LSTM-GRU model with vocab_size=100, embedding_dim=100...
2026-02-10 21:17:40,564 - Factify - INFO - LSTM-GRU model built successfully
2026-02-10 21:17:40,568 - Factify - INFO - Building LSTM-GRU model with vocab_size=100, embedding_dim=100...
2026-02-10 21:17:40,584 - Factify - ERROR - Error building model: Build error
2026-02-10 21:17:40,590 - Factify - INFO - Training model for 1 epochs with batch_size=64...
2026-02-10 21:17:40,591 - Factify - INFO - Model training completed successfully
2026-02-10 21:17:40,596 - Factify - INFO - Training model for 5 epochs with batch_size=64...
2026-02-10 21:17:40,596 - Factify - ERROR - Error training model: 'NoneType' object has no attribute 'fit'
2026-02-10 21:17:40,602 - Factify - INFO - Model saved to model_path.h5
2026-02-10 21:17:40,605 - Factify - ERROR - Error saving model: expected str, bytes or os.PathLike object, not NoneType
2026-02-10 21:19:12,919 - Factify - INFO - Loading model from C:\Users\emon1\Desktop\zzz\Factify\models\saved_models\fake_news_detector.h5
2026-02-10 21:19:13,072 - Factify - INFO - Model loaded successfully
2026-02-10 21:19:13,073 - Factify - INFO - Loading tokenizer from C:\Users\emon1\Desktop\zzz\Factify\models\saved_models\tokenizer.pickle
2026-02-10 21:19:13,255 - Factify - INFO - Tokenizer loaded successfully
2026-02-10 21:19:13,945 - Factify - INFO - Received prediction request for text length: 9
2026-02-10 21:19:13,953 - Factify - INFO - Received prediction request for text length: 10
2026-02-10 21:19:13,954 - Factify - ERROR - Prediction error: Prediction failed
2026-02-10 21:19:13,963 - Factify - INFO - Application starting up...
2026-02-10 21:19:13,964 - Factify - INFO - Application shutting down...
2026-02-10 21:19:13,978 - Factify - INFO - Loading data from files...
2026-02-10 21:19:13,985 - Factify - INFO - Removing 1 duplicate entries
2026-02-10 21:19:13,988 - Factify - INFO - Data loaded successfully: 2 rows and 4 columns
2026-02-10 21:19:13,992 - Factify - INFO - Loading data from files...
2026-02-10 21:19:13,993 - Factify - ERROR - Error loading data: [Errno 2] No such file or directory: 'non_existent.csv'
2026-02-10 21:19:14,049 - Factify - INFO - Cleaning text data...
2026-02-10 21:19:14,051 - Factify - INFO - Text data cleaned successfully
2026-02-10 21:19:14,053 - Factify - INFO - Cleaning text data...
2026-02-10 21:19:14,054 - Factify - ERROR - Error cleaning dataframe: 'NoneType' object is not subscriptable
2026-02-10 21:19:14,893 - Factify - WARNING - Model file not found at path
2026-02-10 21:19:14,893 - Factify - WARNING - Tokenizer file not found at path
2026-02-10 21:19:14,896 - Factify - WARNING - Model file not found at bad_path
2026-02-10 21:19:14,896 - Factify - WARNING - Tokenizer file not found at bad_path
2026-02-10 21:19:14,897 - Factify - INFO - Making prediction for text: test...
2026-02-10 21:19:14,897 - Factify - INFO - Text preprocessing and padding successful
2026-02-10 21:19:14,898 - Factify - INFO - Calling model.predict on shape (1, 100) with dtype int32...
2026-02-10 21:19:14,898 - Factify - ERROR - Model prediction failed: 'NoneType' object has no attribute 'predict'
2026-02-10 21:19:14,906 - Factify - WARNING - Model file not found at p
2026-02-10 21:19:14,906 - Factify - WARNING - Tokenizer file not found at t
2026-02-10 21:19:14,907 - Factify - ERROR - Error preprocessing text for prediction: Tokenizer not loaded
2026-02-10 21:19:14,914 - Factify - WARNING - Model file not found at C:\Users\emon1\Desktop\zzz\Factify\models\saved_models\fake_news_detector.h5
2026-02-10 21:19:14,914 - Factify - WARNING - Tokenizer file not found at C:\Users\emon1\Desktop\zzz\Factify\models\saved_models\tokenizer.pickle
2026-02-10 21:19:14,917 - Factify - WARNING - Model file not found at dummy
2026-02-10 21:19:14,918 - Factify - WARNING - Tokenizer file not found at dummy
2026-02-10 21:19:14,920 - Factify - INFO - Making prediction for text: test...
2026-02-10 21:19:14,920 - Factify - INFO - Text preprocessing and padding successful
2026-02-10 21:19:14,921 - Factify - INFO - Calling model.predict on shape (1, 100) with dtype int32...
2026-02-10 21:19:14,922 - Factify - INFO - Raw prediction result: [[0.9]]
2026-02-10 21:19:14,923 - Factify - INFO - Prediction: REAL (probability: 0.9000)
2026-02-10 21:19:14,926 - Factify - WARNING - Model file not found at p
2026-02-10 21:19:14,926 - Factify - WARNING - Tokenizer file not found at t
2026-02-10 21:19:14,930 - Factify - INFO - Tokenizing texts with vocab_size=100, max_length=100...
2026-02-10 21:19:14,931 - Factify - INFO - Tokenization and padding completed successfully
2026-02-10 21:19:14,933 - Factify - INFO - Tokenizing texts with vocab_size=10000, max_length=100...
2026-02-10 21:19:14,933 - Factify - ERROR - Error in tokenization process: 'NoneType' object is not iterable
2026-02-10 21:19:14,935 - Factify - INFO - Preparing data for model training...
2026-02-10 21:19:14,936 - Factify - INFO - Tokenizing texts with vocab_size=10000, max_length=100...
2026-02-10 21:19:14,937 - Factify - INFO - Tokenization and padding completed successfully
2026-02-10 21:19:14,938 - Factify - INFO - Data prepared: X_train shape=(1, 100), X_test shape=(1, 100)
2026-02-10 21:19:14,941 - Factify - INFO - Preparing data for model training...
2026-02-10 21:19:14,942 - Factify - ERROR - Error preparing data: DataFrame must contain 'clean_text' column
2026-02-10 21:19:14,944 - Factify - INFO - Building LSTM-GRU model with vocab_size=100, embedding_dim=100...
2026-02-10 21:19:14,975 - Factify - INFO - LSTM-GRU model built successfully
2026-02-10 21:19:14,980 - Factify - INFO - Building LSTM-GRU model with vocab_size=100, embedding_dim=100...
2026-02-10 21:19:15,008 - Factify - ERROR - Error building model: Build error
2026-02-10 21:19:15,022 - Factify - INFO - Training model for 1 epochs with batch_size=64...
2026-02-10 21:19:15,023 - Factify - INFO - Model training completed successfully
2026-02-10 21:19:15,027 - Factify - INFO - Training model for 5 epochs with batch_size=64...
2026-02-10 21:19:15,028 - Factify - ERROR - Error training model: 'NoneType' object has no attribute 'fit'
2026-02-10 21:19:15,034 - Factify - INFO - Model saved to model_path.h5
2026-02-10 21:19:15,036 - Factify - ERROR - Error saving model: expected str, bytes or os.PathLike object, not NoneType
2026-02-10 21:19:34,797 - Factify - INFO - Application shutting down...
2026-02-10 21:19:40,673 - Factify - INFO - Loading model from C:\Users\emon1\Desktop\zzz\Factify\models\saved_models\fake_news_detector.h5
2026-02-10 21:19:40,796 - Factify - INFO - Model loaded successfully
2026-02-10 21:19:40,797 - Factify - INFO - Loading tokenizer from C:\Users\emon1\Desktop\zzz\Factify\models\saved_models\tokenizer.pickle
2026-02-10 21:19:40,997 - Factify - INFO - Tokenizer loaded successfully
2026-02-10 21:19:41,005 - Factify - INFO - Application starting up...
2026-02-10 21:19:48,891 - Factify - INFO - Loading model from C:\Users\emon1\Desktop\zzz\Factify\models\saved_models\fake_news_detector.h5
2026-02-10 21:19:49,042 - Factify - INFO - Model loaded successfully
2026-02-10 21:19:49,042 - Factify - INFO - Loading tokenizer from C:\Users\emon1\Desktop\zzz\Factify\models\saved_models\tokenizer.pickle
2026-02-10 21:19:49,227 - Factify - INFO - Tokenizer loaded successfully
2026-02-10 21:19:49,940 - Factify - INFO - Received prediction request for text length: 9
2026-02-10 21:19:49,948 - Factify - INFO - Received prediction request for text length: 10
2026-02-10 21:19:49,948 - Factify - ERROR - Prediction error: Prediction failed
2026-02-10 21:19:49,957 - Factify - INFO - Application starting up...
2026-02-10 21:19:49,958 - Factify - INFO - Application shutting down...
2026-02-10 21:19:49,973 - Factify - INFO - Loading data from files...
2026-02-10 21:19:49,982 - Factify - INFO - Removing 1 duplicate entries
2026-02-10 21:19:49,985 - Factify - INFO - Data loaded successfully: 2 rows and 4 columns
2026-02-10 21:19:49,988 - Factify - INFO - Loading data from files...
2026-02-10 21:19:49,989 - Factify - ERROR - Error loading data: [Errno 2] No such file or directory: 'non_existent.csv'
2026-02-10 21:19:50,049 - Factify - INFO - Cleaning text data...
2026-02-10 21:19:50,051 - Factify - INFO - Text data cleaned successfully
2026-02-10 21:19:50,056 - Factify - INFO - Cleaning text data...
2026-02-10 21:19:50,056 - Factify - ERROR - Error cleaning dataframe: 'NoneType' object is not subscriptable
2026-02-10 21:19:50,940 - Factify - WARNING - Model file not found at path
2026-02-10 21:19:50,940 - Factify - WARNING - Tokenizer file not found at path
2026-02-10 21:19:50,942 - Factify - WARNING - Model file not found at bad_path
2026-02-10 21:19:50,943 - Factify - WARNING - Tokenizer file not found at bad_path
2026-02-10 21:19:50,944 - Factify - INFO - Making prediction for text: test...
2026-02-10 21:19:50,944 - Factify - INFO - Text preprocessing and padding successful
2026-02-10 21:19:50,944 - Factify - INFO - Calling model.predict on shape (1, 100) with dtype int32...
2026-02-10 21:19:50,945 - Factify - ERROR - Model prediction failed: 'NoneType' object has no attribute 'predict'
2026-02-10 21:19:50,953 - Factify - WARNING - Model file not found at p
2026-02-10 21:19:50,953 - Factify - WARNING - Tokenizer file not found at t
2026-02-10 21:19:50,953 - Factify - ERROR - Error preprocessing text for prediction: Tokenizer not loaded
2026-02-10 21:19:50,961 - Factify - WARNING - Model file not found at C:\Users\emon1\Desktop\zzz\Factify\models\saved_models\fake_news_detector.h5
2026-02-10 21:19:50,961 - Factify - WARNING - Tokenizer file not found at C:\Users\emon1\Desktop\zzz\Factify\models\saved_models\tokenizer.pickle
2026-02-10 21:19:50,963 - Factify - WARNING - Model file not found at dummy
2026-02-10 21:19:50,964 - Factify - WARNING - Tokenizer file not found at dummy
2026-02-10 21:19:50,966 - Factify - INFO - Making prediction for text: test...
2026-02-10 21:19:50,967 - Factify - INFO - Text preprocessing and padding successful
2026-02-10 21:19:50,967 - Factify - INFO - Calling model.predict on shape (1, 100) with dtype int32...
2026-02-10 21:19:50,969 - Factify - INFO - Raw prediction result: [[0.9]]
2026-02-10 21:19:50,969 - Factify - INFO - Prediction: REAL (probability: 0.9000)
2026-02-10 21:19:50,972 - Factify - WARNING - Model file not found at p
2026-02-10 21:19:50,972 - Factify - WARNING - Tokenizer file not found at t
2026-02-10 21:19:50,976 - Factify - INFO - Tokenizing texts with vocab_size=100, max_length=100...
2026-02-10 21:19:50,977 - Factify - INFO - Tokenization and padding completed successfully
2026-02-10 21:19:50,979 - Factify - INFO - Tokenizing texts with vocab_size=10000, max_length=100...
2026-02-10 21:19:50,979 - Factify - ERROR - Error in tokenization process: 'NoneType' object is not iterable
2026-02-10 21:19:50,981 - Factify - INFO - Preparing data for model training...
2026-02-10 21:19:50,983 - Factify - INFO - Tokenizing texts with vocab_size=10000, max_length=100...
2026-02-10 21:19:50,983 - Factify - INFO - Tokenization and padding completed successfully
2026-02-10 21:19:50,985 - Factify - INFO - Data prepared: X_train shape=(1, 100), X_test shape=(1, 100)
2026-02-10 21:19:50,988 - Factify - INFO - Preparing data for model training...
2026-02-10 21:19:50,989 - Factify - ERROR - Error preparing data: DataFrame must contain 'clean_text' column
2026-02-10 21:19:50,991 - Factify - INFO - Building LSTM-GRU model with vocab_size=100, embedding_dim=100...
2026-02-10 21:19:51,012 - Factify - INFO - LSTM-GRU model built successfully
2026-02-10 21:19:51,016 - Factify - INFO - Building LSTM-GRU model with vocab_size=100, embedding_dim=100...
2026-02-10 21:19:51,032 - Factify - ERROR - Error building model: Build error
2026-02-10 21:19:51,038 - Factify - INFO - Training model for 1 epochs with batch_size=64...
2026-02-10 21:19:51,039 - Factify - INFO - Model training completed successfully
2026-02-10 21:19:51,043 - Factify - INFO - Training model for 5 epochs with batch_size=64...
2026-02-10 21:19:51,044 - Factify - ERROR - Error training model: 'NoneType' object has no attribute 'fit'
2026-02-10 21:19:51,049 - Factify - INFO - Model saved to model_path.h5
2026-02-10 21:19:51,051 - Factify - ERROR - Error saving model: expected str, bytes or os.PathLike object, not NoneType
2026-02-10 21:19:51,061 - Factify - INFO - Model saved to model.h5
2026-02-10 21:19:51,063 - Factify - INFO - Tokenizer saved to tok.pickle
2026-02-10 21:21:45,193 - Factify - INFO - Loading model from C:\Users\emon1\Desktop\zzz\Factify\models\saved_models\fake_news_detector.h5
2026-02-10 21:21:45,342 - Factify - INFO - Model loaded successfully
2026-02-10 21:21:45,344 - Factify - INFO - Loading tokenizer from C:\Users\emon1\Desktop\zzz\Factify\models\saved_models\tokenizer.pickle
2026-02-10 21:21:45,525 - Factify - INFO - Tokenizer loaded successfully
2026-02-10 21:21:46,266 - Factify - INFO - Received prediction request for text length: 9
2026-02-10 21:21:46,273 - Factify - INFO - Received prediction request for text length: 10
2026-02-10 21:21:46,274 - Factify - ERROR - Prediction error: Prediction failed
2026-02-10 21:21:46,283 - Factify - INFO - Application starting up...
2026-02-10 21:21:46,284 - Factify - INFO - Application shutting down...
2026-02-10 21:21:46,301 - Factify - INFO - Loading data from files...
2026-02-10 21:21:46,310 - Factify - INFO - Removing 1 duplicate entries
2026-02-10 21:21:46,313 - Factify - INFO - Data loaded successfully: 2 rows and 4 columns
2026-02-10 21:21:46,316 - Factify - INFO - Loading data from files...
2026-02-10 21:21:46,316 - Factify - ERROR - Error loading data: [Errno 2] No such file or directory: 'non_existent.csv'
2026-02-10 21:21:46,373 - Factify - INFO - Cleaning text data...
2026-02-10 21:21:46,375 - Factify - INFO - Text data cleaned successfully
2026-02-10 21:21:46,377 - Factify - INFO - Cleaning text data...
2026-02-10 21:21:46,377 - Factify - ERROR - Error cleaning dataframe: 'NoneType' object is not subscriptable
2026-02-10 21:21:47,235 - Factify - WARNING - Model file not found at path
2026-02-10 21:21:47,236 - Factify - WARNING - Tokenizer file not found at path
2026-02-10 21:21:47,238 - Factify - WARNING - Model file not found at bad_path
2026-02-10 21:21:47,238 - Factify - WARNING - Tokenizer file not found at bad_path
2026-02-10 21:21:47,239 - Factify - INFO - Making prediction for text: test...
2026-02-10 21:21:47,240 - Factify - INFO - Text preprocessing and padding successful
2026-02-10 21:21:47,240 - Factify - INFO - Calling model.predict on shape (1, 100) with dtype int32...
2026-02-10 21:21:47,240 - Factify - ERROR - Model prediction failed: 'NoneType' object has no attribute 'predict'
2026-02-10 21:21:47,248 - Factify - WARNING - Model file not found at p
2026-02-10 21:21:47,248 - Factify - WARNING - Tokenizer file not found at t
2026-02-10 21:21:47,249 - Factify - ERROR - Error preprocessing text for prediction: Tokenizer not loaded
2026-02-10 21:21:47,257 - Factify - WARNING - Model file not found at C:\Users\emon1\Desktop\zzz\Factify\models\saved_models\fake_news_detector.h5
2026-02-10 21:21:47,257 - Factify - WARNING - Tokenizer file not found at C:\Users\emon1\Desktop\zzz\Factify\models\saved_models\tokenizer.pickle
2026-02-10 21:21:47,259 - Factify - WARNING - Model file not found at dummy
2026-02-10 21:21:47,260 - Factify - WARNING - Tokenizer file not found at dummy
2026-02-10 21:21:47,262 - Factify - INFO - Making prediction for text: test...
2026-02-10 21:21:47,263 - Factify - INFO - Text preprocessing and padding successful
2026-02-10 21:21:47,263 - Factify - INFO - Calling model.predict on shape (1, 100) with dtype int32...
2026-02-10 21:21:47,264 - Factify - INFO - Raw prediction result: [[0.9]]
2026-02-10 21:21:47,264 - Factify - INFO - Prediction: REAL (probability: 0.9000)
2026-02-10 21:21:47,267 - Factify - WARNING - Model file not found at p
2026-02-10 21:21:47,267 - Factify - WARNING - Tokenizer file not found at t
2026-02-10 21:21:47,271 - Factify - INFO - Tokenizing texts with vocab_size=100, max_length=100...
2026-02-10 21:21:47,271 - Factify - INFO - Tokenization and padding completed successfully
2026-02-10 21:21:47,273 - Factify - INFO - Tokenizing texts with vocab_size=10000, max_length=100...
2026-02-10 21:21:47,274 - Factify - ERROR - Error in tokenization process: 'NoneType' object is not iterable
2026-02-10 21:21:47,276 - Factify - INFO - Preparing data for model training...
2026-02-10 21:21:47,277 - Factify - INFO - Tokenizing texts with vocab_size=10000, max_length=100...
2026-02-10 21:21:47,277 - Factify - INFO - Tokenization and padding completed successfully
2026-02-10 21:21:47,279 - Factify - INFO - Data prepared: X_train shape=(1, 100), X_test shape=(1, 100)
2026-02-10 21:21:47,281 - Factify - INFO - Preparing data for model training...
2026-02-10 21:21:47,281 - Factify - ERROR - Error preparing data: DataFrame must contain 'clean_text' column
2026-02-10 21:21:47,283 - Factify - INFO - Building LSTM-GRU model with vocab_size=100, embedding_dim=100...
2026-02-10 21:21:47,304 - Factify - INFO - LSTM-GRU model built successfully
2026-02-10 21:21:47,307 - Factify - INFO - Building LSTM-GRU model with vocab_size=100, embedding_dim=100...
2026-02-10 21:21:47,323 - Factify - ERROR - Error building model: Build error
2026-02-10 21:21:47,328 - Factify - INFO - Training model for 1 epochs with batch_size=64...
2026-02-10 21:21:47,329 - Factify - INFO - Model training completed successfully
2026-02-10 21:21:47,332 - Factify - INFO - Training model for 5 epochs with batch_size=64...
2026-02-10 21:21:47,333 - Factify - ERROR - Error training model: 'NoneType' object has no attribute 'fit'
2026-02-10 21:21:47,339 - Factify - INFO - Model saved to model_path.h5
2026-02-10 21:21:47,342 - Factify - ERROR - Error saving model: expected str, bytes or os.PathLike object, not NoneType
2026-02-10 21:21:47,351 - Factify - INFO - Model saved to model.h5
2026-02-10 21:21:47,353 - Factify - INFO - Tokenizer saved to tok.pickle
2026-02-10 21:22:08,366 - Factify - INFO - Loading model from C:\Users\emon1\Desktop\zzz\Factify\models\saved_models\fake_news_detector.h5
2026-02-10 21:22:08,568 - Factify - INFO - Model loaded successfully
2026-02-10 21:22:08,568 - Factify - INFO - Loading tokenizer from C:\Users\emon1\Desktop\zzz\Factify\models\saved_models\tokenizer.pickle
2026-02-10 21:22:08,752 - Factify - INFO - Tokenizer loaded successfully
2026-02-10 21:22:09,466 - Factify - INFO - Received prediction request for text length: 9
2026-02-10 21:22:09,474 - Factify - INFO - Received prediction request for text length: 10
2026-02-10 21:22:09,475 - Factify - ERROR - Prediction error: Prediction failed
2026-02-10 21:22:09,485 - Factify - INFO - Application starting up...
2026-02-10 21:22:09,486 - Factify - INFO - Application shutting down...
2026-02-10 21:22:09,503 - Factify - INFO - Loading data from files...
2026-02-10 21:22:09,509 - Factify - INFO - Removing 1 duplicate entries
2026-02-10 21:22:09,513 - Factify - INFO - Data loaded successfully: 2 rows and 4 columns
2026-02-10 21:22:09,516 - Factify - INFO - Loading data from files...
2026-02-10 21:22:09,517 - Factify - ERROR - Error loading data: [Errno 2] No such file or directory: 'non_existent.csv'
2026-02-10 21:22:09,576 - Factify - INFO - Cleaning text data...
2026-02-10 21:22:09,579 - Factify - INFO - Text data cleaned successfully
2026-02-10 21:22:09,581 - Factify - INFO - Cleaning text data...
2026-02-10 21:22:09,582 - Factify - ERROR - Error cleaning dataframe: 'NoneType' object is not subscriptable
2026-02-10 21:22:10,421 - Factify - WARNING - Model file not found at path
2026-02-10 21:22:10,421 - Factify - WARNING - Tokenizer file not found at path
2026-02-10 21:22:10,423 - Factify - WARNING - Model file not found at bad_path
2026-02-10 21:22:10,424 - Factify - WARNING - Tokenizer file not found at bad_path
2026-02-10 21:22:10,424 - Factify - INFO - Making prediction for text: test...
2026-02-10 21:22:10,425 - Factify - INFO - Text preprocessing and padding successful
2026-02-10 21:22:10,426 - Factify - INFO - Calling model.predict on shape (1, 100) with dtype int32...
2026-02-10 21:22:10,426 - Factify - ERROR - Model prediction failed: 'NoneType' object has no attribute 'predict'
2026-02-10 21:22:10,434 - Factify - WARNING - Model file not found at p
2026-02-10 21:22:10,434 - Factify - WARNING - Tokenizer file not found at t
2026-02-10 21:22:10,435 - Factify - ERROR - Error preprocessing text for prediction: Tokenizer not loaded
2026-02-10 21:22:10,443 - Factify - WARNING - Model file not found at C:\Users\emon1\Desktop\zzz\Factify\models\saved_models\fake_news_detector.h5
2026-02-10 21:22:10,443 - Factify - WARNING - Tokenizer file not found at C:\Users\emon1\Desktop\zzz\Factify\models\saved_models\tokenizer.pickle
2026-02-10 21:22:10,446 - Factify - WARNING - Model file not found at dummy
2026-02-10 21:22:10,447 - Factify - WARNING - Tokenizer file not found at dummy
2026-02-10 21:22:10,449 - Factify - INFO - Making prediction for text: test...
2026-02-10 21:22:10,450 - Factify - INFO - Text preprocessing and padding successful
2026-02-10 21:22:10,451 - Factify - INFO - Calling model.predict on shape (1, 100) with dtype int32...
2026-02-10 21:22:10,452 - Factify - INFO - Raw prediction result: [[0.9]]
2026-02-10 21:22:10,452 - Factify - INFO - Prediction: REAL (probability: 0.9000)
2026-02-10 21:22:10,455 - Factify - WARNING - Model file not found at p
2026-02-10 21:22:10,456 - Factify - WARNING - Tokenizer file not found at t
2026-02-10 21:22:10,461 - Factify - INFO - Tokenizing texts with vocab_size=100, max_length=100...
2026-02-10 21:22:10,462 - Factify - INFO - Tokenization and padding completed successfully
2026-02-10 21:22:10,466 - Factify - INFO - Tokenizing texts with vocab_size=10000, max_length=100...
2026-02-10 21:22:10,467 - Factify - ERROR - Error in tokenization process: 'NoneType' object is not iterable
2026-02-10 21:22:10,471 - Factify - INFO - Preparing data for model training...
2026-02-10 21:22:10,472 - Factify - INFO - Tokenizing texts with vocab_size=10000, max_length=100...
2026-02-10 21:22:10,472 - Factify - INFO - Tokenization and padding completed successfully
2026-02-10 21:22:10,474 - Factify - INFO - Data prepared: X_train shape=(1, 100), X_test shape=(1, 100)
2026-02-10 21:22:10,477 - Factify - INFO - Preparing data for model training...
2026-02-10 21:22:10,478 - Factify - ERROR - Error preparing data: DataFrame must contain 'clean_text' column
2026-02-10 21:22:10,480 - Factify - INFO - Building LSTM-GRU model with vocab_size=100, embedding_dim=100...
2026-02-10 21:22:10,501 - Factify - INFO - LSTM-GRU model built successfully
2026-02-10 21:22:10,505 - Factify - INFO - Building LSTM-GRU model with vocab_size=100, embedding_dim=100...
2026-02-10 21:22:10,562 - Factify - ERROR - Error building model: Build error
2026-02-10 21:22:10,570 - Factify - INFO - Training model for 1 epochs with batch_size=64...
2026-02-10 21:22:10,571 - Factify - INFO - Model training completed successfully
2026-02-10 21:22:10,574 - Factify - INFO - Training model for 5 epochs with batch_size=64...
2026-02-10 21:22:10,575 - Factify - ERROR - Error training model: 'NoneType' object has no attribute 'fit'
2026-02-10 21:22:10,583 - Factify - INFO - Model saved to model_path.h5
2026-02-10 21:22:10,586 - Factify - ERROR - Error saving model: expected str, bytes or os.PathLike object, not NoneType
2026-02-10 21:22:10,595 - Factify - INFO - Model saved to model.h5
2026-02-10 21:22:10,597 - Factify - INFO - Tokenizer saved to tok.pickle
2026-02-10 21:22:26,733 - Factify - INFO - Loading model from C:\Users\emon1\Desktop\zzz\Factify\models\saved_models\fake_news_detector.h5
2026-02-10 21:22:26,884 - Factify - INFO - Model loaded successfully
2026-02-10 21:22:26,885 - Factify - INFO - Loading tokenizer from C:\Users\emon1\Desktop\zzz\Factify\models\saved_models\tokenizer.pickle
2026-02-10 21:22:27,060 - Factify - INFO - Tokenizer loaded successfully
2026-02-10 21:22:27,813 - Factify - INFO - Received prediction request for text length: 9
2026-02-10 21:22:27,820 - Factify - INFO - Received prediction request for text length: 10
2026-02-10 21:22:27,821 - Factify - ERROR - Prediction error: Prediction failed
2026-02-10 21:22:27,830 - Factify - INFO - Application starting up...
2026-02-10 21:22:27,832 - Factify - INFO - Application shutting down...
2026-02-10 21:22:27,848 - Factify - INFO - Loading data from files...
2026-02-10 21:22:27,855 - Factify - INFO - Removing 1 duplicate entries
2026-02-10 21:22:27,858 - Factify - INFO - Data loaded successfully: 2 rows and 4 columns
2026-02-10 21:22:27,862 - Factify - INFO - Loading data from files...
2026-02-10 21:22:27,862 - Factify - ERROR - Error loading data: [Errno 2] No such file or directory: 'non_existent.csv'
2026-02-10 21:22:27,920 - Factify - INFO - Cleaning text data...
2026-02-10 21:22:27,922 - Factify - INFO - Text data cleaned successfully
2026-02-10 21:22:27,924 - Factify - INFO - Cleaning text data...
2026-02-10 21:22:27,925 - Factify - ERROR - Error cleaning dataframe: 'NoneType' object is not subscriptable
2026-02-10 21:22:28,906 - Factify - WARNING - Model file not found at path
2026-02-10 21:22:28,906 - Factify - WARNING - Tokenizer file not found at path
2026-02-10 21:22:28,908 - Factify - WARNING - Model file not found at bad_path
2026-02-10 21:22:28,909 - Factify - WARNING - Tokenizer file not found at bad_path
2026-02-10 21:22:28,909 - Factify - INFO - Making prediction for text: test...
2026-02-10 21:22:28,910 - Factify - INFO - Text preprocessing and padding successful
2026-02-10 21:22:28,911 - Factify - INFO - Calling model.predict on shape (1, 100) with dtype int32...
2026-02-10 21:22:28,911 - Factify - ERROR - Model prediction failed: 'NoneType' object has no attribute 'predict'
2026-02-10 21:22:28,919 - Factify - WARNING - Model file not found at p
2026-02-10 21:22:28,920 - Factify - WARNING - Tokenizer file not found at t
2026-02-10 21:22:28,920 - Factify - ERROR - Error preprocessing text for prediction: Tokenizer not loaded
2026-02-10 21:22:28,927 - Factify - WARNING - Model file not found at C:\Users\emon1\Desktop\zzz\Factify\models\saved_models\fake_news_detector.h5
2026-02-10 21:22:28,928 - Factify - WARNING - Tokenizer file not found at C:\Users\emon1\Desktop\zzz\Factify\models\saved_models\tokenizer.pickle
2026-02-10 21:22:28,930 - Factify - WARNING - Model file not found at dummy
2026-02-10 21:22:28,931 - Factify - WARNING - Tokenizer file not found at dummy
2026-02-10 21:22:28,934 - Factify - INFO - Making prediction for text: test...
2026-02-10 21:22:28,935 - Factify - INFO - Text preprocessing and padding successful
2026-02-10 21:22:28,935 - Factify - INFO - Calling model.predict on shape (1, 100) with dtype int32...
2026-02-10 21:22:28,936 - Factify - INFO - Raw prediction result: [[0.9]]
2026-02-10 21:22:28,937 - Factify - INFO - Prediction: REAL (probability: 0.9000)
2026-02-10 21:22:28,940 - Factify - WARNING - Model file not found at p
2026-02-10 21:22:28,941 - Factify - WARNING - Tokenizer file not found at t
2026-02-10 21:22:28,945 - Factify - INFO - Tokenizing texts with vocab_size=100, max_length=100...
2026-02-10 21:22:28,946 - Factify - INFO - Tokenization and padding completed successfully
2026-02-10 21:22:28,949 - Factify - INFO - Tokenizing texts with vocab_size=10000, max_length=100...
2026-02-10 21:22:28,949 - Factify - ERROR - Error in tokenization process: 'NoneType' object is not iterable
2026-02-10 21:22:28,952 - Factify - INFO - Preparing data for model training...
2026-02-10 21:22:28,953 - Factify - INFO - Tokenizing texts with vocab_size=10000, max_length=100...
2026-02-10 21:22:28,953 - Factify - INFO - Tokenization and padding completed successfully
2026-02-10 21:22:28,955 - Factify - INFO - Data prepared: X_train shape=(1, 100), X_test shape=(1, 100)
2026-02-10 21:22:28,958 - Factify - INFO - Preparing data for model training...
2026-02-10 21:22:28,959 - Factify - ERROR - Error preparing data: DataFrame must contain 'clean_text' column
2026-02-10 21:22:28,962 - Factify - INFO - Building LSTM-GRU model with vocab_size=100, embedding_dim=100...
2026-02-10 21:22:28,986 - Factify - INFO - LSTM-GRU model built successfully
2026-02-10 21:22:28,989 - Factify - INFO - Building LSTM-GRU model with vocab_size=100, embedding_dim=100...
2026-02-10 21:22:29,009 - Factify - ERROR - Error building model: Build error
2026-02-10 21:22:29,014 - Factify - INFO - Training model for 1 epochs with batch_size=64...
2026-02-10 21:22:29,016 - Factify - INFO - Model training completed successfully
2026-02-10 21:22:29,019 - Factify - INFO - Training model for 5 epochs with batch_size=64...
2026-02-10 21:22:29,020 - Factify - ERROR - Error training model: 'NoneType' object has no attribute 'fit'
2026-02-10 21:22:29,025 - Factify - INFO - Model saved to model_path.h5
2026-02-10 21:22:29,028 - Factify - ERROR - Error saving model: expected str, bytes or os.PathLike object, not NoneType
2026-02-10 21:22:29,036 - Factify - INFO - Model saved to model.h5
2026-02-10 21:22:29,038 - Factify - INFO - Tokenizer saved to tok.pickle
2026-02-10 21:22:46,500 - Factify - INFO - Loading model from C:\Users\emon1\Desktop\zzz\Factify\models\saved_models\fake_news_detector.h5
2026-02-10 21:22:46,666 - Factify - INFO - Model loaded successfully
2026-02-10 21:22:46,666 - Factify - INFO - Loading tokenizer from C:\Users\emon1\Desktop\zzz\Factify\models\saved_models\tokenizer.pickle
2026-02-10 21:22:46,848 - Factify - INFO - Tokenizer loaded successfully
2026-02-10 21:22:47,540 - Factify - INFO - Received prediction request for text length: 9
2026-02-10 21:22:47,550 - Factify - INFO - Received prediction request for text length: 10
2026-02-10 21:22:47,551 - Factify - ERROR - Prediction error: Prediction failed
2026-02-10 21:22:47,559 - Factify - INFO - Application starting up...
2026-02-10 21:22:47,561 - Factify - INFO - Application shutting down...
2026-02-10 21:22:47,577 - Factify - INFO - Loading data from files...
2026-02-10 21:22:47,589 - Factify - INFO - Removing 1 duplicate entries
2026-02-10 21:22:47,592 - Factify - INFO - Data loaded successfully: 2 rows and 4 columns
2026-02-10 21:22:47,596 - Factify - INFO - Loading data from files...
2026-02-10 21:22:47,597 - Factify - ERROR - Error loading data: [Errno 2] No such file or directory: 'non_existent.csv'
2026-02-10 21:22:47,707 - Factify - INFO - Cleaning text data...
2026-02-10 21:22:47,711 - Factify - INFO - Text data cleaned successfully
2026-02-10 21:22:47,714 - Factify - INFO - Cleaning text data...
2026-02-10 21:22:47,714 - Factify - ERROR - Error cleaning dataframe: 'NoneType' object is not subscriptable
2026-02-10 21:22:48,579 - Factify - WARNING - Model file not found at path
2026-02-10 21:22:48,579 - Factify - WARNING - Tokenizer file not found at path
2026-02-10 21:22:48,581 - Factify - WARNING - Model file not found at bad_path
2026-02-10 21:22:48,582 - Factify - WARNING - Tokenizer file not found at bad_path
2026-02-10 21:22:48,583 - Factify - INFO - Making prediction for text: test...
2026-02-10 21:22:48,583 - Factify - INFO - Text preprocessing and padding successful
2026-02-10 21:22:48,584 - Factify - INFO - Calling model.predict on shape (1, 100) with dtype int32...
2026-02-10 21:22:48,584 - Factify - ERROR - Model prediction failed: 'NoneType' object has no attribute 'predict'
2026-02-10 21:22:48,593 - Factify - WARNING - Model file not found at p
2026-02-10 21:22:48,593 - Factify - WARNING - Tokenizer file not found at t
2026-02-10 21:22:48,593 - Factify - ERROR - Error preprocessing text for prediction: Tokenizer not loaded
2026-02-10 21:22:48,601 - Factify - WARNING - Model file not found at C:\Users\emon1\Desktop\zzz\Factify\models\saved_models\fake_news_detector.h5
2026-02-10 21:22:48,602 - Factify - WARNING - Tokenizer file not found at C:\Users\emon1\Desktop\zzz\Factify\models\saved_models\tokenizer.pickle
2026-02-10 21:22:48,604 - Factify - WARNING - Model file not found at dummy
2026-02-10 21:22:48,604 - Factify - WARNING - Tokenizer file not found at dummy
2026-02-10 21:22:48,607 - Factify - INFO - Making prediction for text: test...
2026-02-10 21:22:48,607 - Factify - INFO - Text preprocessing and padding successful
2026-02-10 21:22:48,608 - Factify - INFO - Calling model.predict on shape (1, 100) with dtype int32...
2026-02-10 21:22:48,609 - Factify - INFO - Raw prediction result: [[0.9]]
2026-02-10 21:22:48,609 - Factify - INFO - Prediction: REAL (probability: 0.9000)
2026-02-10 21:22:48,612 - Factify - WARNING - Model file not found at p
2026-02-10 21:22:48,612 - Factify - WARNING - Tokenizer file not found at t
2026-02-10 21:22:48,616 - Factify - INFO - Tokenizing texts with vocab_size=100, max_length=100...
2026-02-10 21:22:48,617 - Factify - INFO - Tokenization and padding completed successfully
2026-02-10 21:22:48,619 - Factify - INFO - Tokenizing texts with vocab_size=10000, max_length=100...
2026-02-10 21:22:48,619 - Factify - ERROR - Error in tokenization process: 'NoneType' object is not iterable
2026-02-10 21:22:48,622 - Factify - INFO - Preparing data for model training...
2026-02-10 21:22:48,623 - Factify - INFO - Tokenizing texts with vocab_size=10000, max_length=100...
2026-02-10 21:22:48,623 - Factify - INFO - Tokenization and padding completed successfully
2026-02-10 21:22:48,625 - Factify - INFO - Data prepared: X_train shape=(1, 100), X_test shape=(1, 100)
2026-02-10 21:22:48,627 - Factify - INFO - Preparing data for model training...
2026-02-10 21:22:48,628 - Factify - ERROR - Error preparing data: DataFrame must contain 'clean_text' column
2026-02-10 21:22:48,630 - Factify - INFO - Building LSTM-GRU model with vocab_size=100, embedding_dim=100...
2026-02-10 21:22:48,650 - Factify - INFO - LSTM-GRU model built successfully
2026-02-10 21:22:48,652 - Factify - INFO - Building LSTM-GRU model with vocab_size=100, embedding_dim=100...
2026-02-10 21:22:48,668 - Factify - ERROR - Error building model: Build error
2026-02-10 21:22:48,673 - Factify - INFO - Training model for 1 epochs with batch_size=64...
2026-02-10 21:22:48,674 - Factify - INFO - Model training completed successfully
2026-02-10 21:22:48,678 - Factify - INFO - Training model for 5 epochs with batch_size=64...
2026-02-10 21:22:48,679 - Factify - ERROR - Error training model: 'NoneType' object has no attribute 'fit'
2026-02-10 21:22:48,688 - Factify - INFO - Model saved to model_path.h5
2026-02-10 21:22:48,693 - Factify - ERROR - Error saving model: expected str, bytes or os.PathLike object, not NoneType
2026-02-10 21:22:48,702 - Factify - INFO - Model saved to model.h5
2026-02-10 21:22:48,704 - Factify - INFO - Tokenizer saved to tok.pickle
2026-02-10 21:23:06,081 - Factify - INFO - Application shutting down...
2026-02-10 21:23:12,428 - Factify - INFO - Loading model from C:\Users\emon1\Desktop\zzz\Factify\models\saved_models\fake_news_detector.h5
2026-02-10 21:23:12,554 - Factify - INFO - Model loaded successfully
2026-02-10 21:23:12,555 - Factify - INFO - Loading tokenizer from C:\Users\emon1\Desktop\zzz\Factify\models\saved_models\tokenizer.pickle
2026-02-10 21:23:12,768 - Factify - INFO - Tokenizer loaded successfully
2026-02-10 21:23:12,772 - Factify - INFO - Application starting up...
2026-02-10 21:23:18,011 - Factify - INFO - Loading model from C:\Users\emon1\Desktop\zzz\Factify\models\saved_models\fake_news_detector.h5
2026-02-10 21:23:18,167 - Factify - INFO - Model loaded successfully
2026-02-10 21:23:18,167 - Factify - INFO - Loading tokenizer from C:\Users\emon1\Desktop\zzz\Factify\models\saved_models\tokenizer.pickle
2026-02-10 21:23:18,348 - Factify - INFO - Tokenizer loaded successfully
2026-02-10 21:23:19,101 - Factify - INFO - Received prediction request for text length: 9
2026-02-10 21:23:19,115 - Factify - INFO - Received prediction request for text length: 10
2026-02-10 21:23:19,116 - Factify - ERROR - Prediction error: Prediction failed
2026-02-10 21:23:19,125 - Factify - INFO - Application starting up...
2026-02-10 21:23:19,126 - Factify - INFO - Application shutting down...
2026-02-10 21:23:19,148 - Factify - INFO - Loading data from files...
2026-02-10 21:23:19,154 - Factify - INFO - Removing 1 duplicate entries
2026-02-10 21:23:19,158 - Factify - INFO - Data loaded successfully: 2 rows and 4 columns
2026-02-10 21:23:19,163 - Factify - INFO - Loading data from files...
2026-02-10 21:23:19,164 - Factify - ERROR - Error loading data: [Errno 2] No such file or directory: 'non_existent.csv'
2026-02-10 21:23:19,226 - Factify - INFO - Cleaning text data...
2026-02-10 21:23:19,228 - Factify - INFO - Text data cleaned successfully
2026-02-10 21:23:19,232 - Factify - INFO - Cleaning text data...
2026-02-10 21:23:19,232 - Factify - ERROR - Error cleaning dataframe: 'NoneType' object is not subscriptable
2026-02-10 21:23:19,249 - Factify - WARNING - Model file not found at path
2026-02-10 21:23:19,250 - Factify - WARNING - Tokenizer file not found at path
2026-02-10 21:23:19,252 - Factify - WARNING - Model file not found at bad_path
2026-02-10 21:23:19,253 - Factify - WARNING - Tokenizer file not found at bad_path
2026-02-10 21:23:19,254 - Factify - INFO - Making prediction for text: test...
2026-02-10 21:23:19,255 - Factify - INFO - Text preprocessing and padding successful
2026-02-10 21:23:19,255 - Factify - INFO - Calling model.predict on shape (1, 100) with dtype int32...
2026-02-10 21:23:19,256 - Factify - ERROR - Model prediction failed: 'NoneType' object has no attribute 'predict'
2026-02-10 21:23:19,264 - Factify - WARNING - Model file not found at p
2026-02-10 21:23:19,265 - Factify - WARNING - Tokenizer file not found at t
2026-02-10 21:23:19,265 - Factify - ERROR - Error preprocessing text for prediction: Tokenizer not loaded
2026-02-10 21:23:19,273 - Factify - WARNING - Model file not found at C:\Users\emon1\Desktop\zzz\Factify\models\saved_models\fake_news_detector.h5
2026-02-10 21:23:19,274 - Factify - WARNING - Tokenizer file not found at C:\Users\emon1\Desktop\zzz\Factify\models\saved_models\tokenizer.pickle
2026-02-10 21:23:19,277 - Factify - WARNING - Model file not found at dummy
2026-02-10 21:23:19,277 - Factify - WARNING - Tokenizer file not found at dummy
2026-02-10 21:23:19,280 - Factify - INFO - Making prediction for text: test...
2026-02-10 21:23:19,280 - Factify - INFO - Text preprocessing and padding successful
2026-02-10 21:23:19,281 - Factify - INFO - Calling model.predict on shape (1, 100) with dtype int32...
2026-02-10 21:23:19,282 - Factify - INFO - Raw prediction result: [[0.9]]
2026-02-10 21:23:19,282 - Factify - INFO - Prediction: REAL (probability: 0.9000)
2026-02-10 21:23:19,285 - Factify - WARNING - Model file not found at p
2026-02-10 21:23:19,286 - Factify - WARNING - Tokenizer file not found at t
2026-02-10 21:23:19,290 - Factify - INFO - Tokenizing texts with vocab_size=100, max_length=100...
2026-02-10 21:23:19,291 - Factify - INFO - Tokenization and padding completed successfully
2026-02-10 21:23:19,293 - Factify - INFO - Tokenizing texts with vocab_size=10000, max_length=100...
2026-02-10 21:23:19,294 - Factify - ERROR - Error in tokenization process: 'NoneType' object is not iterable
2026-02-10 21:23:19,297 - Factify - INFO - Preparing data for model training...
2026-02-10 21:23:19,298 - Factify - INFO - Tokenizing texts with vocab_size=10000, max_length=100...
2026-02-10 21:23:19,298 - Factify - INFO - Tokenization and padding completed successfully
2026-02-10 21:23:19,300 - Factify - INFO - Data prepared: X_train shape=(1, 100), X_test shape=(1, 100)
2026-02-10 21:23:19,303 - Factify - INFO - Preparing data for model training...
2026-02-10 21:23:19,303 - Factify - ERROR - Error preparing data: DataFrame must contain 'clean_text' column
2026-02-10 21:23:19,306 - Factify - INFO - Building LSTM-GRU model with vocab_size=100, embedding_dim=100...
2026-02-10 21:23:19,325 - Factify - INFO - LSTM-GRU model built successfully
2026-02-10 21:23:19,329 - Factify - INFO - Building LSTM-GRU model with vocab_size=100, embedding_dim=100...
2026-02-10 21:23:19,345 - Factify - ERROR - Error building model: Build error
2026-02-10 21:23:19,349 - Factify - INFO - Training model for 1 epochs with batch_size=64...
2026-02-10 21:23:19,350 - Factify - INFO - Model training completed successfully
2026-02-10 21:23:19,353 - Factify - INFO - Training model for 5 epochs with batch_size=64...
2026-02-10 21:23:19,353 - Factify - ERROR - Error training model: 'NoneType' object has no attribute 'fit'
2026-02-10 21:23:19,358 - Factify - INFO - Model saved to model_path.h5
2026-02-10 21:23:19,361 - Factify - ERROR - Error saving model: expected str, bytes or os.PathLike object, not NoneType
2026-02-10 21:23:19,368 - Factify - INFO - Model saved to model.h5
2026-02-10 21:23:19,370 - Factify - INFO - Tokenizer saved to tok.pickle
2026-02-10 21:24:14,874 - Factify - INFO - Loading model from C:\Users\emon1\Desktop\zzz\Factify\models\saved_models\fake_news_detector.h5
2026-02-10 21:24:15,074 - Factify - INFO - Model loaded successfully
2026-02-10 21:24:15,075 - Factify - INFO - Loading tokenizer from C:\Users\emon1\Desktop\zzz\Factify\models\saved_models\tokenizer.pickle
2026-02-10 21:24:15,275 - Factify - INFO - Tokenizer loaded successfully
2026-02-10 21:24:15,991 - Factify - INFO - Received prediction request for text length: 9
2026-02-10 21:24:15,999 - Factify - INFO - Received prediction request for text length: 10
2026-02-10 21:24:15,999 - Factify - ERROR - Prediction error: Prediction failed
2026-02-10 21:24:16,007 - Factify - INFO - Application starting up...
2026-02-10 21:24:16,008 - Factify - INFO - Application shutting down...
2026-02-10 21:24:16,024 - Factify - INFO - Loading data from files...
2026-02-10 21:24:16,032 - Factify - INFO - Removing 1 duplicate entries
2026-02-10 21:24:16,036 - Factify - INFO - Data loaded successfully: 2 rows and 4 columns
2026-02-10 21:24:16,040 - Factify - INFO - Loading data from files...
2026-02-10 21:24:16,041 - Factify - ERROR - Error loading data: [Errno 2] No such file or directory: 'non_existent.csv'
2026-02-10 21:24:16,102 - Factify - INFO - Cleaning text data...
2026-02-10 21:24:16,104 - Factify - INFO - Text data cleaned successfully
2026-02-10 21:24:16,108 - Factify - INFO - Cleaning text data...
2026-02-10 21:24:16,109 - Factify - ERROR - Error cleaning dataframe: 'NoneType' object is not subscriptable
2026-02-10 21:24:16,131 - Factify - WARNING - Model file not found at path
2026-02-10 21:24:16,131 - Factify - WARNING - Tokenizer file not found at path
2026-02-10 21:24:16,133 - Factify - WARNING - Model file not found at bad_path
2026-02-10 21:24:16,134 - Factify - WARNING - Tokenizer file not found at bad_path
2026-02-10 21:24:16,135 - Factify - INFO - Making prediction for text: test...
2026-02-10 21:24:16,135 - Factify - INFO - Text preprocessing and padding successful
2026-02-10 21:24:16,135 - Factify - INFO - Calling model.predict on shape (1, 100) with dtype int32...
2026-02-10 21:24:16,136 - Factify - ERROR - Model prediction failed: 'NoneType' object has no attribute 'predict'
2026-02-10 21:24:16,146 - Factify - WARNING - Model file not found at p
2026-02-10 21:24:16,147 - Factify - WARNING - Tokenizer file not found at t
2026-02-10 21:24:16,147 - Factify - ERROR - Error preprocessing text for prediction: Tokenizer not loaded
2026-02-10 21:24:16,159 - Factify - WARNING - Model file not found at C:\Users\emon1\Desktop\zzz\Factify\models\saved_models\fake_news_detector.h5
2026-02-10 21:24:16,160 - Factify - WARNING - Tokenizer file not found at C:\Users\emon1\Desktop\zzz\Factify\models\saved_models\tokenizer.pickle
2026-02-10 21:24:16,163 - Factify - WARNING - Model file not found at dummy
2026-02-10 21:24:16,163 - Factify - WARNING - Tokenizer file not found at dummy
2026-02-10 21:24:16,166 - Factify - INFO - Making prediction for text: test...
2026-02-10 21:24:16,166 - Factify - INFO - Text preprocessing and padding successful
2026-02-10 21:24:16,167 - Factify - INFO - Calling model.predict on shape (1, 100) with dtype int32...
2026-02-10 21:24:16,168 - Factify - INFO - Raw prediction result: [[0.9]]
2026-02-10 21:24:16,168 - Factify - INFO - Prediction: REAL (probability: 0.9000)
2026-02-10 21:24:16,171 - Factify - WARNING - Model file not found at p
2026-02-10 21:24:16,172 - Factify - WARNING - Tokenizer file not found at t
2026-02-10 21:24:16,176 - Factify - INFO - Tokenizing texts with vocab_size=100, max_length=100...
2026-02-10 21:24:16,177 - Factify - INFO - Tokenization and padding completed successfully
2026-02-10 21:24:16,180 - Factify - INFO - Tokenizing texts with vocab_size=10000, max_length=100...
2026-02-10 21:24:16,181 - Factify - ERROR - Error in tokenization process: 'NoneType' object is not iterable
2026-02-10 21:24:16,183 - Factify - INFO - Preparing data for model training...
2026-02-10 21:24:16,184 - Factify - INFO - Tokenizing texts with vocab_size=10000, max_length=100...
2026-02-10 21:24:16,185 - Factify - INFO - Tokenization and padding completed successfully
2026-02-10 21:24:16,186 - Factify - INFO - Data prepared: X_train shape=(1, 100), X_test shape=(1, 100)
2026-02-10 21:24:16,192 - Factify - INFO - Preparing data for model training...
2026-02-10 21:24:16,192 - Factify - ERROR - Error preparing data: DataFrame must contain 'clean_text' column
2026-02-10 21:24:16,195 - Factify - INFO - Building LSTM-GRU model with vocab_size=100, embedding_dim=100...
2026-02-10 21:24:16,217 - Factify - INFO - LSTM-GRU model built successfully
2026-02-10 21:24:16,220 - Factify - INFO - Building LSTM-GRU model with vocab_size=100, embedding_dim=100...
2026-02-10 21:24:16,237 - Factify - ERROR - Error building model: Build error
2026-02-10 21:24:16,243 - Factify - INFO - Training model for 1 epochs with batch_size=64...
2026-02-10 21:24:16,244 - Factify - INFO - Model training completed successfully
2026-02-10 21:24:16,247 - Factify - INFO - Training model for 5 epochs with batch_size=64...
2026-02-10 21:24:16,248 - Factify - ERROR - Error training model: 'NoneType' object has no attribute 'fit'
2026-02-10 21:24:16,252 - Factify - INFO - Model saved to model_path.h5
2026-02-10 21:24:16,256 - Factify - ERROR - Error saving model: expected str, bytes or os.PathLike object, not NoneType
2026-02-10 21:24:16,264 - Factify - INFO - Model saved to model.h5
2026-02-10 21:24:16,266 - Factify - INFO - Tokenizer saved to tok.pickle
2026-02-10 21:24:20,048 - Factify - INFO - Application shutting down...
2026-02-10 21:24:26,202 - Factify - INFO - Loading model from C:\Users\emon1\Desktop\zzz\Factify\models\saved_models\fake_news_detector.h5
2026-02-10 21:24:26,333 - Factify - INFO - Model loaded successfully
2026-02-10 21:24:26,334 - Factify - INFO - Loading tokenizer from C:\Users\emon1\Desktop\zzz\Factify\models\saved_models\tokenizer.pickle
2026-02-10 21:24:26,554 - Factify - INFO - Tokenizer loaded successfully
2026-02-10 21:24:26,560 - Factify - INFO - Application starting up...
2026-02-10 21:24:26,561 - Factify - INFO - Application shutting down...
2026-02-10 21:24:32,520 - Factify - INFO - Loading model from C:\Users\emon1\Desktop\zzz\Factify\models\saved_models\fake_news_detector.h5
2026-02-10 21:24:32,686 - Factify - INFO - Loading model from C:\Users\emon1\Desktop\zzz\Factify\models\saved_models\fake_news_detector.h5
2026-02-10 21:24:32,702 - Factify - INFO - Model loaded successfully
2026-02-10 21:24:32,703 - Factify - INFO - Loading tokenizer from C:\Users\emon1\Desktop\zzz\Factify\models\saved_models\tokenizer.pickle
2026-02-10 21:24:32,817 - Factify - INFO - Model loaded successfully
2026-02-10 21:24:32,817 - Factify - INFO - Loading tokenizer from C:\Users\emon1\Desktop\zzz\Factify\models\saved_models\tokenizer.pickle
2026-02-10 21:24:32,942 - Factify - INFO - Tokenizer loaded successfully
2026-02-10 21:24:33,054 - Factify - INFO - Tokenizer loaded successfully
2026-02-10 21:24:33,059 - Factify - INFO - Application starting up...
2026-02-10 21:24:33,722 - Factify - INFO - Received prediction request for text length: 9
2026-02-10 21:24:33,729 - Factify - INFO - Received prediction request for text length: 10
2026-02-10 21:24:33,730 - Factify - ERROR - Prediction error: Prediction failed
2026-02-10 21:24:33,738 - Factify - INFO - Application starting up...
2026-02-10 21:24:33,739 - Factify - INFO - Application shutting down...
2026-02-10 21:24:33,754 - Factify - INFO - Loading data from files...
2026-02-10 21:24:33,760 - Factify - INFO - Removing 1 duplicate entries
2026-02-10 21:24:33,764 - Factify - INFO - Data loaded successfully: 2 rows and 4 columns
2026-02-10 21:24:33,769 - Factify - INFO - Loading data from files...
2026-02-10 21:24:33,769 - Factify - ERROR - Error loading data: [Errno 2] No such file or directory: 'non_existent.csv'
2026-02-10 21:24:33,826 - Factify - INFO - Cleaning text data...
2026-02-10 21:24:33,829 - Factify - INFO - Text data cleaned successfully
2026-02-10 21:24:33,831 - Factify - INFO - Cleaning text data...
2026-02-10 21:24:33,831 - Factify - ERROR - Error cleaning dataframe: 'NoneType' object is not subscriptable
2026-02-10 21:24:33,849 - Factify - WARNING - Model file not found at path
2026-02-10 21:24:33,849 - Factify - WARNING - Tokenizer file not found at path
2026-02-10 21:24:33,852 - Factify - WARNING - Model file not found at bad_path
2026-02-10 21:24:33,852 - Factify - WARNING - Tokenizer file not found at bad_path
2026-02-10 21:24:33,853 - Factify - INFO - Making prediction for text: test...
2026-02-10 21:24:33,854 - Factify - INFO - Text preprocessing and padding successful
2026-02-10 21:24:33,854 - Factify - INFO - Calling model.predict on shape (1, 100) with dtype int32...
2026-02-10 21:24:33,855 - Factify - ERROR - Model prediction failed: 'NoneType' object has no attribute 'predict'
2026-02-10 21:24:33,869 - Factify - WARNING - Model file not found at p
2026-02-10 21:24:33,869 - Factify - WARNING - Tokenizer file not found at t
2026-02-10 21:24:33,870 - Factify - ERROR - Error preprocessing text for prediction: Tokenizer not loaded
2026-02-10 21:24:33,902 - Factify - WARNING - Model file not found at C:\Users\emon1\Desktop\zzz\Factify\models\saved_models\fake_news_detector.h5
2026-02-10 21:24:33,903 - Factify - WARNING - Tokenizer file not found at C:\Users\emon1\Desktop\zzz\Factify\models\saved_models\tokenizer.pickle
2026-02-10 21:24:33,910 - Factify - WARNING - Model file not found at dummy
2026-02-10 21:24:33,912 - Factify - WARNING - Tokenizer file not found at dummy
2026-02-10 21:24:33,915 - Factify - INFO - Making prediction for text: test...
2026-02-10 21:24:33,916 - Factify - INFO - Text preprocessing and padding successful
2026-02-10 21:24:33,917 - Factify - INFO - Calling model.predict on shape (1, 100) with dtype int32...
2026-02-10 21:24:33,919 - Factify - INFO - Raw prediction result: [[0.9]]
2026-02-10 21:24:33,920 - Factify - INFO - Prediction: REAL (probability: 0.9000)
2026-02-10 21:24:33,925 - Factify - WARNING - Model file not found at p
2026-02-10 21:24:33,925 - Factify - WARNING - Tokenizer file not found at t
2026-02-10 21:24:33,930 - Factify - INFO - Tokenizing texts with vocab_size=100, max_length=100...
2026-02-10 21:24:33,930 - Factify - INFO - Tokenization and padding completed successfully
2026-02-10 21:24:33,933 - Factify - INFO - Tokenizing texts with vocab_size=10000, max_length=100...
2026-02-10 21:24:33,934 - Factify - ERROR - Error in tokenization process: 'NoneType' object is not iterable
2026-02-10 21:24:33,938 - Factify - INFO - Preparing data for model training...
2026-02-10 21:24:33,938 - Factify - INFO - Tokenizing texts with vocab_size=10000, max_length=100...
2026-02-10 21:24:33,939 - Factify - INFO - Tokenization and padding completed successfully
2026-02-10 21:24:33,942 - Factify - INFO - Data prepared: X_train shape=(1, 100), X_test shape=(1, 100)
2026-02-10 21:24:33,945 - Factify - INFO - Preparing data for model training...
2026-02-10 21:24:33,946 - Factify - ERROR - Error preparing data: DataFrame must contain 'clean_text' column
2026-02-10 21:24:33,948 - Factify - INFO - Building LSTM-GRU model with vocab_size=100, embedding_dim=100...
2026-02-10 21:24:33,980 - Factify - INFO - LSTM-GRU model built successfully
2026-02-10 21:24:33,984 - Factify - INFO - Building LSTM-GRU model with vocab_size=100, embedding_dim=100...
2026-02-10 21:24:34,001 - Factify - ERROR - Error building model: Build error
2026-02-10 21:24:34,007 - Factify - INFO - Training model for 1 epochs with batch_size=64...
2026-02-10 21:24:34,008 - Factify - INFO - Model training completed successfully
2026-02-10 21:24:34,011 - Factify - INFO - Training model for 5 epochs with batch_size=64...
2026-02-10 21:24:34,011 - Factify - ERROR - Error training model: 'NoneType' object has no attribute 'fit'
2026-02-10 21:24:34,016 - Factify - INFO - Model saved to model_path.h5
2026-02-10 21:24:34,019 - Factify - ERROR - Error saving model: expected str, bytes or os.PathLike object, not NoneType
2026-02-10 21:24:34,029 - Factify - INFO - Model saved to model.h5
2026-02-10 21:24:34,030 - Factify - INFO - Tokenizer saved to tok.pickle
2026-02-10 21:25:08,280 - Factify - INFO - Application shutting down...
2026-02-10 21:25:14,072 - Factify - INFO - Loading model from C:\Users\emon1\Desktop\zzz\Factify\models\saved_models\fake_news_detector.h5
2026-02-10 21:25:14,238 - Factify - INFO - Model loaded successfully
2026-02-10 21:25:14,239 - Factify - INFO - Loading tokenizer from C:\Users\emon1\Desktop\zzz\Factify\models\saved_models\tokenizer.pickle
2026-02-10 21:25:14,470 - Factify - INFO - Tokenizer loaded successfully
2026-02-10 21:25:14,475 - Factify - INFO - Application starting up...
2026-02-10 21:25:20,250 - Factify - INFO - Loading model from C:\Users\emon1\Desktop\zzz\Factify\models\saved_models\fake_news_detector.h5
2026-02-10 21:25:20,687 - Factify - INFO - Model loaded successfully
2026-02-10 21:25:20,688 - Factify - INFO - Loading tokenizer from C:\Users\emon1\Desktop\zzz\Factify\models\saved_models\tokenizer.pickle
2026-02-10 21:25:20,872 - Factify - INFO - Tokenizer loaded successfully
2026-02-10 21:25:21,571 - Factify - INFO - Received prediction request for text length: 9
2026-02-10 21:25:21,579 - Factify - INFO - Received prediction request for text length: 10
2026-02-10 21:25:21,579 - Factify - ERROR - Prediction error: Prediction failed
2026-02-10 21:25:21,587 - Factify - INFO - Application starting up...
2026-02-10 21:25:21,588 - Factify - INFO - Application shutting down...
2026-02-10 21:25:21,603 - Factify - INFO - Loading data from files...
2026-02-10 21:25:21,611 - Factify - INFO - Removing 1 duplicate entries
2026-02-10 21:25:21,614 - Factify - INFO - Data loaded successfully: 2 rows and 4 columns
2026-02-10 21:25:21,618 - Factify - INFO - Loading data from files...
2026-02-10 21:25:21,619 - Factify - ERROR - Error loading data: [Errno 2] No such file or directory: 'non_existent.csv'
2026-02-10 21:25:21,675 - Factify - INFO - Cleaning text data...
2026-02-10 21:25:21,677 - Factify - INFO - Text data cleaned successfully
2026-02-10 21:25:21,680 - Factify - INFO - Cleaning text data...
2026-02-10 21:25:21,681 - Factify - ERROR - Error cleaning dataframe: 'NoneType' object is not subscriptable
2026-02-10 21:25:21,697 - Factify - WARNING - Model file not found at path
2026-02-10 21:25:21,698 - Factify - WARNING - Tokenizer file not found at path
2026-02-10 21:25:21,701 - Factify - WARNING - Model file not found at bad_path
2026-02-10 21:25:21,702 - Factify - WARNING - Tokenizer file not found at bad_path
2026-02-10 21:25:21,703 - Factify - INFO - Making prediction for text: test...
2026-02-10 21:25:21,704 - Factify - INFO - Text preprocessing and padding successful
2026-02-10 21:25:21,704 - Factify - INFO - Calling model.predict on shape (1, 100) with dtype int32...
2026-02-10 21:25:21,705 - Factify - ERROR - Model prediction failed: 'NoneType' object has no attribute 'predict'
2026-02-10 21:25:21,713 - Factify - WARNING - Model file not found at p
2026-02-10 21:25:21,714 - Factify - WARNING - Tokenizer file not found at t
2026-02-10 21:25:21,714 - Factify - ERROR - Error preprocessing text for prediction: Tokenizer not loaded
2026-02-10 21:25:21,722 - Factify - WARNING - Model file not found at C:\Users\emon1\Desktop\zzz\Factify\models\saved_models\fake_news_detector.h5
2026-02-10 21:25:21,723 - Factify - WARNING - Tokenizer file not found at C:\Users\emon1\Desktop\zzz\Factify\models\saved_models\tokenizer.pickle
2026-02-10 21:25:21,726 - Factify - WARNING - Model file not found at dummy
2026-02-10 21:25:21,726 - Factify - WARNING - Tokenizer file not found at dummy
2026-02-10 21:25:21,728 - Factify - INFO - Making prediction for text: test...
2026-02-10 21:25:21,729 - Factify - INFO - Text preprocessing and padding successful
2026-02-10 21:25:21,729 - Factify - INFO - Calling model.predict on shape (1, 100) with dtype int32...
2026-02-10 21:25:21,730 - Factify - INFO - Raw prediction result: [[0.9]]
2026-02-10 21:25:21,730 - Factify - INFO - Prediction: REAL (probability: 0.9000)
2026-02-10 21:25:21,733 - Factify - WARNING - Model file not found at p
2026-02-10 21:25:21,734 - Factify - WARNING - Tokenizer file not found at t
2026-02-10 21:25:21,738 - Factify - INFO - Tokenizing texts with vocab_size=100, max_length=100...
2026-02-10 21:25:21,738 - Factify - INFO - Tokenization and padding completed successfully
2026-02-10 21:25:21,741 - Factify - INFO - Tokenizing texts with vocab_size=10000, max_length=100...
2026-02-10 21:25:21,742 - Factify - ERROR - Error in tokenization process: 'NoneType' object is not iterable
2026-02-10 21:25:21,744 - Factify - INFO - Preparing data for model training...
2026-02-10 21:25:21,744 - Factify - INFO - Tokenizing texts with vocab_size=10000, max_length=100...
2026-02-10 21:25:21,745 - Factify - INFO - Tokenization and padding completed successfully
2026-02-10 21:25:21,746 - Factify - INFO - Data prepared: X_train shape=(1, 100), X_test shape=(1, 100)
2026-02-10 21:25:21,750 - Factify - INFO - Preparing data for model training...
2026-02-10 21:25:21,750 - Factify - ERROR - Error preparing data: DataFrame must contain 'clean_text' column
2026-02-10 21:25:21,754 - Factify - INFO - Building LSTM-GRU model with vocab_size=100, embedding_dim=100...
2026-02-10 21:25:21,777 - Factify - INFO - LSTM-GRU model built successfully
2026-02-10 21:25:21,780 - Factify - INFO - Building LSTM-GRU model with vocab_size=100, embedding_dim=100...
2026-02-10 21:25:21,795 - Factify - ERROR - Error building model: Build error
2026-02-10 21:25:21,800 - Factify - INFO - Training model for 1 epochs with batch_size=64...
2026-02-10 21:25:21,801 - Factify - INFO - Model training completed successfully
2026-02-10 21:25:21,804 - Factify - INFO - Training model for 5 epochs with batch_size=64...
2026-02-10 21:25:21,805 - Factify - ERROR - Error training model: 'NoneType' object has no attribute 'fit'
2026-02-10 21:25:21,810 - Factify - INFO - Model saved to model_path.h5
2026-02-10 21:25:21,812 - Factify - ERROR - Error saving model: expected str, bytes or os.PathLike object, not NoneType
2026-02-10 21:25:21,820 - Factify - INFO - Model saved to model.h5
2026-02-10 21:25:21,821 - Factify - INFO - Tokenizer saved to tok.pickle
2026-02-10 21:25:59,822 - Factify - INFO - Application shutting down...
2026-02-10 21:26:05,646 - Factify - INFO - Loading model from C:\Users\emon1\Desktop\zzz\Factify\models\saved_models\fake_news_detector.h5
2026-02-10 21:26:05,771 - Factify - INFO - Model loaded successfully
2026-02-10 21:26:05,771 - Factify - INFO - Loading tokenizer from C:\Users\emon1\Desktop\zzz\Factify\models\saved_models\tokenizer.pickle
2026-02-10 21:26:05,996 - Factify - INFO - Tokenizer loaded successfully
2026-02-10 21:26:06,000 - Factify - INFO - Application starting up...
2026-02-10 21:26:11,993 - Factify - INFO - Loading model from C:\Users\emon1\Desktop\zzz\Factify\models\saved_models\fake_news_detector.h5
2026-02-10 21:26:13,008 - Factify - INFO - Model loaded successfully
2026-02-10 21:26:13,009 - Factify - INFO - Loading tokenizer from C:\Users\emon1\Desktop\zzz\Factify\models\saved_models\tokenizer.pickle
2026-02-10 21:26:13,192 - Factify - INFO - Tokenizer loaded successfully
2026-02-10 21:26:13,921 - Factify - INFO - Received prediction request for text length: 9
2026-02-10 21:26:13,927 - Factify - INFO - Received prediction request for text length: 10
2026-02-10 21:26:13,928 - Factify - ERROR - Prediction error: Prediction failed
2026-02-10 21:26:13,935 - Factify - INFO - Application starting up...
2026-02-10 21:26:13,936 - Factify - INFO - Application shutting down...
2026-02-10 21:26:13,951 - Factify - INFO - Loading data from files...
2026-02-10 21:26:13,957 - Factify - INFO - Removing 1 duplicate entries
2026-02-10 21:26:13,961 - Factify - INFO - Data loaded successfully: 2 rows and 4 columns
2026-02-10 21:26:13,964 - Factify - INFO - Loading data from files...
2026-02-10 21:26:13,964 - Factify - ERROR - Error loading data: [Errno 2] No such file or directory: 'non_existent.csv'
2026-02-10 21:26:14,018 - Factify - INFO - Cleaning text data...
2026-02-10 21:26:14,021 - Factify - INFO - Text data cleaned successfully
2026-02-10 21:26:14,024 - Factify - INFO - Cleaning text data...
2026-02-10 21:26:14,024 - Factify - ERROR - Error cleaning dataframe: 'NoneType' object is not subscriptable
2026-02-10 21:26:14,046 - Factify - WARNING - Model file not found at path
2026-02-10 21:26:14,046 - Factify - WARNING - Tokenizer file not found at path
2026-02-10 21:26:14,049 - Factify - WARNING - Model file not found at bad_path
2026-02-10 21:26:14,049 - Factify - WARNING - Tokenizer file not found at bad_path
2026-02-10 21:26:14,050 - Factify - INFO - Making prediction for text: test...
2026-02-10 21:26:14,050 - Factify - INFO - Text preprocessing and padding successful
2026-02-10 21:26:14,051 - Factify - INFO - Calling model.predict on shape (1, 100) with dtype int32...
2026-02-10 21:26:14,052 - Factify - ERROR - Model prediction failed: 'NoneType' object has no attribute 'predict'
2026-02-10 21:26:14,065 - Factify - WARNING - Model file not found at p
2026-02-10 21:26:14,065 - Factify - WARNING - Tokenizer file not found at t
2026-02-10 21:26:14,066 - Factify - ERROR - Error preprocessing text for prediction: Tokenizer not loaded
2026-02-10 21:26:14,074 - Factify - WARNING - Model file not found at C:\Users\emon1\Desktop\zzz\Factify\models\saved_models\fake_news_detector.h5
2026-02-10 21:26:14,075 - Factify - WARNING - Tokenizer file not found at C:\Users\emon1\Desktop\zzz\Factify\models\saved_models\tokenizer.pickle
2026-02-10 21:26:14,077 - Factify - WARNING - Model file not found at dummy
2026-02-10 21:26:14,078 - Factify - WARNING - Tokenizer file not found at dummy
2026-02-10 21:26:14,080 - Factify - INFO - Making prediction for text: test...
2026-02-10 21:26:14,080 - Factify - INFO - Text preprocessing and padding successful
2026-02-10 21:26:14,080 - Factify - INFO - Calling model.predict on shape (1, 100) with dtype int32...
2026-02-10 21:26:14,081 - Factify - INFO - Raw prediction result: [[0.9]]
2026-02-10 21:26:14,082 - Factify - INFO - Prediction: REAL (probability: 0.9000)
2026-02-10 21:26:14,084 - Factify - WARNING - Model file not found at p
2026-02-10 21:26:14,085 - Factify - WARNING - Tokenizer file not found at t
2026-02-10 21:26:14,090 - Factify - INFO - Tokenizing texts with vocab_size=100, max_length=100...
2026-02-10 21:26:14,090 - Factify - INFO - Tokenization and padding completed successfully
2026-02-10 21:26:14,093 - Factify - INFO - Tokenizing texts with vocab_size=10000, max_length=100...
2026-02-10 21:26:14,093 - Factify - ERROR - Error in tokenization process: 'NoneType' object is not iterable
2026-02-10 21:26:14,096 - Factify - INFO - Preparing data for model training...
2026-02-10 21:26:14,097 - Factify - INFO - Tokenizing texts with vocab_size=10000, max_length=100...
2026-02-10 21:26:14,098 - Factify - INFO - Tokenization and padding completed successfully
2026-02-10 21:26:14,099 - Factify - INFO - Data prepared: X_train shape=(1, 100), X_test shape=(1, 100)
2026-02-10 21:26:14,103 - Factify - INFO - Preparing data for model training...
2026-02-10 21:26:14,104 - Factify - ERROR - Error preparing data: DataFrame must contain 'clean_text' column
2026-02-10 21:26:14,107 - Factify - INFO - Building LSTM-GRU model with vocab_size=100, embedding_dim=100...
2026-02-10 21:26:14,128 - Factify - INFO - LSTM-GRU model built successfully
2026-02-10 21:26:14,130 - Factify - INFO - Building LSTM-GRU model with vocab_size=100, embedding_dim=100...
2026-02-10 21:26:14,151 - Factify - ERROR - Error building model: Build error
2026-02-10 21:26:14,156 - Factify - INFO - Training model for 1 epochs with batch_size=64...
2026-02-10 21:26:14,157 - Factify - INFO - Model training completed successfully
2026-02-10 21:26:14,160 - Factify - INFO - Training model for 5 epochs with batch_size=64...
2026-02-10 21:26:14,160 - Factify - ERROR - Error training model: 'NoneType' object has no attribute 'fit'
2026-02-10 21:26:14,165 - Factify - INFO - Model saved to model_path.h5
2026-02-10 21:26:14,167 - Factify - ERROR - Error saving model: expected str, bytes or os.PathLike object, not NoneType
2026-02-10 21:26:14,303 - Factify - INFO - Model saved to model.h5
2026-02-10 21:26:14,305 - Factify - INFO - Tokenizer saved to tok.pickle
2026-02-10 21:26:52,416 - Factify - INFO - Application shutting down...
2026-02-10 21:26:57,878 - Factify - INFO - Loading model from C:\Users\emon1\Desktop\zzz\Factify\models\saved_models\fake_news_detector.h5
2026-02-10 21:26:57,991 - Factify - INFO - Model loaded successfully
2026-02-10 21:26:57,992 - Factify - INFO - Loading tokenizer from C:\Users\emon1\Desktop\zzz\Factify\models\saved_models\tokenizer.pickle
2026-02-10 21:26:58,174 - Factify - INFO - Tokenizer loaded successfully
2026-02-10 21:26:58,178 - Factify - INFO - Application starting up...
2026-02-10 21:26:58,179 - Factify - INFO - Application shutting down...
2026-02-10 21:27:03,478 - Factify - INFO - Loading model from C:\Users\emon1\Desktop\zzz\Factify\models\saved_models\fake_news_detector.h5
2026-02-10 21:27:03,615 - Factify - INFO - Model loaded successfully
2026-02-10 21:27:03,616 - Factify - INFO - Loading tokenizer from C:\Users\emon1\Desktop\zzz\Factify\models\saved_models\tokenizer.pickle
2026-02-10 21:27:03,800 - Factify - INFO - Tokenizer loaded successfully
2026-02-10 21:27:03,805 - Factify - INFO - Application starting up...
2026-02-10 21:29:26,372 - Factify - INFO - Loading model from C:\Users\emon1\Desktop\zzz\Factify\models\saved_models\fake_news_detector.h5
2026-02-10 21:29:26,527 - Factify - INFO - Model loaded successfully
2026-02-10 21:29:26,527 - Factify - INFO - Loading tokenizer from C:\Users\emon1\Desktop\zzz\Factify\models\saved_models\tokenizer.pickle
2026-02-10 21:29:26,715 - Factify - INFO - Tokenizer loaded successfully
2026-02-10 21:29:27,435 - Factify - INFO - Received prediction request for text length: 9
2026-02-10 21:29:27,443 - Factify - INFO - Received prediction request for text length: 10
2026-02-10 21:29:27,444 - Factify - ERROR - Prediction error: Prediction failed
2026-02-10 21:29:27,451 - Factify - INFO - Application starting up...
2026-02-10 21:29:27,453 - Factify - INFO - Application shutting down...
2026-02-10 21:29:27,504 - Factify - INFO - Loading data from files...
2026-02-10 21:29:27,515 - Factify - INFO - Removing 1 duplicate entries
2026-02-10 21:29:27,518 - Factify - INFO - Data loaded successfully: 2 rows and 4 columns
2026-02-10 21:29:27,522 - Factify - INFO - Loading data from files...
2026-02-10 21:29:27,523 - Factify - ERROR - Error loading data: [Errno 2] No such file or directory: 'non_existent.csv'
2026-02-10 21:29:27,603 - Factify - INFO - Cleaning text data...
2026-02-10 21:29:27,606 - Factify - INFO - Text data cleaned successfully
2026-02-10 21:29:27,608 - Factify - INFO - Cleaning text data...
2026-02-10 21:29:27,610 - Factify - ERROR - Error cleaning dataframe: 'NoneType' object is not subscriptable
2026-02-10 21:29:27,628 - Factify - WARNING - Model file not found at path
2026-02-10 21:29:27,629 - Factify - WARNING - Tokenizer file not found at path
2026-02-10 21:29:27,631 - Factify - WARNING - Model file not found at bad_path
2026-02-10 21:29:27,632 - Factify - WARNING - Tokenizer file not found at bad_path
2026-02-10 21:29:27,633 - Factify - INFO - Making prediction for text: test...
2026-02-10 21:29:27,634 - Factify - INFO - Text preprocessing and padding successful
2026-02-10 21:29:27,634 - Factify - INFO - Calling model.predict on shape (1, 100) with dtype int32...
2026-02-10 21:29:27,635 - Factify - ERROR - Model prediction failed: 'NoneType' object has no attribute 'predict'
2026-02-10 21:29:27,652 - Factify - WARNING - Model file not found at p
2026-02-10 21:29:27,652 - Factify - WARNING - Tokenizer file not found at t
2026-02-10 21:29:27,653 - Factify - ERROR - Error preprocessing text for prediction: Tokenizer not loaded
2026-02-10 21:29:27,661 - Factify - WARNING - Model file not found at C:\Users\emon1\Desktop\zzz\Factify\models\saved_models\fake_news_detector.h5
2026-02-10 21:29:27,662 - Factify - WARNING - Tokenizer file not found at C:\Users\emon1\Desktop\zzz\Factify\models\saved_models\tokenizer.pickle
2026-02-10 21:29:27,665 - Factify - WARNING - Model file not found at dummy
2026-02-10 21:29:27,665 - Factify - WARNING - Tokenizer file not found at dummy
2026-02-10 21:29:27,668 - Factify - INFO - Making prediction for text: test...
2026-02-10 21:29:27,668 - Factify - INFO - Text preprocessing and padding successful
2026-02-10 21:29:27,669 - Factify - INFO - Calling model.predict on shape (1, 100) with dtype int32...
2026-02-10 21:29:27,671 - Factify - INFO - Raw prediction result: [[0.9]]
2026-02-10 21:29:27,671 - Factify - INFO - Prediction: REAL (probability: 0.9000)
2026-02-10 21:29:27,674 - Factify - WARNING - Model file not found at p
2026-02-10 21:29:27,675 - Factify - WARNING - Tokenizer file not found at t
2026-02-10 21:29:27,679 - Factify - INFO - Tokenizing texts with vocab_size=100, max_length=100...
2026-02-10 21:29:27,679 - Factify - INFO - Tokenization and padding completed successfully
2026-02-10 21:29:27,682 - Factify - INFO - Tokenizing texts with vocab_size=10000, max_length=100...
2026-02-10 21:29:27,683 - Factify - ERROR - Error in tokenization process: 'NoneType' object is not iterable
2026-02-10 21:29:27,686 - Factify - INFO - Preparing data for model training...
2026-02-10 21:29:27,687 - Factify - INFO - Tokenizing texts with vocab_size=10000, max_length=100...
2026-02-10 21:29:27,688 - Factify - INFO - Tokenization and padding completed successfully
2026-02-10 21:29:27,690 - Factify - INFO - Data prepared: X_train shape=(1, 100), X_test shape=(1, 100)
2026-02-10 21:29:27,693 - Factify - INFO - Preparing data for model training...
2026-02-10 21:29:27,694 - Factify - ERROR - Error preparing data: DataFrame must contain 'clean_text' column
2026-02-10 21:29:27,697 - Factify - INFO - Building LSTM-GRU model with vocab_size=100, embedding_dim=100...
2026-02-10 21:29:27,718 - Factify - INFO - LSTM-GRU model built successfully
2026-02-10 21:29:27,721 - Factify - INFO - Building LSTM-GRU model with vocab_size=100, embedding_dim=100...
2026-02-10 21:29:27,736 - Factify - ERROR - Error building model: Build error
2026-02-10 21:29:27,740 - Factify - INFO - Training model for 1 epochs with batch_size=64...
2026-02-10 21:29:27,742 - Factify - INFO - Model training completed successfully
2026-02-10 21:29:27,745 - Factify - INFO - Training model for 5 epochs with batch_size=64...
2026-02-10 21:29:27,745 - Factify - ERROR - Error training model: 'NoneType' object has no attribute 'fit'
2026-02-10 21:29:27,750 - Factify - INFO - Model saved to model_path.h5
2026-02-10 21:29:27,752 - Factify - ERROR - Error saving model: expected str, bytes or os.PathLike object, not NoneType
2026-02-10 21:29:27,762 - Factify - INFO - Model saved to model.h5
2026-02-10 21:29:27,763 - Factify - INFO - Tokenizer saved to tok.pickle
2026-02-10 21:29:35,937 - Factify - INFO - Application shutting down...
2026-02-10 21:29:41,485 - Factify - INFO - Loading model from C:\Users\emon1\Desktop\zzz\Factify\models\saved_models\fake_news_detector.h5
2026-02-10 21:29:41,600 - Factify - INFO - Model loaded successfully
2026-02-10 21:29:41,601 - Factify - INFO - Loading tokenizer from C:\Users\emon1\Desktop\zzz\Factify\models\saved_models\tokenizer.pickle
2026-02-10 21:29:41,786 - Factify - INFO - Tokenizer loaded successfully
2026-02-10 21:29:41,790 - Factify - INFO - Application starting up...
2026-02-10 21:29:52,191 - Factify - INFO - Loading model from C:\Users\emon1\Desktop\zzz\Factify\models\saved_models\fake_news_detector.h5
2026-02-10 21:29:52,345 - Factify - INFO - Model loaded successfully
2026-02-10 21:29:52,346 - Factify - INFO - Loading tokenizer from C:\Users\emon1\Desktop\zzz\Factify\models\saved_models\tokenizer.pickle
2026-02-10 21:29:52,534 - Factify - INFO - Tokenizer loaded successfully
2026-02-10 21:29:53,266 - Factify - INFO - Received prediction request for text length: 9
2026-02-10 21:29:53,273 - Factify - INFO - Received prediction request for text length: 10
2026-02-10 21:29:53,274 - Factify - ERROR - Prediction error: Prediction failed
2026-02-10 21:29:53,281 - Factify - INFO - Application starting up...
2026-02-10 21:29:53,282 - Factify - INFO - Application shutting down...
2026-02-10 21:29:53,301 - Factify - INFO - Loading data from files...
2026-02-10 21:29:53,308 - Factify - INFO - Removing 1 duplicate entries
2026-02-10 21:29:53,311 - Factify - INFO - Data loaded successfully: 2 rows and 4 columns
2026-02-10 21:29:53,315 - Factify - INFO - Loading data from files...
2026-02-10 21:29:53,316 - Factify - ERROR - Error loading data: [Errno 2] No such file or directory: 'non_existent.csv'
2026-02-10 21:29:53,433 - Factify - INFO - Cleaning text data...
2026-02-10 21:29:53,435 - Factify - INFO - Text data cleaned successfully
2026-02-10 21:29:53,438 - Factify - INFO - Cleaning text data...
2026-02-10 21:29:53,439 - Factify - ERROR - Error cleaning dataframe: 'NoneType' object is not subscriptable
2026-02-10 21:29:53,456 - Factify - WARNING - Model file not found at path
2026-02-10 21:29:53,457 - Factify - WARNING - Tokenizer file not found at path
2026-02-10 21:29:53,460 - Factify - WARNING - Model file not found at bad_path
2026-02-10 21:29:53,460 - Factify - WARNING - Tokenizer file not found at bad_path
2026-02-10 21:29:53,461 - Factify - INFO - Making prediction for text: test...
2026-02-10 21:29:53,462 - Factify - INFO - Text preprocessing and padding successful
2026-02-10 21:29:53,462 - Factify - INFO - Calling model.predict on shape (1, 100) with dtype int32...
2026-02-10 21:29:53,463 - Factify - ERROR - Model prediction failed: 'NoneType' object has no attribute 'predict'
2026-02-10 21:29:53,475 - Factify - WARNING - Model file not found at p
2026-02-10 21:29:53,475 - Factify - WARNING - Tokenizer file not found at t
2026-02-10 21:29:53,476 - Factify - ERROR - Error preprocessing text for prediction: Tokenizer not loaded
2026-02-10 21:29:53,484 - Factify - WARNING - Model file not found at C:\Users\emon1\Desktop\zzz\Factify\models\saved_models\fake_news_detector.h5
2026-02-10 21:29:53,484 - Factify - WARNING - Tokenizer file not found at C:\Users\emon1\Desktop\zzz\Factify\models\saved_models\tokenizer.pickle
2026-02-10 21:29:53,487 - Factify - WARNING - Model file not found at dummy
2026-02-10 21:29:53,487 - Factify - WARNING - Tokenizer file not found at dummy
2026-02-10 21:29:53,490 - Factify - INFO - Making prediction for text: test...
2026-02-10 21:29:53,491 - Factify - INFO - Text preprocessing and padding successful
2026-02-10 21:29:53,492 - Factify - INFO - Calling model.predict on shape (1, 100) with dtype int32...
2026-02-10 21:29:53,492 - Factify - INFO - Raw prediction result: [[0.9]]
2026-02-10 21:29:53,493 - Factify - INFO - Prediction: REAL (probability: 0.9000)
2026-02-10 21:29:53,496 - Factify - WARNING - Model file not found at p
2026-02-10 21:29:53,497 - Factify - WARNING - Tokenizer file not found at t
2026-02-10 21:29:53,501 - Factify - INFO - Tokenizing texts with vocab_size=100, max_length=100...
2026-02-10 21:29:53,502 - Factify - INFO - Tokenization and padding completed successfully
2026-02-10 21:29:53,504 - Factify - INFO - Tokenizing texts with vocab_size=10000, max_length=100...
2026-02-10 21:29:53,505 - Factify - ERROR - Error in tokenization process: 'NoneType' object is not iterable
2026-02-10 21:29:53,511 - Factify - INFO - Preparing data for model training...
2026-02-10 21:29:53,512 - Factify - INFO - Tokenizing texts with vocab_size=10000, max_length=100...
2026-02-10 21:29:53,513 - Factify - INFO - Tokenization and padding completed successfully
2026-02-10 21:29:53,516 - Factify - INFO - Data prepared: X_train shape=(1, 100), X_test shape=(1, 100)
2026-02-10 21:29:53,519 - Factify - INFO - Preparing data for model training...
2026-02-10 21:29:53,520 - Factify - ERROR - Error preparing data: DataFrame must contain 'clean_text' column
2026-02-10 21:29:53,524 - Factify - INFO - Building LSTM-GRU model with vocab_size=100, embedding_dim=100...
2026-02-10 21:29:53,549 - Factify - INFO - LSTM-GRU model built successfully
2026-02-10 21:29:53,551 - Factify - INFO - Building LSTM-GRU model with vocab_size=100, embedding_dim=100...
2026-02-10 21:29:53,567 - Factify - ERROR - Error building model: Build error
2026-02-10 21:29:53,571 - Factify - INFO - Training model for 1 epochs with batch_size=64...
2026-02-10 21:29:53,573 - Factify - INFO - Model training completed successfully
2026-02-10 21:29:53,576 - Factify - INFO - Training model for 5 epochs with batch_size=64...
2026-02-10 21:29:53,577 - Factify - ERROR - Error training model: 'NoneType' object has no attribute 'fit'
2026-02-10 21:29:53,582 - Factify - INFO - Model saved to model_path.h5
2026-02-10 21:29:53,585 - Factify - ERROR - Error saving model: expected str, bytes or os.PathLike object, not NoneType
2026-02-10 21:29:53,594 - Factify - INFO - Model saved to model.h5
2026-02-10 21:29:53,596 - Factify - INFO - Tokenizer saved to tok.pickle
2026-02-10 21:30:10,017 - Factify - INFO - Loading model from C:\Users\emon1\Desktop\zzz\Factify\models\saved_models\fake_news_detector.h5
2026-02-10 21:30:10,126 - Factify - INFO - Model loaded successfully
2026-02-10 21:30:10,127 - Factify - INFO - Loading tokenizer from C:\Users\emon1\Desktop\zzz\Factify\models\saved_models\tokenizer.pickle
2026-02-10 21:30:10,327 - Factify - INFO - Tokenizer loaded successfully
2026-02-10 21:30:10,331 - Factify - INFO - Application starting up...
2026-02-10 21:38:23,791 - Factify - INFO - Loading model from C:\Users\emon1\Desktop\zzz\Factify\models\saved_models\fake_news_detector.h5
2026-02-10 21:38:24,258 - Factify - INFO - Model loaded successfully
2026-02-10 21:38:24,258 - Factify - INFO - Loading tokenizer from C:\Users\emon1\Desktop\zzz\Factify\models\saved_models\tokenizer.pickle
2026-02-10 21:38:24,513 - Factify - INFO - Tokenizer loaded successfully
2026-02-10 21:38:25,274 - Factify - INFO - Received prediction request for text length: 9
2026-02-10 21:38:25,282 - Factify - INFO - Received prediction request for text length: 10
2026-02-10 21:38:25,284 - Factify - ERROR - Prediction error: Prediction failed
2026-02-10 21:38:25,296 - Factify - INFO - Application starting up...
2026-02-10 21:38:25,298 - Factify - INFO - Application shutting down...
2026-02-10 21:38:25,327 - Factify - INFO - Loading data from files...
2026-02-10 21:38:25,334 - Factify - INFO - Removing 1 duplicate entries
2026-02-10 21:38:25,338 - Factify - INFO - Data loaded successfully: 2 rows and 4 columns
2026-02-10 21:38:25,342 - Factify - INFO - Loading data from files...
2026-02-10 21:38:25,343 - Factify - ERROR - Error loading data: [Errno 2] No such file or directory: 'non_existent.csv'
2026-02-10 21:38:25,408 - Factify - INFO - Cleaning text data...
2026-02-10 21:38:25,411 - Factify - INFO - Text data cleaned successfully
2026-02-10 21:38:25,413 - Factify - INFO - Cleaning text data...
2026-02-10 21:38:25,413 - Factify - ERROR - Error cleaning dataframe: 'NoneType' object is not subscriptable
2026-02-10 21:38:25,433 - Factify - WARNING - Model file not found at path
2026-02-10 21:38:25,434 - Factify - WARNING - Tokenizer file not found at path
2026-02-10 21:38:25,437 - Factify - WARNING - Model file not found at bad_path
2026-02-10 21:38:25,438 - Factify - WARNING - Tokenizer file not found at bad_path
2026-02-10 21:38:25,439 - Factify - INFO - Making prediction for text: test...
2026-02-10 21:38:25,440 - Factify - INFO - Text preprocessing and padding successful
2026-02-10 21:38:25,440 - Factify - INFO - Calling model.predict on shape (1, 100) with dtype int32...
2026-02-10 21:38:25,441 - Factify - ERROR - Model prediction failed: 'NoneType' object has no attribute 'predict'
2026-02-10 21:38:25,457 - Factify - WARNING - Model file not found at p
2026-02-10 21:38:25,458 - Factify - WARNING - Tokenizer file not found at t
2026-02-10 21:38:25,459 - Factify - ERROR - Error preprocessing text for prediction: Tokenizer not loaded
2026-02-10 21:38:25,467 - Factify - WARNING - Model file not found at C:\Users\emon1\Desktop\zzz\Factify\models\saved_models\fake_news_detector.h5
2026-02-10 21:38:25,468 - Factify - WARNING - Tokenizer file not found at C:\Users\emon1\Desktop\zzz\Factify\models\saved_models\tokenizer.pickle
2026-02-10 21:38:25,471 - Factify - WARNING - Model file not found at dummy
2026-02-10 21:38:25,472 - Factify - WARNING - Tokenizer file not found at dummy
2026-02-10 21:38:25,476 - Factify - INFO - Making prediction for text: test...
2026-02-10 21:38:25,476 - Factify - INFO - Text preprocessing and padding successful
2026-02-10 21:38:25,477 - Factify - INFO - Calling model.predict on shape (1, 100) with dtype int32...
2026-02-10 21:38:25,478 - Factify - INFO - Raw prediction result: [[0.9]]
2026-02-10 21:38:25,478 - Factify - INFO - Prediction: REAL (probability: 0.9000)
2026-02-10 21:38:25,481 - Factify - WARNING - Model file not found at p
2026-02-10 21:38:25,481 - Factify - WARNING - Tokenizer file not found at t
2026-02-10 21:38:25,485 - Factify - INFO - Tokenizing texts with vocab_size=100, max_length=100...
2026-02-10 21:38:25,485 - Factify - INFO - Tokenization and padding completed successfully
2026-02-10 21:38:25,490 - Factify - INFO - Tokenizing texts with vocab_size=10000, max_length=100...
2026-02-10 21:38:25,492 - Factify - ERROR - Error in tokenization process: 'NoneType' object is not iterable
2026-02-10 21:38:25,497 - Factify - INFO - Preparing data for model training...
2026-02-10 21:38:25,498 - Factify - INFO - Tokenizing texts with vocab_size=10000, max_length=100...
2026-02-10 21:38:25,498 - Factify - INFO - Tokenization and padding completed successfully
2026-02-10 21:38:25,500 - Factify - INFO - Data prepared: X_train shape=(1, 100), X_test shape=(1, 100)
2026-02-10 21:38:25,503 - Factify - INFO - Preparing data for model training...
2026-02-10 21:38:25,504 - Factify - ERROR - Error preparing data: DataFrame must contain 'clean_text' column
2026-02-10 21:38:25,508 - Factify - INFO - Building LSTM-GRU model with vocab_size=100, embedding_dim=100...
2026-02-10 21:38:25,531 - Factify - INFO - LSTM-GRU model built successfully
2026-02-10 21:38:25,534 - Factify - INFO - Building LSTM-GRU model with vocab_size=100, embedding_dim=100...
2026-02-10 21:38:25,551 - Factify - ERROR - Error building model: Build error
2026-02-10 21:38:25,557 - Factify - INFO - Training model for 1 epochs with batch_size=64...
2026-02-10 21:38:25,561 - Factify - INFO - Model training completed successfully
2026-02-10 21:38:25,564 - Factify - INFO - Training model for 5 epochs with batch_size=64...
2026-02-10 21:38:25,565 - Factify - ERROR - Error training model: 'NoneType' object has no attribute 'fit'
2026-02-10 21:38:25,570 - Factify - INFO - Model saved to model_path.h5
2026-02-10 21:38:25,574 - Factify - ERROR - Error saving model: expected str, bytes or os.PathLike object, not NoneType
2026-02-10 21:38:25,582 - Factify - INFO - Model saved to model.h5
2026-02-10 21:38:25,584 - Factify - INFO - Tokenizer saved to tok.pickle
2026-02-10 22:10:06,012 - Factify - INFO - Loading model from C:\Users\emon1\Desktop\zzz\Factify\models\saved_models\fake_news_detector.h5
2026-02-10 22:10:06,170 - Factify - INFO - Model loaded successfully
2026-02-10 22:10:06,170 - Factify - INFO - Loading tokenizer from C:\Users\emon1\Desktop\zzz\Factify\models\saved_models\tokenizer.pickle
2026-02-10 22:10:06,359 - Factify - INFO - Tokenizer loaded successfully
2026-02-10 22:10:07,088 - Factify - INFO - Received prediction request for text length: 9
2026-02-10 22:10:07,095 - Factify - INFO - Received prediction request for text length: 10
2026-02-10 22:10:07,096 - Factify - ERROR - Prediction error: Prediction failed
2026-02-10 22:10:07,104 - Factify - INFO - Application starting up...
2026-02-10 22:10:07,105 - Factify - INFO - Application shutting down...
2026-02-10 22:10:07,159 - Factify - INFO - Loading data from files...
2026-02-10 22:10:07,169 - Factify - INFO - Removing 1 duplicate entries
2026-02-10 22:10:07,174 - Factify - INFO - Data loaded successfully: 2 rows and 4 columns
2026-02-10 22:10:07,178 - Factify - INFO - Loading data from files...
2026-02-10 22:10:07,178 - Factify - ERROR - Error loading data: [Errno 2] No such file or directory: 'non_existent.csv'
2026-02-10 22:10:07,247 - Factify - INFO - Cleaning text data...
2026-02-10 22:10:07,250 - Factify - INFO - Text data cleaned successfully
2026-02-10 22:10:07,254 - Factify - INFO - Cleaning text data...
2026-02-10 22:10:07,254 - Factify - ERROR - Error cleaning dataframe: 'NoneType' object is not subscriptable
2026-02-10 22:10:07,271 - Factify - WARNING - Model file not found at path
2026-02-10 22:10:07,272 - Factify - WARNING - Tokenizer file not found at path
2026-02-10 22:10:07,274 - Factify - WARNING - Model file not found at bad_path
2026-02-10 22:10:07,275 - Factify - WARNING - Tokenizer file not found at bad_path
2026-02-10 22:10:07,276 - Factify - INFO - Making prediction for text: test...
2026-02-10 22:10:07,277 - Factify - INFO - Text preprocessing and padding successful
2026-02-10 22:10:07,277 - Factify - INFO - Calling model.predict on shape (1, 100) with dtype int32...
2026-02-10 22:10:07,278 - Factify - ERROR - Model prediction failed: 'NoneType' object has no attribute 'predict'
2026-02-10 22:10:07,292 - Factify - WARNING - Model file not found at p
2026-02-10 22:10:07,292 - Factify - WARNING - Tokenizer file not found at t
2026-02-10 22:10:07,293 - Factify - ERROR - Error preprocessing text for prediction: Tokenizer not loaded
2026-02-10 22:10:07,301 - Factify - WARNING - Model file not found at C:\Users\emon1\Desktop\zzz\Factify\models\saved_models\fake_news_detector.h5
2026-02-10 22:10:07,301 - Factify - WARNING - Tokenizer file not found at C:\Users\emon1\Desktop\zzz\Factify\models\saved_models\tokenizer.pickle
2026-02-10 22:10:07,305 - Factify - WARNING - Model file not found at dummy
2026-02-10 22:10:07,305 - Factify - WARNING - Tokenizer file not found at dummy
2026-02-10 22:10:07,307 - Factify - INFO - Making prediction for text: test...
2026-02-10 22:10:07,308 - Factify - INFO - Text preprocessing and padding successful
2026-02-10 22:10:07,309 - Factify - INFO - Calling model.predict on shape (1, 100) with dtype int32...
2026-02-10 22:10:07,310 - Factify - INFO - Raw prediction result: [[0.9]]
2026-02-10 22:10:07,312 - Factify - INFO - Prediction: REAL (probability: 0.9000)
2026-02-10 22:10:07,320 - Factify - WARNING - Model file not found at p
2026-02-10 22:10:07,321 - Factify - WARNING - Tokenizer file not found at t
2026-02-10 22:10:07,326 - Factify - INFO - Tokenizing texts with vocab_size=100, max_length=100...
2026-02-10 22:10:07,327 - Factify - INFO - Tokenization and padding completed successfully
2026-02-10 22:10:07,331 - Factify - INFO - Tokenizing texts with vocab_size=10000, max_length=100...
2026-02-10 22:10:07,332 - Factify - ERROR - Error in tokenization process: 'NoneType' object is not iterable
2026-02-10 22:10:07,336 - Factify - INFO - Preparing data for model training...
2026-02-10 22:10:07,337 - Factify - INFO - Tokenizing texts with vocab_size=10000, max_length=100...
2026-02-10 22:10:07,338 - Factify - INFO - Tokenization and padding completed successfully
2026-02-10 22:10:07,340 - Factify - INFO - Data prepared: X_train shape=(1, 100), X_test shape=(1, 100)
2026-02-10 22:10:07,345 - Factify - INFO - Preparing data for model training...
2026-02-10 22:10:07,346 - Factify - ERROR - Error preparing data: DataFrame must contain 'clean_text' column
2026-02-10 22:10:07,348 - Factify - INFO - Building LSTM-GRU model with vocab_size=100, embedding_dim=100...
2026-02-10 22:10:07,371 - Factify - INFO - LSTM-GRU model built successfully
2026-02-10 22:10:07,374 - Factify - INFO - Building LSTM-GRU model with vocab_size=100, embedding_dim=100...
2026-02-10 22:10:07,388 - Factify - ERROR - Error building model: Build error
2026-02-10 22:10:07,393 - Factify - INFO - Training model for 1 epochs with batch_size=64...
2026-02-10 22:10:07,394 - Factify - INFO - Model training completed successfully
2026-02-10 22:10:07,397 - Factify - INFO - Training model for 5 epochs with batch_size=64...
2026-02-10 22:10:07,398 - Factify - ERROR - Error training model: 'NoneType' object has no attribute 'fit'
2026-02-10 22:10:07,402 - Factify - INFO - Model saved to model_path.h5
2026-02-10 22:10:07,405 - Factify - ERROR - Error saving model: expected str, bytes or os.PathLike object, not NoneType
2026-02-10 22:10:07,415 - Factify - INFO - Model saved to model.h5
2026-02-10 22:10:07,416 - Factify - INFO - Tokenizer saved to tok.pickle
2026-02-10 23:06:06,189 - Factify - INFO - Application shutting down...
2026-02-10 23:06:13,348 - Factify - INFO - Loading model from C:\Users\emon1\Desktop\zzz\Factify\models\saved_models\fake_news_detector.h5
2026-02-10 23:06:13,456 - Factify - INFO - Model loaded successfully
2026-02-10 23:06:13,456 - Factify - INFO - Loading tokenizer from C:\Users\emon1\Desktop\zzz\Factify\models\saved_models\tokenizer.pickle
2026-02-10 23:06:13,673 - Factify - INFO - Tokenizer loaded successfully
2026-02-10 23:06:13,700 - Factify - INFO - Application starting up...
2026-02-10 23:12:00,370 - Factify - INFO - Loading model from C:\Users\emon1\Desktop\zzz\Factify\models\saved_models\fake_news_detector.h5
2026-02-10 23:12:00,532 - Factify - INFO - Model loaded successfully
2026-02-10 23:12:00,533 - Factify - INFO - Loading tokenizer from C:\Users\emon1\Desktop\zzz\Factify\models\saved_models\tokenizer.pickle
2026-02-10 23:12:00,755 - Factify - INFO - Tokenizer loaded successfully
2026-02-10 23:12:00,763 - Factify - INFO - Application starting up...
2026-02-10 23:12:47,344 - Factify - INFO - Application shutting down...
2026-02-10 23:12:53,757 - Factify - INFO - Loading model from C:\Users\emon1\Desktop\zzz\Factify\models\saved_models\fake_news_detector.h5
2026-02-10 23:12:53,860 - Factify - INFO - Model loaded successfully
2026-02-10 23:12:53,861 - Factify - INFO - Loading tokenizer from C:\Users\emon1\Desktop\zzz\Factify\models\saved_models\tokenizer.pickle
2026-02-10 23:12:54,072 - Factify - INFO - Tokenizer loaded successfully
2026-02-10 23:12:54,077 - Factify - INFO - Application starting up...
2026-02-10 23:12:54,078 - Factify - INFO - Application shutting down...
2026-02-10 23:12:59,466 - Factify - INFO - Loading model from C:\Users\emon1\Desktop\zzz\Factify\models\saved_models\fake_news_detector.h5
2026-02-10 23:12:59,572 - Factify - INFO - Model loaded successfully
2026-02-10 23:12:59,573 - Factify - INFO - Loading tokenizer from C:\Users\emon1\Desktop\zzz\Factify\models\saved_models\tokenizer.pickle
2026-02-10 23:12:59,746 - Factify - INFO - Tokenizer loaded successfully
2026-02-10 23:12:59,751 - Factify - INFO - Application starting up...
2026-02-10 23:16:08,401 - Factify - INFO - Application shutting down...
2026-02-10 23:16:13,645 - Factify - INFO - Loading model from C:\Users\emon1\Desktop\zzz\Factify\models\saved_models\fake_news_detector.h5
2026-02-10 23:16:13,744 - Factify - INFO - Model loaded successfully
2026-02-10 23:16:13,745 - Factify - INFO - Loading tokenizer from C:\Users\emon1\Desktop\zzz\Factify\models\saved_models\tokenizer.pickle
2026-02-10 23:16:13,919 - Factify - INFO - Tokenizer loaded successfully
2026-02-10 23:16:13,924 - Factify - INFO - Application starting up...
2026-02-10 23:16:13,925 - Factify - INFO - Application shutting down...
2026-02-10 23:16:19,169 - Factify - INFO - Loading model from C:\Users\emon1\Desktop\zzz\Factify\models\saved_models\fake_news_detector.h5
2026-02-10 23:16:19,271 - Factify - INFO - Model loaded successfully
2026-02-10 23:16:19,271 - Factify - INFO - Loading tokenizer from C:\Users\emon1\Desktop\zzz\Factify\models\saved_models\tokenizer.pickle
2026-02-10 23:16:19,441 - Factify - INFO - Tokenizer loaded successfully
2026-02-10 23:16:19,446 - Factify - INFO - Application starting up...
2026-02-10 23:26:14,750 - Factify - INFO - Application shutting down...
2026-02-10 23:26:27,312 - Factify - INFO - Loading model from C:\Users\emon1\Desktop\zzz\Factify\models\saved_models\fake_news_detector.h5
2026-02-10 23:26:27,447 - Factify - INFO - Model loaded successfully
2026-02-10 23:26:27,448 - Factify - INFO - Loading tokenizer from C:\Users\emon1\Desktop\zzz\Factify\models\saved_models\tokenizer.pickle
2026-02-10 23:26:27,642 - Factify - INFO - Tokenizer loaded successfully
2026-02-10 23:26:27,648 - Factify - INFO - Application starting up...
2026-02-10 23:35:12,358 - Factify - INFO - Loading model from C:\Users\emon1\Desktop\zzz\Factify\models\saved_models\fake_news_detector.h5
2026-02-10 23:35:12,462 - Factify - INFO - Model loaded successfully
2026-02-10 23:35:12,463 - Factify - INFO - Loading tokenizer from C:\Users\emon1\Desktop\zzz\Factify\models\saved_models\tokenizer.pickle
2026-02-10 23:35:12,638 - Factify - INFO - Tokenizer loaded successfully
2026-02-10 23:35:12,644 - Factify - INFO - Application starting up...
2026-02-10 23:46:55,150 - Factify - INFO - Application shutting down...
2026-02-10 23:47:00,872 - Factify - INFO - Loading model from C:\Users\emon1\Desktop\zzz\Factify\models\saved_models\fake_news_detector.h5
2026-02-10 23:47:00,983 - Factify - INFO - Model loaded successfully
2026-02-10 23:47:00,984 - Factify - INFO - Loading tokenizer from C:\Users\emon1\Desktop\zzz\Factify\models\saved_models\tokenizer.pickle
2026-02-10 23:47:01,161 - Factify - INFO - Tokenizer loaded successfully
2026-02-10 23:47:01,166 - Factify - INFO - Application starting up...
2026-02-10 23:47:01,167 - Factify - INFO - Application shutting down...
2026-02-10 23:47:07,024 - Factify - INFO - Loading model from C:\Users\emon1\Desktop\zzz\Factify\models\saved_models\fake_news_detector.h5
2026-02-10 23:47:07,126 - Factify - INFO - Model loaded successfully
2026-02-10 23:47:07,126 - Factify - INFO - Loading tokenizer from C:\Users\emon1\Desktop\zzz\Factify\models\saved_models\tokenizer.pickle
2026-02-10 23:47:07,304 - Factify - INFO - Tokenizer loaded successfully
2026-02-10 23:47:07,309 - Factify - INFO - Application starting up...
2026-02-11 00:50:35,814 - Factify - INFO - Loading model from C:\Users\emon1\Desktop\zzz\Factify\models\saved_models\fake_news_detector.h5
2026-02-11 00:50:36,233 - Factify - INFO - Model loaded successfully
2026-02-11 00:50:36,233 - Factify - INFO - Loading tokenizer from C:\Users\emon1\Desktop\zzz\Factify\models\saved_models\tokenizer.pickle
2026-02-11 00:50:36,417 - Factify - INFO - Tokenizer loaded successfully
2026-02-11 00:50:38,066 - Factify - INFO - Received prediction request for text length: 9
2026-02-11 00:50:38,077 - Factify - INFO - Received prediction request for text length: 10
2026-02-11 00:50:38,077 - Factify - ERROR - Prediction error: Prediction failed
2026-02-11 00:50:38,089 - Factify - INFO - Application starting up...
2026-02-11 00:50:38,091 - Factify - INFO - Application shutting down...
2026-02-11 00:50:38,145 - Factify - INFO - Loading data from files...
2026-02-11 00:50:38,249 - Factify - INFO - Removing 1 duplicate entries
2026-02-11 00:50:38,302 - Factify - INFO - Data loaded successfully: 2 rows and 4 columns
2026-02-11 00:50:38,312 - Factify - INFO - Loading data from files...
2026-02-11 00:50:38,312 - Factify - ERROR - Error loading data: [Errno 2] No such file or directory: 'non_existent.csv'
2026-02-11 00:50:38,369 - Factify - INFO - Cleaning text data...
2026-02-11 00:50:38,372 - Factify - INFO - Text data cleaned successfully
2026-02-11 00:50:38,374 - Factify - INFO - Cleaning text data...
2026-02-11 00:50:38,375 - Factify - ERROR - Error cleaning dataframe: 'NoneType' object is not subscriptable
2026-02-11 00:50:38,393 - Factify - WARNING - Model file not found at path
2026-02-11 00:50:38,393 - Factify - WARNING - Tokenizer file not found at path
2026-02-11 00:50:38,396 - Factify - WARNING - Model file not found at bad_path
2026-02-11 00:50:38,397 - Factify - WARNING - Tokenizer file not found at bad_path
2026-02-11 00:50:38,398 - Factify - INFO - Making prediction for text: test...
2026-02-11 00:50:38,398 - Factify - INFO - Text preprocessing and padding successful
2026-02-11 00:50:38,399 - Factify - INFO - Calling model.predict on shape (1, 100) with dtype int32...
2026-02-11 00:50:38,399 - Factify - ERROR - Model prediction failed: 'NoneType' object has no attribute 'predict'
2026-02-11 00:50:38,412 - Factify - WARNING - Model file not found at p
2026-02-11 00:50:38,412 - Factify - WARNING - Tokenizer file not found at t
2026-02-11 00:50:38,413 - Factify - ERROR - Error preprocessing text for prediction: Tokenizer not loaded
2026-02-11 00:50:38,422 - Factify - WARNING - Model file not found at C:\Users\emon1\Desktop\zzz\Factify\models\saved_models\fake_news_detector.h5
2026-02-11 00:50:38,423 - Factify - WARNING - Tokenizer file not found at C:\Users\emon1\Desktop\zzz\Factify\models\saved_models\tokenizer.pickle
2026-02-11 00:50:38,427 - Factify - WARNING - Model file not found at dummy
2026-02-11 00:50:38,428 - Factify - WARNING - Tokenizer file not found at dummy
2026-02-11 00:50:38,431 - Factify - INFO - Making prediction for text: test...
2026-02-11 00:50:38,432 - Factify - INFO - Text preprocessing and padding successful
2026-02-11 00:50:38,433 - Factify - INFO - Calling model.predict on shape (1, 100) with dtype int32...
2026-02-11 00:50:38,436 - Factify - INFO - Raw prediction result: [[0.9]]
2026-02-11 00:50:38,436 - Factify - INFO - Prediction: REAL (probability: 0.9000)
2026-02-11 00:50:38,440 - Factify - WARNING - Model file not found at p
2026-02-11 00:50:38,441 - Factify - WARNING - Tokenizer file not found at t
2026-02-11 00:50:38,445 - Factify - INFO - Tokenizing texts with vocab_size=100, max_length=100...
2026-02-11 00:50:38,445 - Factify - INFO - Tokenization and padding completed successfully
2026-02-11 00:50:38,449 - Factify - INFO - Tokenizing texts with vocab_size=10000, max_length=100...
2026-02-11 00:50:38,449 - Factify - ERROR - Error in tokenization process: 'NoneType' object is not iterable
2026-02-11 00:50:38,452 - Factify - INFO - Preparing data for model training...
2026-02-11 00:50:38,453 - Factify - INFO - Tokenizing texts with vocab_size=10000, max_length=100...
2026-02-11 00:50:38,454 - Factify - INFO - Tokenization and padding completed successfully
2026-02-11 00:50:38,460 - Factify - INFO - Data prepared: X_train shape=(1, 100), X_test shape=(1, 100)
2026-02-11 00:50:38,463 - Factify - INFO - Preparing data for model training...
2026-02-11 00:50:38,463 - Factify - ERROR - Error preparing data: DataFrame must contain 'clean_text' column
2026-02-11 00:50:38,465 - Factify - INFO - Building LSTM-GRU model with vocab_size=100, embedding_dim=100...
2026-02-11 00:50:38,488 - Factify - INFO - LSTM-GRU model built successfully
2026-02-11 00:50:38,492 - Factify - INFO - Building LSTM-GRU model with vocab_size=100, embedding_dim=100...
2026-02-11 00:50:38,506 - Factify - ERROR - Error building model: Build error
2026-02-11 00:50:38,513 - Factify - INFO - Training model for 1 epochs with batch_size=64...
2026-02-11 00:50:38,514 - Factify - INFO - Model training completed successfully
2026-02-11 00:50:38,517 - Factify - INFO - Training model for 5 epochs with batch_size=64...
2026-02-11 00:50:38,517 - Factify - ERROR - Error training model: 'NoneType' object has no attribute 'fit'
2026-02-11 00:50:38,522 - Factify - INFO - Model saved to model_path.h5
2026-02-11 00:50:38,524 - Factify - ERROR - Error saving model: expected str, bytes or os.PathLike object, not NoneType
2026-02-11 00:50:38,534 - Factify - INFO - Model saved to model.h5
2026-02-11 00:50:38,536 - Factify - INFO - Tokenizer saved to tok.pickle
2026-02-11 00:57:02,217 - Factify - INFO - Loading model from C:\Users\emon1\Desktop\zzz\Factify\models\saved_models\fake_news_detector.h5
2026-02-11 00:57:03,059 - Factify - INFO - Model loaded successfully
2026-02-11 00:57:03,060 - Factify - INFO - Loading tokenizer from C:\Users\emon1\Desktop\zzz\Factify\models\saved_models\tokenizer.pickle
2026-02-11 00:57:03,275 - Factify - INFO - Tokenizer loaded successfully
2026-02-11 00:57:04,095 - Factify - INFO - Received prediction request for text length: 9
2026-02-11 00:57:04,103 - Factify - INFO - Received prediction request for text length: 10
2026-02-11 00:57:04,104 - Factify - ERROR - Prediction error: Prediction failed
2026-02-11 00:57:04,113 - Factify - INFO - Application starting up...
2026-02-11 00:57:04,115 - Factify - INFO - Application shutting down...
2026-02-11 00:57:04,143 - Factify - INFO - Loading data from files...
2026-02-11 00:57:04,151 - Factify - INFO - Removing 1 duplicate entries
2026-02-11 00:57:04,155 - Factify - INFO - Data loaded successfully: 2 rows and 4 columns
2026-02-11 00:57:04,159 - Factify - INFO - Loading data from files...
2026-02-11 00:57:04,160 - Factify - ERROR - Error loading data: [Errno 2] No such file or directory: 'non_existent.csv'
2026-02-11 00:57:04,234 - Factify - INFO - Cleaning text data...
2026-02-11 00:57:04,238 - Factify - INFO - Text data cleaned successfully
2026-02-11 00:57:04,241 - Factify - INFO - Cleaning text data...
2026-02-11 00:57:04,242 - Factify - ERROR - Error cleaning dataframe: 'NoneType' object is not subscriptable
2026-02-11 00:57:04,261 - Factify - WARNING - Model file not found at path
2026-02-11 00:57:04,262 - Factify - WARNING - Tokenizer file not found at path
2026-02-11 00:57:04,265 - Factify - WARNING - Model file not found at bad_path
2026-02-11 00:57:04,265 - Factify - WARNING - Tokenizer file not found at bad_path
2026-02-11 00:57:04,267 - Factify - INFO - Making prediction for text: test...
2026-02-11 00:57:04,268 - Factify - INFO - Text preprocessing and padding successful
2026-02-11 00:57:04,268 - Factify - INFO - Calling model.predict on shape (1, 100) with dtype int32...
2026-02-11 00:57:04,269 - Factify - ERROR - Model prediction failed: 'NoneType' object has no attribute 'predict'
2026-02-11 00:57:04,285 - Factify - WARNING - Model file not found at p
2026-02-11 00:57:04,285 - Factify - WARNING - Tokenizer file not found at t
2026-02-11 00:57:04,286 - Factify - ERROR - Error preprocessing text for prediction: Tokenizer not loaded
2026-02-11 00:57:04,294 - Factify - WARNING - Model file not found at C:\Users\emon1\Desktop\zzz\Factify\models\saved_models\fake_news_detector.h5
2026-02-11 00:57:04,295 - Factify - WARNING - Tokenizer file not found at C:\Users\emon1\Desktop\zzz\Factify\models\saved_models\tokenizer.pickle
2026-02-11 00:57:04,298 - Factify - WARNING - Model file not found at dummy
2026-02-11 00:57:04,299 - Factify - WARNING - Tokenizer file not found at dummy
2026-02-11 00:57:04,303 - Factify - INFO - Making prediction for text: test...
2026-02-11 00:57:04,304 - Factify - INFO - Text preprocessing and padding successful
2026-02-11 00:57:04,304 - Factify - INFO - Calling model.predict on shape (1, 100) with dtype int32...
2026-02-11 00:57:04,305 - Factify - INFO - Raw prediction result: [[0.9]]
2026-02-11 00:57:04,306 - Factify - INFO - Prediction: REAL (probability: 0.9000)
2026-02-11 00:57:04,309 - Factify - WARNING - Model file not found at p
2026-02-11 00:57:04,310 - Factify - WARNING - Tokenizer file not found at t
2026-02-11 00:57:04,316 - Factify - INFO - Tokenizing texts with vocab_size=100, max_length=100...
2026-02-11 00:57:04,317 - Factify - INFO - Tokenization and padding completed successfully
2026-02-11 00:57:04,320 - Factify - INFO - Tokenizing texts with vocab_size=10000, max_length=100...
2026-02-11 00:57:04,320 - Factify - ERROR - Error in tokenization process: 'NoneType' object is not iterable
2026-02-11 00:57:04,323 - Factify - INFO - Preparing data for model training...
2026-02-11 00:57:04,324 - Factify - INFO - Tokenizing texts with vocab_size=10000, max_length=100...
2026-02-11 00:57:04,325 - Factify - INFO - Tokenization and padding completed successfully
2026-02-11 00:57:04,326 - Factify - INFO - Data prepared: X_train shape=(1, 100), X_test shape=(1, 100)
2026-02-11 00:57:04,330 - Factify - INFO - Preparing data for model training...
2026-02-11 00:57:04,331 - Factify - ERROR - Error preparing data: DataFrame must contain 'clean_text' column
2026-02-11 00:57:04,335 - Factify - INFO - Building LSTM-GRU model with vocab_size=100, embedding_dim=100...
2026-02-11 00:57:04,365 - Factify - INFO - LSTM-GRU model built successfully
2026-02-11 00:57:04,370 - Factify - INFO - Building LSTM-GRU model with vocab_size=100, embedding_dim=100...
2026-02-11 00:57:04,393 - Factify - ERROR - Error building model: Build error
2026-02-11 00:57:04,401 - Factify - INFO - Training model for 1 epochs with batch_size=64...
2026-02-11 00:57:04,402 - Factify - INFO - Model training completed successfully
2026-02-11 00:57:04,405 - Factify - INFO - Training model for 5 epochs with batch_size=64...
2026-02-11 00:57:04,406 - Factify - ERROR - Error training model: 'NoneType' object has no attribute 'fit'
2026-02-11 00:57:04,411 - Factify - INFO - Model saved to model_path.h5
2026-02-11 00:57:04,414 - Factify - ERROR - Error saving model: expected str, bytes or os.PathLike object, not NoneType
2026-02-11 00:57:04,429 - Factify - INFO - Model saved to model.h5
2026-02-11 00:57:04,431 - Factify - INFO - Tokenizer saved to tok.pickle
2026-02-11 01:28:54,863 - Factify - INFO - Application shutting down...
2026-02-11 01:29:00,827 - Factify - INFO - Loading model from C:\Users\emon1\Desktop\zzz\Factify\models\saved_models\fake_news_detector.h5
2026-02-11 01:29:00,936 - Factify - INFO - Model loaded successfully
2026-02-11 01:29:00,937 - Factify - INFO - Loading tokenizer from C:\Users\emon1\Desktop\zzz\Factify\models\saved_models\tokenizer.pickle
2026-02-11 01:29:01,112 - Factify - INFO - Tokenizer loaded successfully
2026-02-11 01:29:01,117 - Factify - INFO - Application starting up...
